# Blender 4.1.1
# www.blender.org
mtllib CoffeeMaker.mtl
o Cylinder.036
v -61.958874 -0.321094 -1.235650
v -61.857105 -0.964041 -0.877266
v -61.928368 -0.694025 -1.142948
v -61.925629 -1.063829 -0.487411
v -61.575687 -0.325048 -1.256700
v -61.332588 -0.325048 -1.211530
v -61.508171 -0.964041 -0.876945
v -61.471363 -0.701679 -1.143345
v -60.982536 -0.321094 -1.054238
v -61.148655 -0.693725 -1.031674
v -60.647259 -0.329049 -0.727153
v -61.141304 -0.963389 -0.721545
v -60.872368 -0.701315 -0.833422
v -61.352715 -1.063028 -0.422666
v -60.665615 -0.693725 -0.560692
v -60.481167 -0.325048 -0.381362
v -60.866474 -0.964041 -0.363751
v -60.417473 -0.321094 -0.002920
v -60.538044 -0.692151 -0.227035
v -60.788822 -0.963307 -0.025717
v -60.471916 -0.325048 0.350858
v -60.538052 -0.694409 0.214212
v -60.629208 -0.321094 0.700910
v -60.847057 -0.963749 0.317230
v -60.651772 -0.693725 0.534791
v -61.156597 -1.063735 0.162918
v -60.956291 -0.329049 1.036187
v -60.844288 -0.696133 0.807507
v -61.079140 -0.963852 0.671193
v -61.302082 -0.325048 1.202276
v -61.209541 -0.691728 1.067169
v -61.680527 -0.321094 1.265971
v -61.554939 -0.693725 1.154919
v -61.548904 -0.964202 0.890825
v -62.034302 -0.325048 1.211530
v -61.898853 -0.695787 1.144681
v -61.668068 -1.063567 0.542225
v -62.384354 -0.321094 1.054238
v -62.009869 -0.964152 0.834609
v -62.218235 -0.693725 1.031674
v -62.648262 -0.325048 0.812424
v -62.299026 -0.964041 0.648703
v -62.494522 -0.701315 0.833422
v -62.087448 -1.062445 0.340191
v -62.856148 -0.325067 0.479030
v -62.701275 -0.693725 0.560692
v -62.500416 -0.964041 0.363751
v -62.218643 -1.062744 -0.034754
v -62.949417 -0.321094 0.002920
v -62.828846 -0.692151 0.227035
v -62.578068 -0.963307 0.025717
v -62.894974 -0.325048 -0.350858
v -62.828125 -0.695787 -0.215407
v -62.737682 -0.321094 -0.700909
v -62.518730 -0.963740 -0.325878
v -62.667225 -0.691754 -0.632702
v -62.400517 -0.333320 -1.044358
v -62.246449 -0.963764 -0.704361
v -62.340542 -0.695787 -0.961727
v -61.983654 1.057896 -0.946434
v -62.255402 1.026060 -0.833009
v -62.378563 1.057897 -0.701965
v -62.470379 1.026047 -0.629346
v -62.626717 1.024775 -0.369873
v -62.594303 1.057864 -0.382530
v -62.663555 1.057814 -0.084041
v -62.693829 1.026060 0.012769
v -62.643925 1.026047 0.304664
v -62.629875 1.057902 0.300208
v -62.511662 1.027374 0.580108
v -62.385410 1.057897 0.695118
v -62.235260 1.023381 0.848877
v -62.013458 1.041265 0.951612
v -61.846859 1.057864 0.974315
v -61.670677 1.026060 1.010383
v -61.378780 1.026047 0.960479
v -61.383236 1.057896 0.946434
v -61.111488 1.026060 0.833009
v -60.988327 1.057897 0.701965
v -60.896511 1.026047 0.629347
v -60.810104 1.057814 0.452716
v -60.743225 1.023381 0.375604
v -60.709129 1.057864 0.163414
v -60.672279 1.027374 -0.003345
v -60.722965 1.026047 -0.304664
v -60.737015 1.057902 -0.300208
v -60.855228 1.027375 -0.580107
v -60.981480 1.057897 -0.695118
v -61.131630 1.023381 -0.848877
v -61.230728 1.057814 -0.873342
v -61.403152 1.026047 -0.967871
v -61.520031 1.057864 -0.974315
v -61.696213 1.026060 -1.010383
v -61.988110 1.026047 -0.960479
v -61.974613 0.925051 -0.917931
v -61.789745 0.925252 -0.955371
v -61.605263 0.928138 -0.959771
v -61.415466 0.925201 -0.923926
v -61.236683 0.922092 -0.852250
v -61.075546 0.925184 -0.745821
v -60.944637 0.927358 -0.616062
v -60.843338 0.923079 -0.467563
v -60.765514 0.925051 -0.291168
v -60.728073 0.925252 -0.106302
v -60.723675 0.928138 0.078181
v -60.759518 0.925201 0.267979
v -60.831196 0.922092 0.446761
v -60.937626 0.925184 0.607900
v -61.067383 0.927358 0.738808
v -61.215881 0.923079 0.840105
v -61.392277 0.925051 0.917931
v -61.581669 0.927358 0.956562
v -61.766026 0.925201 0.958453
v -61.951424 0.925201 0.923926
v -62.130207 0.922092 0.852251
v -62.291344 0.925185 0.745821
v -62.425167 0.925185 0.612895
v -62.528244 0.927358 0.460091
v -62.601986 0.922093 0.286724
v -62.640007 0.927358 0.101777
v -62.641899 0.925201 -0.082580
v -62.607372 0.925201 -0.267978
v -62.535694 0.922092 -0.446761
v -62.429264 0.925184 -0.607900
v -62.299507 0.927358 -0.738808
v -62.151009 0.923079 -0.840105
v -61.927227 0.945920 -0.997546
v -61.838402 1.440812 -0.869694
v -61.478664 0.945269 -1.003760
v -61.525890 1.440779 -0.867381
v -61.110130 0.945268 -0.848988
v -61.200619 1.440722 -0.734070
v -60.828876 0.945269 -0.564966
v -60.958717 1.440723 -0.492975
v -60.677723 0.945269 -0.194933
v -60.827457 1.440725 -0.177607
v -60.679684 0.945269 0.204778
v -60.826881 1.440727 0.164060
v -60.834454 0.945275 0.573309
v -60.955746 1.440741 0.477361
v -61.026436 0.945213 0.780249
v -61.125187 1.440812 0.660487
v -61.375034 0.945268 0.972279
v -61.422657 1.440812 0.824355
v -61.652534 0.945269 1.023967
v -61.671391 1.440825 0.868109
v -62.046745 0.945269 0.957850
v -62.007290 1.440838 0.806835
v -62.320522 0.945268 0.796601
v -62.517670 0.945269 0.594584
v -62.293674 1.440838 0.621938
v -62.681705 0.945269 0.230078
v -62.487446 1.440839 0.341569
v -62.693764 0.945269 -0.169455
v -62.559166 1.440839 0.008452
v -62.551945 0.945266 -0.543274
v -62.496033 1.440734 -0.330271
v -62.344162 1.440812 -0.581944
v -62.365425 0.945373 -0.755778
v -62.312317 1.440812 -1.053081
v -62.076385 0.945287 -0.938746
v -62.213463 1.440414 -1.194617
v -62.098301 1.447142 -1.307795
v -61.713909 1.448088 -1.020934
v -61.400425 1.447038 -0.978005
v -61.141464 1.446986 -0.867009
v -60.851051 1.446986 -0.593581
v -60.687382 1.446987 -0.229829
v -60.675369 1.446988 0.168868
v -60.816849 1.446988 0.541810
v -61.027939 1.447038 0.778327
v -61.375809 1.447038 0.969958
v -61.688522 1.446988 1.021992
v -62.079357 1.446988 0.942281
v -62.409935 1.446987 0.719073
v -62.629929 1.446987 0.386349
v -62.705853 1.446986 -0.005235
v -62.661285 1.447038 -0.283435
v -62.534222 1.447771 -0.564375
v -62.446274 1.447087 -1.116105
v -62.309780 1.446169 -1.318234
v -61.821037 1.073912 -0.733137
v -62.068516 1.073912 -0.975040
v -61.579517 1.073894 -0.731346
v -61.320171 1.073888 -0.633080
v -61.118126 1.073877 -0.443045
v -61.004139 1.073893 -0.190118
v -60.995632 1.073885 0.087238
v -61.110168 1.073786 0.377617
v -61.355324 1.073912 0.590076
v -61.582119 1.073847 0.669020
v -61.839294 1.073879 0.666592
v -62.095142 1.073890 0.559030
v -62.290283 1.073878 0.361759
v -62.395065 1.073899 0.104889
v -62.378769 1.073831 -0.251654
v -62.232426 1.073912 -0.499081
v -62.206520 1.073912 -0.882304
v -62.146793 1.073870 -0.990255
v -60.737469 0.949518 1.304812
v -61.083702 0.949505 1.501938
v -60.622997 1.455242 1.502472
v -61.329613 1.395980 0.783727
v -61.219685 1.393576 0.727331
v -60.776836 1.397962 1.611808
v -60.696159 -0.084767 1.431702
v -60.971336 1.452135 1.699872
v -61.042599 -0.084737 1.587547
v -60.978428 -0.083074 1.682377
v -60.630787 -0.083086 1.537851
v -60.409595 -0.247244 0.013833
v -60.436771 -0.247244 0.262083
v -60.511856 -0.247244 0.500262
v -60.631962 -0.247244 0.719215
v -60.792480 -0.247244 0.910529
v -60.987232 -0.247244 1.066853
v -61.208744 -0.247244 1.182177
v -61.448498 -0.247244 1.252072
v -61.697277 -0.247244 1.273850
v -61.945530 -0.247244 1.246674
v -62.183708 -0.247244 1.171590
v -62.402660 -0.247244 1.051482
v -62.593975 -0.247244 0.890966
v -62.750298 -0.247244 0.696211
v -62.865623 -0.247244 0.474701
v -62.935516 -0.247244 0.234948
v -62.957294 -0.247244 -0.013833
v -62.930119 -0.247244 -0.262083
v -62.855034 -0.247244 -0.500262
v -62.734928 -0.247244 -0.719215
v -62.574409 -0.247244 -0.910529
v -62.379658 -0.247244 -1.066853
v -62.158146 -0.247244 -1.182177
v -61.918392 -0.247244 -1.252072
v -61.669613 -0.247244 -1.273850
v -61.421360 -0.247244 -1.246674
v -61.183182 -0.247244 -1.171590
v -60.964230 -0.247244 -1.051482
v -60.772915 -0.247244 -0.890966
v -60.616592 -0.247244 -0.696211
v -60.501266 -0.247244 -0.474701
v -60.431374 -0.247244 -0.234948
v -60.700314 0.783997 0.010676
v -60.721287 0.783997 0.202271
v -60.779236 0.783997 0.386092
v -60.871933 0.783997 0.555076
v -60.995815 0.783997 0.702729
v -61.146122 0.783997 0.823376
v -61.317081 0.783997 0.912382
v -61.502117 0.783997 0.966325
v -61.694122 0.783997 0.983133
v -61.885715 0.783997 0.962159
v -62.069538 0.783997 0.904211
v -62.238522 0.783997 0.811514
v -62.386173 0.783997 0.687631
v -62.506821 0.783997 0.537322
v -62.595825 0.783997 0.366365
v -62.649769 0.783997 0.181329
v -62.666576 0.783997 -0.010676
v -62.645603 0.783997 -0.202271
v -62.587654 0.783997 -0.386092
v -62.494957 0.783997 -0.555076
v -62.371075 0.783997 -0.702729
v -62.220768 0.783997 -0.823376
v -62.049809 0.783997 -0.912382
v -61.864773 0.783997 -0.966325
v -61.672768 0.783997 -0.983133
v -61.481174 0.783997 -0.962159
v -61.297352 0.783997 -0.904211
v -61.128368 0.783997 -0.811513
v -60.980717 0.783997 -0.687631
v -60.860069 0.783997 -0.537322
v -60.771065 0.783997 -0.366365
v -60.717121 0.783997 -0.181329
v -61.749290 -0.249723 -1.191532
v -61.873528 -0.850648 -0.826546
v -61.931881 -0.600658 -1.075117
v -61.619900 -0.596646 -1.089534
v -61.290577 -0.249745 -1.114590
v -61.545033 -0.850678 -0.824905
v -61.292622 -0.594832 -1.015086
v -60.879620 -0.249733 -0.855049
v -61.209927 -0.850809 -0.682301
v -60.951839 -0.602208 -0.786695
v -60.609776 -0.249745 -0.450783
v -60.755508 -0.596646 -0.527634
v -60.523155 -0.249725 -0.015043
v -60.902756 -0.850923 -0.265311
v -60.642918 -0.601780 -0.230629
v -60.623791 -0.596646 0.093423
v -60.598736 -0.249745 0.422748
v -60.905212 -0.850811 0.261189
v -60.698238 -0.594832 0.420701
v -60.786362 -0.249706 0.741334
v -61.055912 -0.249732 0.994404
v -61.111439 -0.850661 0.586859
v -60.929775 -0.603489 0.764156
v -61.466381 -0.249739 1.164362
v -61.367813 -0.850655 0.767756
v -61.269386 -0.600893 1.003101
v -61.592396 -0.596646 1.086824
v -61.814728 -0.249706 1.182603
v -61.687923 -0.850667 0.841523
v -62.174900 -0.249745 1.099077
v -61.928570 -0.595317 1.077505
v -62.011894 -0.850667 0.787186
v -62.560368 -0.249728 0.838781
v -62.312851 -0.598613 0.917595
v -62.549801 -0.596646 0.704355
v -62.816872 -0.249745 0.450781
v -62.345295 -0.850846 0.568606
v -62.717567 -0.594765 0.445973
v -62.892986 -0.249706 0.131257
v -62.883560 -0.249725 -0.217440
v -62.553215 -0.850863 0.122290
v -62.809826 -0.601322 0.027176
v -62.763695 -0.596646 -0.304188
v -62.767101 -0.249706 -0.546250
v -62.500511 -0.850667 -0.298571
v -62.552105 -0.249732 -0.847043
v -62.630920 -0.598613 -0.599528
v -62.182678 -0.249739 -1.093815
v -62.269417 -0.850944 -0.646745
v -62.337776 -0.596859 -0.905569
vn 0.0974 -0.8615 -0.4983
vn -0.0694 -0.9878 -0.1396
vn -0.1019 -0.8551 -0.5084
vn 0.0957 -0.9883 -0.1192
vn 0.3153 -0.8542 -0.4135
vn 0.8554 -0.4915 -0.1636
vn 0.4601 -0.8622 -0.2120
vn 0.7603 -0.4984 -0.4166
vn 0.8557 -0.4947 0.1519
vn 0.5141 -0.8575 -0.0192
vn 0.4850 -0.8530 0.1927
vn 0.1502 -0.9876 0.0459
vn 0.6232 -0.7087 0.3306
vn 0.3393 -0.8570 0.3879
vn 0.0094 -0.9879 0.1547
vn 0.0829 -0.8541 0.5134
vn -0.1236 -0.7124 0.6908
vn 0.0980 -0.4909 0.8657
vn -0.1828 -0.8584 0.4792
vn -0.8571 -0.4890 0.1620
vn -0.4688 -0.8578 0.2105
vn -0.7579 -0.4968 0.4228
vn -0.8538 -0.4947 -0.1619
vn -0.5179 -0.8553 0.0162
vn -0.4727 -0.8589 -0.1971
vn -0.1521 -0.9883 -0.0146
vn -0.4890 -0.4892 -0.7222
vn -0.3298 -0.8526 -0.4054
vn -0.7300 -0.4871 -0.4794
vn -0.4353 0.8633 -0.2555
vn -0.3957 0.8553 -0.3345
vn -0.2163 0.9712 0.1000
vn 0.2953 -0.9418 -0.1607
vn 0.8280 -0.3353 -0.4495
vn -0.9247 -0.3371 0.1770
vn -0.0683 0.8401 -0.5382
vn 0.3754 0.6186 0.6902
vn 0.5943 -0.7219 -0.3546
vn 0.7764 -0.5752 0.2576
vn -0.7814 -0.5942 -0.1905
vn 0.2743 -0.7015 -0.6578
vn 0.0812 -0.9107 -0.4051
vn 0.0831 -0.4926 -0.8663
vn -0.1439 -0.7025 0.6970
vn 0.0154 -0.9104 0.4135
vn 0.0952 -0.4968 0.8626
vn -0.3797 -0.7045 0.5996
vn -0.1497 -0.9103 0.3859
vn -0.7242 -0.4960 -0.4791
vn -0.3897 -0.9099 -0.1425
vn -0.6799 -0.7086 -0.1886
vn -0.7475 -0.4026 0.5283
vn -0.8799 -0.0861 0.4673
vn -0.7557 -0.0805 0.6499
vn 0.4376 -0.2742 -0.8563
vn 0.5602 -0.0060 -0.8283
vn 0.6088 -0.5002 -0.6158
vn 0.8142 -0.0118 -0.5805
vn 0.9521 -0.0075 -0.3056
vn 0.9999 -0.0105 -0.0056
vn 0.8568 -0.2734 0.4373
vn 0.8285 -0.0055 0.5600
vn 0.6229 -0.4932 0.6072
vn 0.5818 -0.0142 0.8132
vn 0.3583 -0.4969 0.7903
vn 0.0069 -0.0086 0.9999
vn -0.1796 -0.2729 0.9451
vn -0.4388 -0.2738 0.8558
vn -0.5497 -0.0085 0.8353
vn -0.6044 -0.5036 0.6173
vn -0.9287 -0.0084 0.3706
vn -0.3541 -0.8578 0.3727
vn -0.1122 -0.9889 0.0977
vn -0.9998 -0.0083 0.0161
vn 0.9889 -0.0817 -0.1241
vn 0.9913 -0.0804 0.1040
vn -0.1723 0.8216 -0.5434
vn -0.2744 0.4199 -0.8651
vn -0.3290 0.7910 -0.5158
vn -0.5524 0.8294 -0.0831
vn -0.6871 0.7257 0.0354
vn -0.5422 0.8220 0.1744
vn -0.8650 0.4199 0.2745
vn -0.5056 0.7983 0.3272
vn -0.4173 0.7926 0.4446
vn -0.5304 0.2320 0.8154
vn -0.2996 -0.2916 0.9084
vn -0.1303 0.9032 0.4089
vn 0.0304 0.7951 0.6057
vn 0.1697 0.8222 0.5434
vn 0.2744 0.4199 0.8651
vn 0.3290 0.7910 0.5158
vn 0.7387 0.5253 0.4224
vn 0.6811 0.6870 0.2533
vn 0.6339 0.7647 0.1157
vn 0.6016 0.7984 -0.0241
vn 0.5435 0.8215 -0.1724
vn 0.8651 0.4199 -0.2744
vn 0.5056 0.7983 -0.3272
vn 0.4105 0.6870 -0.5996
vn 0.3602 0.5253 -0.7710
vn 0.4510 0.7650 -0.4597
vn 0.0873 0.8095 -0.5806
vn -0.0285 0.7911 -0.6110
vn 0.2836 -0.1160 -0.9519
vn 0.2470 -0.1495 -0.9574
vn 0.5746 -0.2799 -0.7691
vn 0.2788 0.0077 -0.9603
vn 0.1981 -0.0151 -0.9801
vn -0.8244 -0.0100 0.5659
vn -0.7074 0.0260 0.7063
vn -0.9252 0.0243 0.3787
vn -0.9745 -0.0159 0.2239
vn -0.9997 0.0184 0.0128
vn -0.9854 -0.0175 -0.1694
vn -0.9562 0.0123 -0.2924
vn -0.4865 -0.8026 -0.3451
vn -0.8247 -0.4116 -0.3880
vn -0.3284 -0.6101 -0.7211
vn -0.1790 -0.8965 -0.4053
vn -0.0106 0.9991 0.0404
vn -0.0069 0.9989 0.0471
vn -0.0123 0.9990 0.0429
vn 0.0145 0.9992 -0.0374
vn 0.0008 0.9992 -0.0402
vn -0.0003 0.9992 -0.0400
vn 0.0396 0.9991 0.0156
vn 0.0420 0.9990 0.0180
vn 0.0375 0.9992 0.0099
vn 0.8435 0.3877 -0.3718
vn 0.6308 0.4094 -0.6591
vn 0.4847 0.8159 -0.3153
vn 0.9286 0.3706 -0.0177
vn 0.5825 0.8068 -0.0983
vn 0.8733 0.3497 0.3393
vn 0.5831 0.7909 0.1859
vn -0.0045 0.4442 -0.8959
vn -0.1626 0.4437 -0.8813
vn -0.1397 0.4797 -0.8662
vn 0.3288 0.4274 -0.8422
vn 0.1155 0.8275 -0.5495
vn 0.3214 0.8224 -0.4695
vn 0.4277 0.7645 0.4823
vn -0.2368 -0.5840 0.7764
vn -0.1872 -0.4993 -0.8460
vn -0.0192 0.5730 -0.8193
vn 0.2598 -0.9062 -0.3337
vn 0.7510 -0.4966 -0.4353
vn 0.7574 0.5716 -0.3155
vn 0.8515 -0.4953 -0.1723
vn 0.8189 0.5739 -0.0075
vn 0.9593 -0.2675 0.0909
vn 0.6944 -0.7178 0.0505
vn 0.6508 -0.7030 0.2870
vn 0.4062 -0.9050 0.1268
vn 0.4498 0.5710 0.6868
vn 0.3554 -0.4983 0.7908
vn 0.6215 -0.5040 0.5997
vn -0.1932 -0.2762 0.9415
vn -0.3251 0.5710 0.7538
vn -0.5199 -0.2714 0.8100
vn -0.5869 0.5707 0.5743
vn -0.6748 -0.4843 0.5568
vn -0.7984 -0.4912 0.3482
vn -0.3183 -0.9060 0.2789
vn -0.4189 -0.9058 0.0635
vn -0.8029 0.5767 -0.1510
vn -0.9221 -0.2755 -0.2716
vn -0.8668 -0.4979 0.0265
vn -0.7227 0.5824 -0.3721
vn -0.5755 0.5716 -0.5848
vn -0.4870 -0.4910 -0.7223
vn -0.3218 0.5730 -0.7537
vn 0.2509 -0.3949 -0.8838
vn 0.4482 -0.0866 -0.8897
vn 0.2773 -0.0972 -0.9559
vn 0.7058 0.6773 0.2076
vn 0.7457 -0.4012 -0.5319
vn 0.6485 -0.0768 -0.7573
vn 0.5046 -0.4135 -0.7579
vn 0.8777 -0.0783 -0.4727
vn 0.8796 -0.3862 -0.2778
vn 0.9490 -0.0938 -0.3010
vn 0.7512 -0.0879 -0.6542
vn 0.9145 -0.4047 0.0026
vn 0.9634 -0.0800 0.2559
vn 0.7146 -0.3935 0.5783
vn 0.8772 -0.0849 0.4725
vn 0.8492 -0.4147 0.3270
vn 0.6492 -0.0928 0.7549
vn 0.7680 -0.0961 0.6332
vn 0.4725 -0.0812 0.8776
vn 0.2766 -0.3892 0.8786
vn 0.3012 -0.0927 0.9490
vn 0.5193 -0.4069 0.7515
vn 0.1196 -0.0900 0.9887
vn -0.1110 -0.0646 0.9917
vn -0.2661 -0.0604 0.9621
vn 0.0011 -0.4005 0.9163
vn -0.4465 -0.0847 0.8908
vn -0.6480 -0.0751 0.7579
vn -0.8790 -0.3861 0.2796
vn -0.9526 -0.0850 0.2920
vn -0.9881 -0.0934 0.1222
vn -0.9917 -0.0703 -0.1072
vn -0.8512 -0.4137 -0.3229
vn -0.9626 -0.0880 -0.2564
vn -0.9147 -0.4042 0.0069
vn -0.7153 -0.3927 -0.5780
vn -0.8774 -0.0829 -0.4725
vn -0.6493 -0.0930 -0.7549
vn -0.7680 -0.0962 -0.6332
vn 0.2971 -0.0102 -0.9548
vn -0.5193 -0.4069 -0.7515
vn -0.4711 -0.0832 -0.8781
vn -0.8241 -0.0109 -0.5664
vn 0.0933 -0.0921 -0.9914
vn -0.2775 -0.3885 -0.8787
vn -0.3039 -0.0939 -0.9481
vn 0.0630 -0.0149 -0.9979
vn -0.1892 -0.4907 -0.8505
vn -0.2317 -0.0107 -0.9727
vn 0.1464 -0.5040 -0.8512
vn 0.3176 -0.7053 -0.6338
vn -0.0124 -0.4102 -0.9119
vn -0.1210 -0.0848 -0.9890
vn 0.9585 -0.0098 0.2849
vn 0.2999 -0.0076 0.9539
vn -0.2847 -0.0096 0.9586
vn -0.3301 -0.7044 0.6284
vn -0.7697 -0.0098 0.6383
vn -0.9579 -0.0135 -0.2867
vn -0.5661 -0.0260 -0.8239
vn -0.7252 0.5968 -0.3433
vn -0.5791 0.7035 -0.4120
vn -0.7463 0.6133 -0.2586
vn -0.4069 0.8097 -0.4230
vn 0.5975 0.6689 0.4423
vn 0.1973 0.9711 -0.1346
vn 0.1844 0.9776 -0.1011
vn -0.0261 0.9976 0.0642
vn 0.4058 0.8098 0.4238
vn 0.2333 0.6690 -0.7058
vn 0.5615 -0.0045 -0.8274
vn 0.8136 0.0113 -0.5813
vn 0.8348 -0.0030 -0.5505
vn 0.9741 0.0116 -0.2256
vn 0.9819 -0.0028 -0.1892
vn 0.9863 0.0118 0.1643
vn 0.9796 -0.0025 0.2010
vn 0.8550 0.0110 0.5185
vn 0.8380 0.0007 0.5456
vn 0.7418 0.0121 0.6705
vn 0.7331 0.0048 0.6801
vn 0.8745 -0.0026 -0.4850
vn 0.1703 0.0121 0.9853
vn 0.0134 0.0007 0.9999
vn 0.1831 0.0048 0.9831
vn -0.0187 0.0111 0.9998
vn -0.3417 -0.0015 0.9398
vn -0.3848 0.0170 0.9229
vn -0.6131 -0.0038 0.7900
vn -0.6333 -0.6711 -0.3854
vn -0.9256 -0.0917 -0.3672
vn -0.0043 -0.5925 -0.8055
vn -0.1160 -0.9476 -0.2977
vn -0.0001 -1.0000 -0.0001
vn -0.0000 -1.0000 -0.0000
vn -0.0157 0.9992 0.0359
vn -0.0205 0.9991 0.0375
vn 0.0030 0.9994 0.0332
vn -0.0244 0.9991 0.0356
vn -0.0351 0.9991 0.0252
vn -0.0357 0.9991 0.0235
vn -0.0415 0.9991 0.0097
vn -0.0413 0.9991 0.0079
vn -0.0415 0.9991 -0.0068
vn -0.0407 0.9991 -0.0084
vn -0.0354 0.9991 -0.0215
vn -0.0342 0.9992 -0.0225
vn 0.0281 0.9992 -0.0293
vn 0.0158 0.9992 -0.0373
vn 0.0377 0.9992 -0.0165
vn 0.0292 0.9992 -0.0288
vn 0.0416 0.9991 -0.0012
vn 0.0385 0.9991 -0.0156
vn 0.0417 0.9991 0.0118
vn 0.0419 0.9991 -0.0001
vn 0.0397 0.9991 0.0134
vn 0.0397 0.9991 0.0137
vn 0.0179 0.9993 0.0326
vn -0.0001 1.0000 -0.0000
vn -0.0000 1.0000 -0.0001
vn -0.5648 0.8139 0.1363
vn -0.8924 0.4172 0.1717
vn -0.5654 0.8195 -0.0935
vn -0.8799 0.4392 -0.1814
vn -0.4691 0.8223 -0.3221
vn -0.7533 0.4479 -0.4815
vn -0.6607 0.2072 0.7215
vn -0.3503 0.7568 0.5518
vn -0.6808 0.2270 0.6965
vn -0.1060 0.7968 0.5949
vn -0.0069 0.3485 0.9373
vn 0.8928 0.3406 0.2947
vn 0.9037 0.3353 0.2662
vn 0.9055 0.3632 0.2194
vn 0.8568 0.3886 0.3389
vn -0.1858 0.3601 0.9142
vn -0.3137 0.7995 0.5122
vn -0.5188 0.3739 0.7688
vn -0.4777 0.8067 0.3479
vn -0.7670 0.3953 0.5053
vn 0.2662 0.7912 0.5505
vn 0.1616 0.4575 0.8744
vn -0.8755 0.0026 0.4831
vn -0.8729 0.0030 0.4879
vn -0.4329 0.4921 -0.7553
vn -0.2936 -0.9417 0.1642
vn -0.4280 -0.0994 -0.8983
vn 0.6731 0.2713 0.6879
vn 0.7944 0.2713 0.5434
vn 0.8932 0.2713 -0.3586
vn 0.8060 0.2713 -0.5260
vn -0.6879 0.2713 0.6731
vn -0.8060 0.2713 0.5260
vn -0.5260 0.2713 -0.8060
vn -0.3586 0.2713 -0.8932
vn -0.0104 0.2713 0.9624
vn -0.1980 0.2713 0.9419
vn -0.9419 0.2713 -0.1980
vn -0.8852 0.2713 -0.3780
vn 0.3780 0.2713 -0.8852
vn 0.5434 0.2713 -0.7944
vn 0.5260 0.2713 0.8060
vn -0.8932 0.2713 0.3586
vn -0.1775 0.2713 -0.9460
vn 0.9624 0.2713 0.0105
vn 0.9419 0.2713 0.1980
vn -0.3780 0.2713 0.8852
vn -0.7944 0.2713 -0.5434
vn 0.6879 0.2713 -0.6731
vn 0.3586 0.2713 0.8932
vn -0.9460 0.2713 0.1775
vn 0.0105 0.2713 -0.9624
vn 0.8852 0.2713 0.3780
vn -0.5434 0.2713 0.7944
vn -0.6731 0.2713 -0.6879
vn 0.1775 0.2713 0.9460
vn -0.9624 0.2713 -0.0105
vn 0.1980 0.2713 -0.9419
vn 0.9460 0.2713 -0.1775
vn -0.0105 0.2713 0.9624
vn 0.8932 0.2713 -0.3587
vn -0.0872 -0.9096 -0.4062
vn 0.2956 0.5690 -0.7674
vn 0.5732 0.5642 -0.5942
vn 0.3854 -0.2639 -0.8842
vn 0.6008 -0.5029 -0.6214
vn 0.4058 -0.9041 -0.1343
vn 0.7694 0.5716 0.2850
vn 0.7607 -0.2524 0.5981
vn 0.8847 -0.2725 0.3782
vn 0.3004 -0.9098 0.2865
vn 0.1707 -0.9099 0.3780
vn 0.1746 0.5758 0.7987
vn -0.0657 0.5832 0.8097
vn -0.7584 0.5692 0.3176
vn -0.9594 -0.2573 0.1157
vn -0.2759 -0.9038 -0.3272
vn -0.0000 1.0000 -0.0000
vn -0.0002 1.0000 -0.0000
vn 0.0002 1.0000 0.0001
vn 0.0001 1.0000 -0.0002
vn 0.5414 0.0036 -0.8407
vn -0.0014 -1.0000 0.0033
vn -0.0009 -1.0000 0.0008
vn -0.0000 -1.0000 -0.0001
vn 0.0003 -1.0000 -0.0000
vn -0.0232 0.9991 0.0368
vn 0.0008 1.0000 0.0001
vn -0.0008 1.0000 -0.0015
vn -0.4909 -0.1254 -0.8622
vn 0.0007 1.0000 -0.0000
vt 0.831556 0.397687
vt 0.735720 0.342340
vt 0.768830 0.417655
vt 0.828423 0.303548
vt 0.886351 0.347161
vt 0.989819 0.251842
vt 0.917655 0.268830
vt 0.985570 0.294979
vt 0.972268 0.159928
vt 0.912225 0.203655
vt 0.984851 0.201407
vt 0.882295 0.145290
vt 0.825670 0.197653
vt 0.920880 0.081725
vt 0.948378 0.115232
vt 0.819028 0.097868
vt 0.724290 0.160118
vt 0.723789 0.084610
vt 0.659928 0.027732
vt 0.701407 0.015149
vt 0.643937 0.118815
vt 0.510181 0.248158
vt 0.582345 0.231170
vt 0.514430 0.205021
vt 0.527732 0.340072
vt 0.587775 0.296345
vt 0.515149 0.298593
vt 0.618724 0.355952
vt 0.661138 0.284707
vt 0.656523 0.470858
vt 0.690030 0.405920
vt 0.618296 0.450425
vt 0.331521 0.052657
vt 0.304944 0.044586
vt 0.341844 0.028269
vt 0.841844 0.028269
vt 0.841844 0.028269
vt 0.750039 0.010004
vt 0.274320 0.038912
vt 0.300291 0.016793
vt 0.841633 0.028205
vt 0.752995 0.010295
vt 0.881704 0.450425
vt 0.832154 0.397367
vt 0.843477 0.470858
vt 0.703888 0.087704
vt 0.581725 0.079120
vt 0.645290 0.117705
vt 0.615232 0.051622
vt 0.579120 0.418275
vt 0.617705 0.354710
vt 0.551622 0.384768
vt 0.298367 1.000000
vt 0.281250 0.979457
vt 0.312500 0.978961
vt 0.064203 0.139641
vt 0.200843 0.155145
vt 0.064203 0.183604
vt 0.200843 0.212351
vt 0.064203 0.227838
vt 0.064203 0.276210
vt 0.200843 0.259217
vt 0.200843 0.306100
vt 0.064203 0.334861
vt 0.064203 0.381169
vt 0.200843 0.396674
vt 0.064203 0.424332
vt 0.200843 0.453879
vt 0.064203 0.483856
vt 0.840072 0.027732
vt 0.798593 0.015149
vt 0.776192 0.012580
vt 0.064203 0.532125
vt 0.200843 0.547629
vt 0.064203 0.576549
vt 0.064203 0.622698
vt 0.200843 0.638202
vt 0.064203 0.666661
vt 0.064203 0.713271
vt 0.200843 0.729891
vt 0.064203 0.759267
vt 0.602313 0.168444
vt 0.659849 0.212581
vt 0.200843 0.789158
vt 0.064203 0.818078
vt 0.597640 0.433940
vt 0.701472 0.646148
vt 0.718750 0.978953
vt 0.687500 0.979664
vt 0.250117 0.479182
vt 0.249785 0.489979
vt 0.180667 0.478560
vt 0.035519 0.338841
vt 0.021440 0.319333
vt 0.020818 0.250117
vt 0.010021 0.249785
vt 0.022086 0.178537
vt 0.044318 0.144697
vt 0.065371 0.098479
vt 0.108312 0.059998
vt 0.144697 0.044318
vt 0.180667 0.021440
vt 0.249883 0.020818
vt 0.250215 0.010021
vt 0.319333 0.021440
vt 0.414156 0.085843
vt 0.434629 0.098479
vt 0.455682 0.144697
vt 0.477913 0.178537
vt 0.479182 0.249883
vt 0.489979 0.250215
vt 0.477913 0.321463
vt 0.434629 0.401521
vt 0.414157 0.414157
vt 0.455682 0.355303
vt 0.355303 0.455682
vt 0.319333 0.478560
vt 0.955858 1.000000
vt 0.989301 0.500000
vt 1.000000 1.000000
vt 0.906250 1.000000
vt 0.919067 0.500000
vt 0.299683 0.500000
vt 0.325327 1.000000
vt 0.262827 1.000000
vt 0.237183 0.500000
vt 0.200327 1.000000
vt 0.174683 0.500000
vt 0.156250 1.000000
vt 0.067896 0.500000
vt 0.062500 1.000000
vt 0.031363 1.000000
vt 0.014208 0.500000
vt 0.315395 0.479754
vt 0.349886 0.434382
vt 0.383337 0.449553
vt 0.116034 0.085111
vt 0.176636 0.022663
vt 0.189257 0.046346
vt 0.100181 0.436026
vt 0.086307 0.382493
vt 0.139091 0.421248
vt 0.039086 0.227769
vt 0.063344 0.148826
vt 0.046007 0.191436
vt 0.046935 0.309797
vt 0.039400 0.273689
vt 0.078852 0.370514
vt 0.250000 0.036445
vt 0.219424 0.039452
vt 0.146695 0.064274
vt 0.083679 0.117869
vt 0.562262 0.499888
vt 0.527570 1.000000
vt 0.500000 0.999161
vt 0.750000 0.010000
vt 0.500000 0.500000
vt 0.064203 0.033984
vt 0.200843 0.060262
vt 0.064203 0.076882
vt 0.903726 0.432820
vt 0.885326 0.348284
vt 0.064203 0.230214
vt 0.200843 0.246834
vt 0.064203 0.273854
vt 0.200843 0.304503
vt 0.064203 0.318411
vt 0.970858 0.156523
vt 0.950425 0.118296
vt 0.886347 0.152738
vt 0.200843 0.458171
vt 0.064203 0.484039
vt 0.064203 0.425283
vt 0.064203 0.578142
vt 0.200843 0.609127
vt 0.064203 0.636936
vt 0.200843 0.669509
vt 0.064203 0.680704
vt 0.527732 0.159928
vt 0.515149 0.201407
vt 0.597859 0.181031
vt 0.512580 0.223805
vt 0.584733 0.277119
vt 0.200843 0.817752
vt 0.064203 0.831659
vt 0.064203 0.785833
vt 0.064203 0.878465
vt 0.200843 0.863038
vt 0.200843 0.911037
vt 0.064203 0.938230
vt 0.200843 0.968707
vt 0.064203 0.982615
vt 0.875000 0.978251
vt 0.906250 0.978961
vt 0.542328 1.000000
vt 0.562500 1.002275
vt 0.798367 1.000000
vt 0.843750 0.978961
vt 0.859375 1.000000
vt 0.781250 0.978457
vt 0.750000 1.000000
vt 0.750000 0.978953
vt 0.812500 0.979457
vt 0.701633 1.000000
vt 0.656250 0.978961
vt 0.593750 1.000000
vt 0.625000 0.978251
vt 0.640625 1.000000
vt 0.562500 0.979457
vt 0.593750 0.978961
vt 0.531250 0.978457
vt 0.500000 1.000000
vt 0.500000 0.978953
vt 0.546875 1.000000
vt 0.468750 0.979457
vt 0.437500 0.978961
vt 0.406250 1.000000
vt 0.406250 0.978961
vt 0.453125 1.000000
vt 0.375000 0.978251
vt 0.343750 0.978961
vt 0.359375 1.000000
vt 0.250000 1.000000
vt 0.250000 0.978250
vt 0.218750 0.979457
vt 0.187500 0.978961
vt 0.141646 1.000000
vt 0.156250 0.978961
vt 0.203125 1.000000
vt 0.093750 1.000000
vt 0.125000 0.978251
vt 0.062500 0.979457
vt 0.093750 0.978961
vt 0.906250 0.646148
vt 0.046875 1.000000
vt 0.031250 0.978457
vt 0.107722 0.646148
vt 0.937500 0.979664
vt 0.000000 1.000000
vt 0.000000 0.978953
vt 0.200843 0.078070
vt 0.064203 0.032483
vt 0.200843 0.031187
vt 0.840072 0.472268
vt 0.798593 0.484851
vt 0.064203 0.137264
vt 0.200843 0.108261
vt 0.064203 0.093123
vt 0.918275 0.420880
vt 0.972269 0.340072
vt 0.920880 0.418275
vt 0.948378 0.384768
vt 0.953125 1.000000
vt 0.968750 0.978953
vt 0.064203 0.378793
vt 0.200843 0.349790
vt 0.987404 0.223646
vt 0.960519 0.137180
vt 0.918275 0.079120
vt 0.064203 0.529748
vt 0.200843 0.500745
vt 0.064203 0.620322
vt 0.200843 0.591319
vt 0.748158 0.010181
vt 0.705021 0.014430
vt 0.636961 0.039598
vt 0.579120 0.081725
vt 0.551622 0.115232
vt 0.064203 0.710895
vt 0.200843 0.681892
vt 0.064203 0.877437
vt 0.200843 0.832847
vt 0.200843 0.879731
vt 0.512596 0.276354
vt 0.539598 0.363039
vt 0.064203 0.938842
vt 0.200843 0.938516
vt 0.200843 0.983803
vt 0.705021 0.485570
vt 0.748158 0.489819
vt 0.607722 0.646148
vt 0.312500 0.646148
vt 0.750000 0.646148
vt 0.156250 0.646148
vt 0.451472 0.646148
vt 0.548510 0.646148
vt 0.857722 0.646148
vt 0.406250 0.646148
vt 0.986028 0.646148
vt 1.000000 0.978953
vt 0.798510 0.646148
vt 0.937500 0.646148
vt 0.262817 0.646148
vt 0.656250 0.646148
vt 0.500000 0.646148
vt 0.201472 0.646148
vt 0.000000 0.646148
vt 0.046875 0.646148
vt 0.357722 0.646148
vt 0.074002 0.399727
vt 0.116497 0.449416
vt 0.064405 0.400344
vt 0.144697 0.455682
vt 0.116853 0.449654
vt 0.383503 0.050584
vt 0.010021 0.250215
vt 0.250000 0.010000
vt 0.249785 0.010021
vt 0.355303 0.044318
vt 0.383147 0.050346
vt 0.383503 0.449416
vt 0.489979 0.249785
vt 0.383147 0.449654
vt 0.250215 0.489979
vt 0.856567 0.500000
vt 0.799673 1.000000
vt 0.794067 0.500000
vt 0.737173 1.000000
vt 0.731567 0.500000
vt 0.674673 1.000000
vt 0.669067 0.500000
vt 0.612174 1.000000
vt 0.606568 0.500000
vt 0.562500 1.000000
vt 0.562500 0.500000
vt 0.455933 0.500000
vt 0.450327 1.000000
vt 0.393433 0.500000
vt 0.387827 1.000000
vt 0.343750 0.500000
vt 0.112166 0.500000
vt 0.107913 1.000000
vt 0.000000 0.500000
vt 0.987280 0.222383
vt 0.522667 0.176622
vt 0.650382 0.469373
vt 0.278370 0.446891
vt 0.250000 0.490000
vt 0.213440 0.473987
vt 0.415374 0.381446
vt 0.477337 0.323364
vt 0.453550 0.308443
vt 0.488107 0.230781
vt 0.460749 0.226204
vt 0.462628 0.141125
vt 0.435857 0.147388
vt 0.404779 0.068044
vt 0.383208 0.084517
vt 0.095222 0.068044
vt 0.037372 0.141125
vt 0.011893 0.230781
vt 0.050447 0.383337
vt 0.022663 0.323363
vt 0.181383 0.463668
vt 0.158156 0.471731
vt 0.203205 0.484387
vt 0.461357 0.232368
vt 0.438781 0.152854
vt 0.378879 0.082579
vt 0.229399 0.474972
vt 0.346575 0.436027
vt 0.411441 0.386197
vt 0.451750 0.314360
vt 0.208902 0.473639
vt 0.291559 0.040539
vt 0.559133 0.007356
vt 0.563692 0.984506
vt 0.559133 0.984506
vt 0.440608 0.984506
vt 0.445167 0.007357
vt 0.445167 0.984506
vt 0.522664 0.984506
vt 0.518105 0.007356
vt 0.522664 0.007356
vt 0.326999 0.984506
vt 0.284380 0.007356
vt 0.326999 0.007356
vt 0.540899 0.007356
vt 0.536340 0.984506
vt 0.536340 0.007356
vt 0.499871 0.984506
vt 0.495312 0.007356
vt 0.499871 0.007356
vt 0.458843 0.007357
vt 0.454284 0.984506
vt 0.454284 0.007357
vt 0.554575 0.007356
vt 0.518105 0.984506
vt 0.513547 0.007356
vt 0.472519 0.984506
vt 0.477077 0.007356
vt 0.477077 0.984506
vt 0.577368 0.007356
vt 0.572809 0.984506
vt 0.572809 0.007356
vt 0.531781 0.007356
vt 0.412241 0.984506
vt 0.454861 0.007356
vt 0.454861 0.984506
vt 0.449725 0.007357
vt 0.449725 0.984506
vt 0.554575 0.984506
vt 0.550016 0.007356
vt 0.508988 0.007356
vt 0.513547 0.984506
vt 0.508988 0.984506
vt 0.467960 0.007356
vt 0.467960 0.984506
vt 0.568251 0.007356
vt 0.568251 0.984506
vt 0.527223 0.984506
vt 0.531781 0.984506
vt 0.369620 0.007356
vt 0.369620 0.984506
vt 0.545457 0.984506
vt 0.545457 0.007356
vt 0.504429 0.007356
vt 0.504429 0.984506
vt 0.463401 0.984506
vt 0.463401 0.007356
vt 0.563692 0.007356
vt 0.436049 0.984506
vt 0.431491 0.007357
vt 0.436049 0.007357
vt 0.540899 0.984506
vt 0.458843 0.984506
vt 0.440608 0.007357
vt 0.769506 0.417588
vt 0.200843 0.017688
vt 0.200843 0.120644
vt 0.064203 0.079258
vt 0.200843 0.183739
vt 0.064203 0.125187
vt 0.984851 0.298593
vt 0.917056 0.251428
vt 0.200843 0.362173
vt 0.064203 0.320787
vt 0.200843 0.410172
vt 0.064203 0.366716
vt 0.829521 0.101226
vt 0.884768 0.051622
vt 0.769506 0.082412
vt 0.200843 0.515841
vt 0.200843 0.561128
vt 0.064203 0.683080
vt 0.200843 0.729891
vt 0.064203 0.725383
vt 0.634773 0.040767
vt 0.565044 0.098878
vt 0.549575 0.118296
vt 0.529142 0.156523
vt 0.200843 0.772465
vt 0.529142 0.343477
vt 0.510181 0.251842
vt 0.514430 0.294979
vt 0.064203 0.834035
vt 0.684571 0.403713
vt 0.598878 0.434956
vt 0.884768 0.448378
vt 0.862172 1.000000
vt 0.766030 0.488421
vt 0.866318 0.458649
vt 0.937311 0.398254
vt 0.979787 0.315288
vt 0.958649 0.133682
vt 0.898254 0.062690
vt 0.684712 0.020213
vt 0.601746 0.062689
vt 0.550447 0.116663
vt 0.511891 0.269204
vt 0.537366 0.358863
vt 0.595231 0.431964
vt 0.728713 0.487903
vt 0.431957 0.404777
vt 0.284380 0.984506
vt 0.495312 0.984506
vt 0.472519 0.007356
vt 0.577368 0.984506
vt 0.412241 0.007356
vt 0.550016 0.984506
vt 0.527223 0.007356
vt 0.431491 0.984506
vt 0.440608 0.984506
vt 0.064203 0.183221
vt 0.549575 0.381704
s 1
usemtl Glass
f 7/1/1 4/2/2 2/3/3
f 7/1/1 14/4/4 4/2/2
f 12/5/5 14/4/4 7/1/1
f 19/6/6 17/7/7 15/8/8
f 22/9/9 20/10/10 19/11/6
f 24/12/11 26/13/12 20/10/10
f 25/14/13 24/12/11 22/15/9
f 29/16/14 26/13/12 24/12/11
f 29/16/14 37/17/15 26/13/12
f 34/18/16 37/17/15 29/16/14
f 36/19/17 34/18/16 33/20/18
f 39/21/19 37/17/15 34/18/16
f 50/22/20 47/23/21 46/24/22
f 53/25/23 51/26/24 50/27/20
f 55/28/25 48/29/26 51/26/24
f 59/30/27 58/31/28 56/32/29
f 2/3/3 4/2/2 58/31/28
f 70/53/52 118/54/53 117/55/54
f 10/56/55 9/57/56 13/58/57
f 11/59/58 15/60/8 13/58/57
f 12/5/5 17/7/7 14/4/4
f 19/61/6 16/62/59 18/63/60
f 17/7/7 26/13/12 14/4/4
f 19/61/6 18/63/60 22/64/9
f 17/7/7 20/10/10 26/13/12
f 25/65/61 23/66/62 28/67/63
f 27/68/64 31/69/65 28/67/63
f 28/70/63 31/71/65 29/16/14
f 31/72/65 34/18/16 29/16/14
f 33/73/18 32/74/66 36/75/67
f 40/76/68 38/77/69 43/78/70
f 46/79/22 45/80/71 50/81/20
f 42/82/72 47/23/21 44/83/73
f 50/81/20 45/80/71 49/84/74
f 47/23/21 48/29/26 44/83/73
f 50/81/20 49/84/74 53/85/23
f 47/23/21 51/26/24 48/29/26
f 55/28/25 56/86/29 58/31/28
f 4/2/2 26/13/12 44/83/73
f 18/87/60 104/88/75 105/89/76
f 60/90/77 94/91/78 61/92/79
f 66/93/80 67/94/81 69/95/82
f 69/95/82 68/96/83 70/97/84
f 71/98/85 70/97/84 72/99/86
f 72/99/86 73/100/87 71/98/85
f 74/101/88 75/102/89 77/103/90
f 77/103/90 76/104/91 78/105/92
f 81/106/93 82/107/94 83/108/95
f 83/108/95 84/109/96 86/110/97
f 86/110/97 85/111/98 87/112/99
f 89/113/100 90/114/101 88/115/102
f 92/116/103 93/117/104 60/90/77
f 91/121/174 99/193/175 98/194/176
f 87/197/178 100/198/179 89/199/180
f 100/198/179 99/193/175 89/199/180
f 102/200/181 85/201/182 103/202/183
f 87/197/178 102/200/181 101/203/184
f 85/201/182 104/88/75 103/202/183
f 84/204/185 106/205/186 105/89/76
f 84/204/185 105/89/76 104/88/75
f 80/206/187 107/207/188 82/208/189
f 82/208/189 107/207/188 106/205/186
f 80/206/187 109/209/190 108/210/191
f 110/211/192 76/212/193 111/213/194
f 78/214/195 110/211/192 109/209/190
f 76/212/193 112/215/196 111/213/194
f 113/216/197 73/217/87 114/218/198
f 75/219/199 113/216/197 112/215/196
f 73/217/87 115/220/200 114/218/198
f 116/221/201 70/53/52 117/55/54
f 116/221/201 115/220/200 72/222/86
f 118/54/53 68/223/202 119/224/203
f 68/223/202 120/225/204 119/224/203
f 121/226/205 64/227/206 122/228/207
f 67/229/208 121/226/205 120/225/204
f 63/230/209 123/231/210 64/227/206
f 64/227/206 123/231/210 122/228/207
f 63/230/209 125/232/211 124/233/212
f 99/193/175 6/234/213 98/194/176
f 61/235/214 126/236/215 125/232/211
f 125/232/211 54/237/216 124/233/212
f 97/238/217 91/121/174 98/194/176
f 126/236/215 94/239/218 95/240/219
f 5/241/220 3/242/221 1/243/222
f 8/244/223 2/3/3 3/245/221
f 10/246/55 6/247/213 9/57/56
f 8/248/223 5/241/220 6/247/213
f 7/1/1 10/249/224 12/5/5
f 13/250/57 17/7/7 12/5/5
f 12/5/5 10/251/224 13/252/57
f 13/58/57 9/57/56 11/59/58
f 93/253/225 97/238/217 96/254/226
f 16/62/59 15/163/8 11/59/58
f 25/255/61 21/256/227 23/66/62
f 20/10/10 17/7/7 19/257/6
f 22/64/9 18/63/60 21/256/227
f 24/12/11 20/10/10 22/258/9
f 25/259/13 29/16/14 24/12/11
f 33/260/18 30/261/228 32/74/66
f 28/67/63 23/66/62 27/68/64
f 31/69/65 27/68/64 30/261/228
f 40/262/68 35/263/229 38/77/69
f 34/18/16 31/264/65 33/265/18
f 36/75/67 32/74/66 35/263/229
f 39/21/19 34/18/16 36/266/17
f 42/82/72 40/267/230 43/268/70
f 39/21/19 36/49/17 40/47/230
f 39/21/19 44/83/73 37/17/15
f 46/269/22 41/270/231 45/80/71
f 43/78/70 38/77/69 41/270/231
f 46/180/22 42/82/72 43/179/70
f 56/271/29 52/272/232 54/273/216
f 51/26/24 47/23/21 50/274/20
f 53/85/23 49/84/74 52/272/232
f 55/28/25 51/26/24 53/275/23
f 55/28/25 4/2/2 48/29/26
f 55/28/25 53/52/23 56/50/29
f 59/276/27 54/273/216 57/277/233
f 59/276/27 1/278/222 3/192/221
f 2/3/3 59/279/27 3/280/221
f 23/281/62 107/207/188 108/210/191
f 41/282/231 116/221/201 117/55/54
f 77/103/90 86/110/97 60/90/77
f 104/88/75 16/283/59 103/202/183
f 52/284/232 121/226/205 122/228/207
f 32/285/66 112/215/196 113/216/197
f 27/286/64 108/210/191 109/209/190
f 9/287/56 99/193/175 100/198/179
f 118/54/53 41/282/231 117/55/54
f 35/288/229 113/216/197 114/218/198
f 1/289/222 95/290/219 96/254/226
f 123/231/210 52/284/232 122/228/207
f 11/291/58 100/198/179 101/203/184
f 96/254/226 5/292/220 1/289/222
f 27/286/64 109/209/190 110/211/192
f 45/293/71 118/54/53 119/224/203
f 21/294/227 105/89/76 106/205/186
f 115/220/200 35/288/229 114/218/198
f 110/211/192 30/295/228 27/286/64
f 54/237/216 123/231/210 124/233/212
f 11/291/58 101/203/184 102/200/181
f 49/296/74 119/224/203 120/225/204
f 98/194/176 5/292/220 97/238/217
f 107/207/188 21/294/227 106/205/186
f 126/236/215 1/297/222 57/298/233
f 38/299/69 115/220/200 116/221/201
f 102/200/181 16/283/59 11/291/58
f 112/215/196 30/295/228 111/213/194
f 65/300/234 63/301/235 64/302/236
f 49/296/74 120/225/204 121/226/205
f 62/303/237 60/90/77 61/92/79
f 62/303/237 61/92/79 63/304/235
f 66/93/80 64/302/236 67/94/81
f 81/106/93 80/305/238 82/107/94
f 69/95/82 67/94/81 68/306/83
f 71/98/85 69/95/82 70/97/84
f 73/100/241 75/102/89 74/101/88
f 77/103/90 75/102/89 76/308/91
f 79/309/242 77/103/90 78/105/92
f 79/309/242 78/105/92 80/310/238
f 91/311/243 90/114/101 89/113/100
f 83/108/95 82/107/94 84/109/96
f 86/110/97 84/109/96 85/312/98
f 88/115/102 86/110/97 87/112/99
f 87/112/99 89/113/100 88/115/102
f 94/120/218 96/254/226 95/290/219
f 91/313/243 93/117/104 92/116/103
f 60/90/77 93/117/104 94/314/78
f 57/298/233 125/232/211 126/236/215
f 44/83/73 48/29/26 4/2/2
f 4/2/2 14/4/4 26/13/12
f 26/13/12 37/17/15 44/83/73
f 91/121/174 89/199/180 99/193/175
f 87/197/178 101/203/184 100/198/179
f 102/200/181 87/197/178 85/201/182
f 85/201/182 84/204/185 104/88/75
f 84/204/185 82/208/189 106/205/186
f 80/206/187 108/210/191 107/207/188
f 80/206/187 78/214/195 109/209/190
f 110/211/192 78/214/195 76/212/193
f 76/212/193 75/219/199 112/215/196
f 113/216/197 75/219/199 73/217/87
f 73/217/87 72/222/86 115/220/200
f 116/221/201 72/222/86 70/53/52
f 118/54/53 70/53/52 68/223/202
f 68/223/202 67/229/208 120/225/204
f 121/226/205 67/229/208 64/227/206
f 63/230/209 124/233/212 123/231/210
f 63/230/209 61/235/214 125/232/211
f 99/193/175 9/287/56 6/234/213
f 125/232/211 57/298/233 54/237/216
f 97/238/217 93/253/225 91/121/174
f 126/236/215 61/235/214 94/239/218
f 5/241/220 8/248/223 3/242/221
f 8/244/223 7/1/1 2/3/3
f 10/246/55 8/248/223 6/247/213
f 7/1/1 8/459/223 10/249/224
f 13/250/57 15/434/8 17/7/7
f 16/62/59 19/61/6 15/163/8
f 25/255/61 22/64/9 21/256/227
f 25/259/13 28/441/63 29/16/14
f 33/260/18 31/69/65 30/261/228
f 40/262/68 36/75/67 35/263/229
f 42/82/72 39/21/19 40/267/230
f 39/21/19 42/82/72 44/83/73
f 46/269/22 43/78/70 41/270/231
f 46/180/22 47/23/21 42/82/72
f 56/271/29 53/85/23 52/272/232
f 55/28/25 58/31/28 4/2/2
f 59/276/27 56/271/29 54/273/216
f 59/276/27 57/277/233 1/278/222
f 2/3/3 58/31/28 59/279/27
f 41/282/231 38/299/69 116/221/201
f 60/90/77 62/303/237 65/300/372
f 65/300/372 66/93/80 69/95/82
f 69/95/82 71/98/85 73/100/241
f 73/100/241 74/101/88 77/103/90
f 77/103/90 79/309/242 81/106/373
f 81/106/373 83/108/95 86/110/97
f 86/110/97 88/115/102 90/114/374
f 90/114/374 92/116/103 60/90/77
f 60/90/77 65/300/372 69/95/82
f 69/95/82 73/100/241 77/103/90
f 77/103/90 81/106/373 86/110/97
f 86/110/97 90/114/374 60/90/77
f 60/90/77 69/95/82 77/103/90
f 104/88/75 18/87/60 16/283/59
f 52/284/232 49/296/74 121/226/205
f 27/286/64 23/281/62 108/210/191
f 118/54/53 45/293/71 41/282/231
f 35/288/229 32/285/66 113/216/197
f 123/231/210 54/237/216 52/284/232
f 11/291/58 9/287/56 100/198/179
f 96/254/226 97/238/217 5/292/220
f 21/294/227 18/87/60 105/89/76
f 115/220/200 38/299/69 35/288/229
f 110/211/192 111/213/194 30/295/228
f 49/296/74 45/293/71 119/224/203
f 98/194/176 6/234/213 5/292/220
f 107/207/188 23/281/62 21/294/227
f 126/236/215 95/240/219 1/297/222
f 102/200/181 103/202/183 16/283/59
f 112/215/196 32/285/66 30/295/228
f 65/300/234 62/303/237 63/301/235
f 66/93/80 65/300/234 64/302/236
f 81/106/93 79/309/242 80/305/238
f 91/311/243 92/116/103 90/114/101
f 94/120/218 93/253/225 96/254/226
usemtl Plastic
f 142/33/30 204/34/31 171/35/32
f 141/36/33 200/37/34 201/38/35
f 203/39/36 205/40/37 204/34/31
f 206/37/38 210/41/39 208/42/40
f 164/118/105 127/119/106 163/120/107
f 165/121/108 129/122/109 164/118/105
f 150/123/110 175/124/111 176/125/112
f 152/126/113 176/125/112 177/127/114
f 154/128/115 177/127/114 178/129/116
f 159/130/117 180/131/118 181/132/119
f 161/133/120 159/130/117 181/132/119
f 164/134/121 130/135/122 165/136/123
f 148/137/124 173/138/125 146/139/126
f 179/140/127 157/141/128 158/142/129
f 153/143/130 151/144/131 194/145/132
f 155/146/133 153/143/130 195/147/134
f 157/141/135 155/146/133 196/148/136
f 146/139/137 144/149/138 191/150/139
f 148/137/140 146/139/137 192/151/141
f 151/144/131 148/137/140 193/152/142
f 210/153/39 205/154/37 207/155/143
f 209/156/144 208/42/40 210/41/39
f 209/157/144 210/153/39 207/155/143
f 205/195/37 210/153/39 202/196/177
f 146/139/126 172/307/239 144/149/240
f 165/121/108 131/315/244 129/122/109
f 164/118/105 129/122/109 127/119/106
f 131/315/244 167/316/245 133/317/246
f 133/317/246 168/318/247 135/319/248
f 135/319/248 169/320/249 137/321/250
f 137/321/250 170/322/251 139/323/252
f 139/323/252 171/324/253 141/325/254
f 171/324/255 200/325/34 141/325/33
f 172/307/239 205/40/37 203/39/36
f 172/212/256 145/326/257 143/157/258
f 173/327/259 147/328/260 145/326/257
f 174/329/261 149/330/262 147/328/260
f 178/129/116 156/331/263 154/128/115
f 150/123/110 149/330/262 175/124/111
f 152/126/113 150/123/110 176/125/112
f 154/128/115 152/126/113 177/127/114
f 179/332/264 159/130/117 156/331/263
f 161/133/120 163/239/265 127/333/266
f 135/334/267 150/335/268 159/336/117
f 128/337/269 163/338/270 162/339/271
f 132/340/272 165/136/123 130/135/122
f 164/134/121 128/337/269 130/135/122
f 167/341/273 132/340/272 134/342/274
f 168/343/275 134/342/274 136/344/276
f 169/345/277 136/344/276 138/346/278
f 170/347/279 138/346/278 140/348/280
f 171/35/32 140/348/280 142/33/30
f 191/150/139 203/39/36 204/34/31
f 151/144/281 174/349/282 148/137/124
f 153/143/283 175/350/284 151/144/281
f 155/146/285 176/351/286 153/143/283
f 155/146/285 178/352/287 177/353/288
f 160/354/289 179/140/127 158/142/129
f 179/140/127 178/352/287 157/141/128
f 180/355/290 162/339/271 181/356/291
f 163/338/270 181/356/291 162/339/271
f 197/142/292 191/150/293 187/357/294
f 136/344/295 188/358/296 138/346/297
f 138/346/297 189/359/298 140/348/299
f 194/145/132 195/147/134 153/143/130
f 128/337/300 183/360/301 182/337/302
f 195/147/134 196/148/136 155/146/133
f 189/359/298 142/33/30 140/348/299
f 184/361/303 128/337/304 182/337/304
f 203/39/36 144/149/240 172/307/239
f 157/141/135 197/142/305 158/142/306
f 205/40/37 171/35/32 204/34/31
f 158/142/306 198/354/307 160/354/308
f 130/135/309 185/362/310 132/340/311
f 132/340/311 186/363/312 134/342/313
f 191/150/139 192/151/141 146/139/137
f 160/354/308 199/364/314 162/339/315
f 192/151/141 193/152/142 148/137/140
f 134/342/313 187/357/294 136/344/295
f 172/212/316 201/157/35 207/155/317
f 199/364/314 183/360/301 162/339/315
f 193/152/142 194/145/132 151/144/131
f 190/365/318 142/33/30 189/359/298
f 143/156/319 141/36/33 201/38/35
f 201/157/35 209/157/144 207/155/317
f 210/153/39 200/325/34 202/196/177
f 201/38/35 206/37/320 208/42/40
f 148/137/124 174/349/282 173/138/125
f 146/139/126 173/138/125 172/307/239
f 165/121/108 166/460/375 131/315/244
f 131/315/244 166/460/375 167/316/245
f 133/317/246 167/316/245 168/318/247
f 135/319/248 168/318/247 169/320/249
f 137/321/250 169/320/249 170/322/251
f 139/323/252 170/322/251 171/324/253
f 171/324/255 202/196/177 200/325/34
f 172/307/239 207/307/143 205/40/37
f 172/212/256 173/327/259 145/326/257
f 173/327/259 174/329/261 147/328/260
f 174/329/261 175/124/111 149/330/262
f 178/129/116 179/332/264 156/331/263
f 179/332/264 180/131/118 159/130/117
f 161/133/120 181/132/119 163/239/265
f 127/461/266 129/462/376 131/463/377
f 131/463/377 133/464/268 135/334/267
f 135/334/267 137/465/268 139/466/378
f 139/466/378 141/36/33 143/156/319
f 143/156/319 145/467/268 147/468/268
f 147/468/268 149/469/268 150/335/268
f 150/335/268 152/470/268 154/471/379
f 154/471/379 156/472/263 159/336/117
f 159/336/117 161/473/120 127/461/266
f 127/461/266 131/463/377 135/334/267
f 135/334/267 139/466/378 143/156/319
f 143/156/319 147/468/268 150/335/268
f 150/335/268 154/471/379 159/336/117
f 159/336/117 127/461/266 135/334/267
f 135/334/267 143/156/319 150/335/268
f 128/337/269 164/134/121 163/338/270
f 132/340/272 166/474/380 165/136/123
f 167/341/273 166/474/380 132/340/272
f 168/343/275 167/341/273 134/342/274
f 169/345/277 168/343/275 136/344/276
f 170/347/279 169/345/277 138/346/278
f 171/35/32 170/347/279 140/348/280
f 204/34/31 190/365/318 191/150/139
f 191/150/139 144/149/138 203/39/36
f 151/144/281 175/350/284 174/349/282
f 153/143/283 176/351/286 175/350/284
f 155/146/285 177/353/288 176/351/286
f 155/146/285 157/141/128 178/352/287
f 160/354/289 180/355/290 179/140/127
f 180/355/290 160/354/289 162/339/271
f 199/364/314 198/354/381 197/142/292
f 197/142/292 196/148/136 195/147/134
f 195/147/134 194/145/132 193/152/142
f 193/152/142 192/151/141 191/150/293
f 191/150/293 190/365/382 189/359/298
f 189/359/298 188/358/296 187/357/294
f 187/357/294 186/363/312 185/362/310
f 185/362/310 184/361/303 182/337/371
f 182/337/371 183/360/301 199/364/314
f 197/142/292 195/147/134 193/152/142
f 182/337/371 199/364/314 197/142/292
f 187/357/294 185/362/310 182/337/371
f 191/150/293 189/359/298 187/357/294
f 197/142/292 193/152/142 191/150/293
f 187/357/294 182/337/371 197/142/292
f 136/344/295 187/357/294 188/358/296
f 138/346/297 188/358/296 189/359/298
f 128/337/300 162/339/315 183/360/301
f 184/361/303 130/135/309 128/337/304
f 157/141/135 196/148/136 197/142/305
f 205/40/37 202/35/177 171/35/32
f 158/142/306 197/142/305 198/354/307
f 130/135/309 184/361/303 185/362/310
f 132/340/311 185/362/310 186/363/312
f 160/354/308 198/354/307 199/364/314
f 134/342/313 186/363/312 187/357/294
f 172/212/316 143/157/319 201/157/35
f 190/365/318 204/34/31 142/33/30
f 201/157/35 208/157/40 209/157/144
f 210/153/39 206/325/38 200/325/34
f 201/38/35 200/37/383 206/37/320
usemtl Coffe
f 215/366/321 246/367/322 247/368/321
f 273/369/323 240/370/324 272/371/324
f 255/372/325 224/373/326 223/374/325
f 264/375/327 233/376/328 232/377/327
f 219/378/329 252/379/330 220/380/330
f 260/381/331 229/382/332 228/383/331
f 237/384/333 270/385/334 238/386/334
f 247/368/321 216/387/335 215/366/321
f 256/388/326 225/389/336 224/373/326
f 266/390/337 233/391/328 265/392/328
f 211/393/338 244/394/339 212/395/339
f 252/379/330 221/396/340 220/380/330
f 262/397/341 229/398/332 261/399/332
f 239/400/342 270/385/334 271/401/342
f 248/402/335 217/403/343 216/387/335
f 226/404/344 257/405/336 258/406/344
f 235/407/345 266/390/337 267/408/345
f 213/409/346 244/394/339 245/410/346
f 254/411/347 221/396/340 253/412/340
f 231/413/348 262/397/341 263/414/348
f 271/401/342 240/370/324 239/400/342
f 217/403/343 250/415/349 218/416/349
f 227/417/350 258/406/344 259/418/350
f 235/407/345 268/419/351 236/420/351
f 213/409/346 246/367/322 214/421/322
f 223/374/325 254/411/347 255/372/325
f 263/414/348 232/377/327 231/413/348
f 274/422/352 211/423/338 242/424/352
f 251/425/353 218/416/349 250/415/349
f 227/417/350 260/381/331 228/383/331
f 237/384/333 268/419/351 269/426/333
f 241/427/354 274/422/352 242/424/352
f 215/366/321 214/421/322 246/367/322
f 273/369/323 241/427/354 240/370/324
f 255/372/325 256/388/326 224/373/326
f 264/375/327 265/475/328 233/376/328
f 219/378/329 251/425/353 252/379/330
f 260/381/331 261/476/332 229/382/332
f 237/384/333 269/426/333 270/385/334
f 247/368/321 248/402/335 216/387/335
f 256/388/326 257/405/336 225/389/336
f 266/390/337 234/477/337 233/391/328
f 211/393/338 243/478/338 244/394/339
f 252/379/330 253/412/340 221/396/340
f 262/397/341 230/479/341 229/398/332
f 239/400/342 238/386/334 270/385/334
f 248/402/335 249/480/343 217/403/343
f 226/404/344 225/389/336 257/405/336
f 235/407/345 234/477/337 266/390/337
f 213/409/346 212/395/339 244/394/339
f 254/411/347 222/481/347 221/396/340
f 231/413/348 230/479/341 262/397/341
f 271/401/342 272/371/324 240/370/324
f 217/403/343 249/480/343 250/415/349
f 227/417/350 226/404/344 258/406/344
f 235/407/345 267/408/345 268/419/351
f 213/409/346 245/410/346 246/367/322
f 223/374/325 222/481/347 254/411/347
f 263/414/348 264/375/327 232/377/327
f 274/422/352 243/482/338 211/423/338
f 251/425/353 219/378/329 218/416/349
f 227/417/350 259/418/350 260/381/331
f 237/384/333 236/420/351 268/419/351
f 241/427/354 273/483/323 274/422/352
usemtl CoffeeLiquid
f 281/43/41 280/44/42 278/45/43
f 305/19/44 303/46/45 301/20/46
f 308/47/47 306/48/48 305/49/44
f 321/50/49 319/51/50 317/52/51
f 277/158/145 275/159/146 278/160/43
f 281/161/41 283/162/147 280/44/42
f 286/163/148 285/164/149 289/165/150
f 289/165/150 285/164/149 287/166/151
f 287/166/151 290/167/152 289/165/150
f 290/168/153 293/169/154 292/170/155
f 295/171/156 300/172/157 297/173/158
f 305/174/159 304/175/160 308/176/161
f 308/176/161 304/175/160 307/177/162
f 307/177/162 309/178/163 308/176/161
f 309/179/163 312/180/164 311/181/165
f 312/182/164 315/183/166 311/181/165
f 314/184/167 317/185/168 316/186/169
f 321/187/49 318/188/170 320/189/171
f 320/189/171 324/190/172 321/187/49
f 324/190/172 322/191/173 277/192/145
f 278/244/43 276/428/355 277/245/145
f 277/158/145 322/429/173 275/159/146
f 279/430/356 278/431/43 275/159/146
f 282/432/357 281/433/358 279/430/356
f 286/60/148 282/432/357 285/164/149
f 283/162/147 281/251/41 284/252/359
f 286/434/148 283/162/147 284/250/359
f 290/9/153 288/435/360 289/11/150
f 288/435/360 286/8/148 289/6/150
f 291/436/361 290/437/152 287/166/151
f 294/438/362 293/439/363 291/436/361
f 296/440/364 293/259/154 297/441/158
f 297/70/158 299/442/365 296/440/364
f 294/438/362 295/171/156 297/173/158
f 301/265/46 299/442/365 300/264/157
f 295/171/156 298/443/366 300/172/157
f 301/260/46 300/172/157 298/443/366
f 302/444/367 301/73/46 298/443/366
f 309/445/163 310/446/368 312/447/164
f 302/444/367 304/175/160 305/174/159
f 306/48/48 303/46/45 305/448/44
f 311/181/165 306/48/48 308/449/47
f 311/181/165 308/450/47 309/451/163
f 312/447/164 313/452/369 316/186/169
f 316/453/169 319/51/50 315/183/166
f 315/183/166 312/454/164 316/455/169
f 313/452/369 314/184/167 316/186/169
f 318/188/170 317/456/168 314/184/167
f 276/428/355 324/279/172 277/280/145
f 323/457/370 319/51/50 321/458/49
f 323/457/370 321/32/49 324/30/172
f 320/189/171 322/191/173 324/190/172
f 294/438/371 320/189/171 310/446/368
f 276/428/355 292/170/155 306/48/48
f 278/244/43 280/44/42 276/428/355
f 279/430/356 281/433/358 278/431/43
f 282/432/357 284/484/359 281/433/358
f 286/60/148 284/484/359 282/432/357
f 286/434/148 288/435/360 283/162/147
f 290/9/153 292/170/155 288/435/360
f 291/436/361 293/439/363 290/437/152
f 294/438/362 297/173/158 293/439/363
f 296/440/364 292/170/155 293/259/154
f 297/70/158 300/71/157 299/442/365
f 301/265/46 303/46/45 299/442/365
f 302/444/367 305/174/159 301/73/46
f 309/445/163 307/177/162 310/446/368
f 312/447/164 310/446/368 313/452/369
f 316/453/169 317/485/51 319/51/50
f 318/188/170 321/187/49 317/456/168
f 276/428/355 323/457/370 324/279/172
f 304/175/160 302/444/367 298/443/366
f 298/443/366 295/171/156 294/438/371
f 294/438/371 291/436/361 287/166/151
f 287/166/151 285/164/149 282/432/357
f 282/432/357 279/430/356 275/159/146
f 275/159/146 322/191/173 320/189/171
f 320/189/171 318/188/170 314/184/167
f 314/184/167 313/452/384 310/446/368
f 310/446/368 307/177/162 304/175/160
f 304/175/160 298/443/366 294/438/371
f 294/438/371 287/166/151 282/432/357
f 282/432/357 275/159/146 320/189/171
f 320/189/171 314/184/167 310/446/368
f 310/446/368 304/175/160 294/438/371
f 294/438/371 282/432/357 320/189/171
f 319/51/50 323/457/370 276/428/355
f 276/428/355 280/44/42 283/162/147
f 283/162/147 288/435/360 292/170/155
f 292/170/155 296/440/364 299/442/365
f 299/442/365 303/46/45 306/48/48
f 306/48/48 311/181/165 315/183/166
f 315/183/166 319/51/50 276/428/355
f 276/428/355 283/162/147 292/170/155
f 292/170/155 299/442/365 306/48/48
f 306/48/48 315/183/166 276/428/355
o Cube.103
v -64.135674 2.586700 2.469244
v -63.696571 2.586700 1.854888
v -62.978886 2.586700 1.854876
v -62.682091 2.586700 3.909940
v -62.978924 2.586700 4.524219
v -63.696674 2.586700 4.524312
v -64.135635 2.586700 3.909971
v -64.164825 2.586700 3.434575
v -64.164680 2.586700 2.944419
v -62.682095 2.586700 2.469210
v -62.712143 2.586700 2.944511
v -62.712143 2.586700 3.434645
v -64.118393 2.586700 2.483896
v -63.689869 2.586700 1.884344
v -62.987671 2.586700 1.884332
v -62.700836 2.586700 3.901096
v -62.987709 2.586700 4.494764
v -63.689968 2.586700 4.494855
v -64.118355 2.586700 3.895315
v -64.146736 2.586700 3.433113
v -64.146591 2.586700 2.945887
v -62.700840 2.586700 2.478052
v -62.730236 2.586700 2.943000
v -62.730232 2.586700 3.436158
v -64.087791 2.495378 2.509831
v -62.734016 2.495378 3.885442
v -63.003262 2.498614 4.442630
v -64.087769 2.495378 3.869373
v -64.114716 2.495378 3.430525
v -64.114571 2.495378 2.948484
v -62.734020 2.495378 2.493702
v -62.762257 2.495378 2.940324
v -62.762253 2.495378 3.438835
v -64.118393 2.495378 2.483896
v -63.689869 2.495378 1.884344
v -62.987671 2.495378 1.884332
v -62.700836 2.495378 3.901096
v -62.987709 2.495378 4.494764
v -63.689968 2.495378 4.494855
v -64.118355 2.495378 3.895315
v -64.146736 2.495378 3.433113
v -64.146591 2.495378 2.945887
v -62.700840 2.495378 2.478052
v -62.730236 2.495378 2.943000
v -62.730232 2.495378 3.436158
v -64.087791 2.511562 2.509831
v -62.734020 2.511562 2.493702
v -64.114571 2.511562 2.948484
v -62.762257 2.511562 2.940324
v -64.114716 2.511562 3.430525
v -62.762253 2.511562 3.438835
v -64.087769 2.511562 3.869373
v -62.734016 2.511562 3.885442
v -63.677998 2.503469 1.936480
v -63.003223 2.498614 1.936469
v -63.678101 2.503469 4.442717
v -64.135674 2.778659 2.469244
v -63.696571 2.778659 1.854888
v -62.978886 2.778659 1.854876
v -62.682091 2.778659 3.909940
v -62.978924 2.778659 4.524219
v -63.696674 2.778659 4.524312
v -64.135635 2.778659 3.909971
v -64.164825 2.778659 3.434575
v -64.164680 2.778659 2.944419
v -62.682095 2.778659 2.469210
v -62.712143 2.778659 2.944511
v -62.712143 2.778659 3.434645
v -63.669373 -1.415529 4.402891
v -63.669270 2.536556 4.402960
v -63.669319 -1.415529 1.976269
v -63.016655 -1.415529 4.402886
v -63.016785 -1.415529 1.976253
v -63.016693 2.536556 1.976218
v -64.094795 -1.415529 2.966775
v -64.094772 -1.415529 3.412366
v -64.068199 -1.415529 3.844495
v -64.094757 2.536556 2.967331
v -64.068268 -1.415529 2.534813
v -62.746971 -1.415529 3.844495
v -62.774231 -1.415529 3.412366
v -62.774200 -1.415529 2.966775
v -62.746899 -1.415529 2.534696
v -62.774223 2.536556 2.966764
v -64.068336 2.536556 2.534729
v -63.016750 2.536556 4.402887
v -64.094841 2.536556 3.412265
v -62.746922 2.536556 2.534715
v -63.669174 2.536556 1.976218
v -62.746899 2.536556 3.844388
v -64.068314 2.536556 3.844475
v -62.774212 2.536556 3.412400
vn -0.9995 -0.0000 0.0315
vn -0.9995 -0.0000 -0.0315
vn -0.0550 0.9944 0.0906
vn -0.5284 0.7589 0.3807
vn -0.8136 -0.0000 0.5814
vn 0.0319 0.9985 -0.0442
vn 0.6129 0.7303 -0.3016
vn 0.9004 -0.0000 -0.4350
vn 0.8760 0.4564 0.1559
vn 0.9005 -0.0000 0.4349
vn -0.8586 0.5120 -0.0262
vn -0.8387 0.4739 -0.2682
vn -0.9981 -0.0000 -0.0613
vn -0.9995 -0.0000 -0.0306
vn 0.5105 0.5681 0.6455
vn -0.0001 -0.0000 -1.0000
vn 0.9995 -0.0000 0.0306
vn 0.9995 -0.0000 -0.0305
vn -0.9980 -0.0000 -0.0631
vn -0.9004 -0.0000 -0.4351
vn -0.0000 1.0000 -0.0000
vn -0.9981 -0.0000 -0.0609
vn 0.9995 -0.0000 -0.0315
vn 0.9995 -0.0000 0.0315
vn -0.3782 0.8854 -0.2702
vn -0.8136 -0.0000 -0.5815
vn -0.0550 0.9944 -0.0906
vn -0.9995 -0.0000 0.0305
vn 0.8136 -0.0000 0.5815
vn 0.9981 -0.0000 0.0609
vn 0.8136 -0.0000 -0.5814
vn -0.9980 -0.0000 0.0631
vn -0.0000 -0.0000 1.0000
vn -0.9004 -0.0000 0.4350
vn 0.9981 -0.0000 -0.0613
vn -0.0811 0.9883 -0.1295
vn 0.0396 0.9980 -0.0501
vn 0.0034 1.0000 -0.0011
vn 0.0319 0.9985 0.0442
vn 0.0396 0.9980 0.0501
vn -0.0811 0.9883 0.1295
vn -0.0027 1.0000 0.0017
vn 0.0034 1.0000 0.0011
vn 0.0011 1.0000 0.0024
vn 0.4464 0.8691 0.2132
vn 0.0017 1.0000 0.0084
vn -0.0001 1.0000 -0.0042
vn 0.9980 -0.0000 -0.0631
vn -0.9981 -0.0000 0.0613
vn 0.9980 -0.0000 0.0631
vn 0.9004 -0.0000 0.4351
vn -0.0000 -0.8400 0.5426
vn -0.0000 -1.0000 -0.0000
vn -0.0000 -0.8184 0.5746
vn -0.4128 -0.6019 -0.6836
vn 0.5105 0.5681 -0.6455
vn -0.0000 -0.8184 -0.5746
vn -0.4126 0.6019 0.6837
vn -0.5309 -0.7579 -0.3792
vn 0.9004 -0.0000 -0.4351
vn 0.8760 0.4564 -0.1559
vn 0.8435 0.5364 0.0266
vn 0.9995 -0.0000 -0.0314
vn 0.8435 0.5364 -0.0266
vn -0.8137 -0.0000 0.5812
vn -0.8387 0.4740 0.2683
vn -0.8138 -0.0000 0.5812
vn -0.9995 -0.0000 0.0307
vn -0.8587 0.5119 0.0262
vn -0.4126 0.6019 -0.6837
vn 0.9980 -0.0000 -0.0630
vn -0.9981 -0.0000 0.0614
vt 0.628130 0.650159
vt 0.628114 0.599846
vt 0.857304 0.743332
vt 0.866338 0.695730
vt 0.640618 0.506661
vt 0.633664 0.552576
vt 0.625000 0.700000
vt 0.375000 0.750000
vt 0.375000 0.700000
vt 0.625000 0.150000
vt 0.625000 0.200000
vt 0.375000 0.200000
vt 0.375000 0.150000
vt 0.625000 0.750000
vt 0.868398 0.747603
vt 0.630834 0.747602
vt 0.871871 0.600154
vt 0.871887 0.649851
vt 0.628128 0.550930
vt 0.628128 0.699070
vt 0.875000 0.500000
vt 0.871873 0.551542
vt 0.868396 0.502397
vt 0.630833 0.502397
vt 0.625000 0.500000
vt 0.875000 0.750000
vt 0.871873 0.698459
vt 0.875000 0.700000
vt 0.875000 0.650000
vt 0.875000 0.600000
vt 0.875000 0.550000
vt 0.625000 0.550000
vt 0.625000 0.600000
vt 0.625000 0.650000
vt 0.866337 0.554271
vt 0.866332 0.600427
vt 0.633670 0.650441
vt 0.633624 0.599573
vt 0.857301 0.506668
vt 0.866376 0.649587
vt 0.640618 0.743338
vt 0.633665 0.697423
vt 0.125000 0.750000
vt 0.375000 0.250000
vt 0.375000 0.500000
vt 0.625000 1.000000
vt 0.375000 1.000000
vt 0.375000 0.550000
vt 0.125000 0.500000
vt 0.375000 0.600000
vt 0.125000 0.550000
vt 0.375000 0.650000
vt 0.125000 0.600000
vt 0.125000 0.700000
vt 0.375000 0.000000
vt 0.625000 0.050000
vt 0.375000 0.050000
vt 0.375000 0.100000
vt 0.625000 0.100000
vt 0.625000 0.250000
vt 0.125000 0.650000
vt 0.625000 0.000000
s 1
usemtl Plastic
f 348/486/385 368/487/386 369/486/385
f 380/488/387 376/489/388 352/489/389
f 379/490/390 371/491/391 355/491/392
f 342/500/400 362/501/400 363/500/400
f 345/502/401 365/503/402 366/502/401
f 347/487/386 367/504/403 368/487/386
f 341/501/404 361/505/404 362/501/404
f 326/506/405 337/507/405 338/508/405
f 326/506/405 339/509/405 327/510/405
f 328/492/405 341/501/405 329/499/405
f 330/511/405 341/501/405 342/500/405
f 330/511/405 343/512/405 331/513/405
f 332/514/405 343/512/405 344/503/405
f 333/515/405 344/503/405 345/502/405
f 333/515/405 337/507/405 325/516/405
f 334/517/405 339/509/405 346/504/405
f 335/518/405 346/504/405 347/487/405
f 335/518/405 348/486/405 336/519/405
f 336/519/405 340/505/405 328/492/405
f 349/520/406 372/521/398 370/520/406
f 357/522/407 373/523/408 375/522/407
f 349/520/409 370/520/410 378/524/411
f 354/521/398 374/525/412 372/521/398
f 338/508/413 358/507/413 359/508/413
f 337/507/414 366/502/401 358/507/414
f 343/512/415 363/500/415 364/512/415
f 340/505/416 369/486/385 361/505/416
f 339/509/417 359/508/417 360/509/417
f 346/504/418 360/509/418 367/504/418
f 344/503/402 364/512/419 365/503/402
f 359/508/420 349/520/409 378/524/411
f 359/508/420 379/490/390 360/509/421
f 361/505/422 351/526/423 362/501/424
f 363/500/425 351/526/423 380/488/387
f 363/500/425 352/489/426 364/512/405
f 365/503/405 352/489/426 353/525/405
f 366/502/405 353/525/405 354/521/405
f 366/502/405 349/520/409 358/507/405
f 367/504/427 379/490/390 355/491/428
f 368/487/405 355/491/428 356/523/405
f 368/487/405 357/522/405 369/486/405
f 369/486/405 350/527/429 361/505/422
f 380/488/387 377/527/430 376/489/388
f 371/491/391 378/524/411 370/520/431
f 373/523/405 370/520/431 372/521/405
f 375/522/405 372/521/405 374/525/405
f 376/489/388 375/522/405 374/525/405
f 350/527/432 375/522/407 377/527/432
f 353/525/412 376/489/433 374/525/412
f 356/523/408 371/491/434 373/523/408
f 350/527/429 377/527/435 351/526/423
f 329/499/400 386/511/400 385/499/400
f 335/518/386 392/519/385 391/518/386
f 325/516/413 382/506/413 381/516/413
f 333/515/401 381/516/414 389/515/401
f 330/511/415 387/513/415 386/511/415
f 336/519/385 384/492/416 392/519/385
f 326/506/417 383/510/417 382/506/417
f 327/510/418 390/517/418 383/510/418
f 331/513/419 388/514/402 387/513/419
f 328/492/404 385/499/404 384/492/404
f 334/517/403 391/518/386 390/517/403
f 332/514/402 389/515/401 388/514/402
f 388/514/437 383/510/437 392/519/437
f 348/486/385 347/487/386 368/487/386
f 342/500/400 341/501/400 362/501/400
f 345/502/401 344/503/402 365/503/402
f 347/487/386 346/504/403 367/504/403
f 341/501/404 340/505/404 361/505/404
f 326/506/405 325/516/405 337/507/405
f 326/506/405 338/508/405 339/509/405
f 328/492/405 340/505/405 341/501/405
f 330/511/405 329/499/405 341/501/405
f 330/511/405 342/500/405 343/512/405
f 332/514/405 331/513/405 343/512/405
f 333/515/405 332/514/405 344/503/405
f 333/515/405 345/502/405 337/507/405
f 334/517/405 327/510/405 339/509/405
f 335/518/405 334/517/405 346/504/405
f 335/518/405 347/487/405 348/486/405
f 336/519/405 348/486/405 340/505/405
f 349/520/406 354/521/398 372/521/398
f 357/522/407 356/523/408 373/523/408
f 354/521/398 353/525/412 374/525/412
f 338/508/413 337/507/413 358/507/413
f 337/507/414 345/502/401 366/502/401
f 343/512/415 342/500/415 363/500/415
f 340/505/416 348/486/385 369/486/385
f 339/509/417 338/508/417 359/508/417
f 346/504/418 339/509/418 360/509/418
f 344/503/402 343/512/419 364/512/419
f 359/508/420 358/507/405 349/520/409
f 359/508/420 378/524/411 379/490/390
f 361/505/422 350/527/429 351/526/423
f 363/500/425 362/501/424 351/526/423
f 363/500/425 380/488/387 352/489/426
f 365/503/405 364/512/405 352/489/426
f 366/502/405 365/503/405 353/525/405
f 366/502/405 354/521/405 349/520/409
f 367/504/427 360/509/421 379/490/390
f 368/487/405 367/504/427 355/491/428
f 368/487/405 356/523/405 357/522/405
f 369/486/405 357/522/405 350/527/429
f 380/488/387 351/526/423 377/527/430
f 371/491/391 379/490/390 378/524/411
f 373/523/405 371/491/391 370/520/431
f 375/522/405 373/523/405 372/521/405
f 376/489/388 377/527/430 375/522/405
f 350/527/432 357/522/407 375/522/407
f 353/525/412 352/489/433 376/489/433
f 356/523/408 355/491/434 371/491/434
f 329/499/400 330/511/400 386/511/400
f 335/518/386 336/519/385 392/519/385
f 325/516/413 326/506/413 382/506/413
f 333/515/401 325/516/414 381/516/414
f 330/511/415 331/513/415 387/513/415
f 336/519/385 328/492/416 384/492/416
f 326/506/417 327/510/417 383/510/417
f 327/510/418 334/517/418 390/517/418
f 331/513/419 332/514/402 388/514/402
f 328/492/404 329/499/404 385/499/404
f 334/517/403 335/518/386 391/518/386
f 332/514/402 333/515/401 389/515/401
f 384/492/437 385/499/437 386/511/437
f 386/511/437 387/513/437 388/514/437
f 388/514/437 389/515/437 381/516/437
f 381/516/437 382/506/437 383/510/437
f 383/510/437 390/517/437 391/518/437
f 392/519/437 384/492/437 386/511/437
f 383/510/437 391/518/437 392/519/437
f 388/514/437 381/516/437 383/510/437
f 392/519/437 386/511/437 388/514/437
usemtl Glass
f 414/492/393 396/493/394 404/494/394
f 402/495/395 409/496/396 403/497/397
f 402/495/395 403/497/397 399/498/398
f 414/492/393 410/499/399 396/493/394
f 393/528/436 404/494/437 396/493/438
f 395/529/439 398/510/440 397/530/441
f 396/493/438 394/531/442 393/532/436
f 409/496/396 395/529/439 403/497/443
f 407/533/437 395/534/439 397/530/441
f 406/535/437 403/536/443 407/533/437
f 405/537/437 399/538/437 406/535/437
f 401/539/437 405/537/437 404/494/437
f 407/533/444 398/510/440 412/517/445
f 406/535/408 412/517/445 408/518/446
f 405/537/447 408/518/446 416/519/448
f 414/492/393 405/537/447 416/519/448
f 393/540/449 415/541/450 401/542/451
f 400/543/452 415/541/450 411/544/453
f 402/495/395 400/543/452 411/544/453
f 394/511/442 414/492/393 415/513/450
f 396/493/438 410/499/399 394/531/442
f 398/510/440 395/529/439 413/545/454
f 412/517/445 413/506/454 409/516/396
f 408/518/446 409/516/396 402/515/395
f 416/519/448 402/515/395 411/514/453
f 415/513/450 416/519/448 411/514/453
f 393/528/436 401/539/437 404/494/437
f 409/496/396 413/545/454 395/529/439
f 407/533/437 403/536/443 395/534/439
f 406/535/437 399/538/437 403/536/443
f 405/537/437 400/546/437 399/538/437
f 401/539/437 400/546/437 405/537/437
f 407/533/444 397/530/444 398/510/440
f 406/535/408 407/533/434 412/517/445
f 405/537/447 406/535/408 408/518/446
f 414/492/393 404/494/455 405/537/447
f 393/540/449 394/547/442 415/541/450
f 400/543/452 401/542/456 415/541/450
f 402/495/395 399/498/398 400/543/452
f 394/511/442 410/499/399 414/492/393
f 412/517/445 398/510/440 413/506/454
f 408/518/446 412/517/445 409/516/396
f 416/519/448 408/518/446 402/515/395
f 415/513/450 414/492/393 416/519/448
o Cube.104
v -59.729126 -1.396398 4.002858
v -59.729126 2.999460 4.002859
v -60.292854 -1.396398 1.946233
v -62.334957 2.060104 0.887437
v -61.170753 2.060104 0.887437
v -62.813431 2.692894 3.473834
v -62.716148 2.999459 1.772913
v -60.789562 2.999459 1.772913
v -62.334957 2.060104 -1.459896
v -61.170753 2.060104 -1.459896
v -62.716148 2.999459 -1.932657
v -60.789562 2.999459 -1.932657
v -63.464252 2.999459 0.546796
v -63.464252 2.999459 -0.706540
v -62.785133 2.060104 -0.722075
v -62.785133 2.060104 0.149616
v -60.720577 2.060104 -0.722075
v -60.720577 2.060104 0.149616
v -60.041458 2.999459 -0.706540
v -60.041458 2.999459 0.546796
v -60.292854 2.999459 1.946233
v -62.813431 2.999459 -2.105977
v -60.692280 2.999459 -2.105977
v -63.637573 2.999459 -0.755240
v -59.868137 2.999459 0.595496
v -63.637573 2.999459 0.595496
v -59.868137 2.999459 -0.755240
v -60.615723 2.107283 0.374091
v -63.331081 2.451489 0.498032
v -60.615723 2.107283 -0.533835
v -63.331081 2.451489 -0.657776
v -62.110413 2.037056 0.683118
v -61.395298 2.037056 0.683118
v -62.110413 2.037056 -0.842862
v -61.395298 2.037056 -0.842862
v -62.641190 2.451489 1.628738
v -60.864521 2.451489 1.628738
v -62.641190 2.451489 -1.788482
v -60.864521 2.451489 -1.788482
v -62.889988 2.107283 -0.533835
v -60.174629 2.451489 0.498032
v -62.889988 2.107283 0.374091
v -60.174629 2.451489 -0.657776
v -60.292854 2.060104 1.946233
v -62.813431 2.060104 -2.105977
v -60.692280 2.060104 -2.105977
v -63.637573 2.060104 0.595496
v -59.868137 2.060104 0.595496
v -63.637573 2.060104 -0.755240
v -59.868137 2.060104 -0.755240
v -62.588669 1.684554 0.066666
v -61.496246 1.684554 -0.096082
v -62.588669 1.684554 -0.639125
v -61.496246 1.684554 -0.476377
v -61.899063 1.684554 0.084859
v -61.606644 1.684554 0.084859
v -61.899063 1.684554 -0.657318
v -61.606644 1.684554 -0.657318
v -62.224171 1.684554 0.664064
v -61.281540 1.684554 0.664064
v -62.224171 1.684554 -1.236523
v -61.281540 1.684554 -1.236523
v -62.009464 1.684554 -0.096082
v -60.917038 1.684554 0.066666
v -62.009464 1.684554 -0.476377
v -60.917042 1.684554 -0.639125
v -61.938354 1.567594 -0.148775
v -61.567356 1.567594 -0.148775
v -61.938354 1.567594 -0.423684
v -61.567356 1.567594 -0.423684
v -61.858547 1.567594 -0.017975
v -61.647163 1.567594 -0.017975
v -61.858547 1.567594 -0.554484
v -61.647163 1.567594 -0.554484
v -62.813431 2.366670 3.473834
v -62.813431 2.060104 1.946233
v -62.813431 2.999460 4.067383
v -63.068104 2.366670 3.473834
v -63.068104 2.692894 3.473834
v -62.813431 -1.396398 1.946233
v -62.813431 -0.892903 2.753046
v -62.813431 -0.892903 3.260570
v -62.813431 -0.619545 3.260570
v -62.813431 -0.619545 2.753046
v -63.100929 -0.892903 2.753046
v -63.100929 -0.892903 3.260570
v -63.100929 -0.619545 3.260570
v -62.813431 -1.396398 4.067383
v -60.236153 -1.396398 3.071333
v -60.236153 2.999460 3.071332
v -62.813431 2.999460 1.946233
v -62.813431 2.366670 2.539782
v -62.813431 2.692894 2.539782
v -63.068104 2.366670 2.539782
v -63.068104 2.692894 2.539782
v -63.100929 -0.619545 2.753046
v -62.122879 -1.396398 4.679079
v -60.394081 2.999460 4.614553
v -60.394081 -1.396398 4.614553
v -62.122879 2.999460 4.679079
v -62.393604 2.107283 1.187645
v -61.112106 2.107283 1.187645
v -62.393604 2.107283 -1.347389
v -61.112106 2.107283 -1.347389
v -62.385460 2.037056 -0.392071
v -61.120251 2.037056 0.232327
v -62.385460 2.037056 0.232327
v -61.120251 2.037056 -0.392071
v -61.683441 -1.285700 -1.503529
v -61.683441 -1.037086 -0.678206
v -61.390118 -1.285700 -1.474639
v -61.551132 -1.037086 -0.665174
v -61.108067 -1.285700 -1.389080
v -61.423904 -1.037086 -0.626581
v -60.848125 -1.285700 -1.250139
v -61.306652 -1.037086 -0.563908
v -60.620289 -1.285700 -1.063156
v -61.203880 -1.037086 -0.479564
v -60.433304 -1.285700 -0.835316
v -61.119534 -1.037086 -0.376791
v -60.294361 -1.285700 -0.575376
v -61.056862 -1.037086 -0.259538
v -60.208805 -1.285700 -0.293324
v -61.018269 -1.037086 -0.132311
v -60.179913 -1.285700 0.000000
v -61.005238 -1.037086 0.000000
v -60.208805 -1.285700 0.293324
v -61.018269 -1.037086 0.132311
v -60.294361 -1.285700 0.575376
v -61.056862 -1.037086 0.259538
v -60.433304 -1.285700 0.835316
v -61.119534 -1.037086 0.376791
v -60.620289 -1.285700 1.063156
v -61.203880 -1.037086 0.479564
v -60.848125 -1.285700 1.250139
v -61.306652 -1.037086 0.563908
v -61.108067 -1.285700 1.389080
v -61.423904 -1.037086 0.626581
v -61.390118 -1.285700 1.474639
v -61.551132 -1.037086 0.665174
v -61.683441 -1.285700 1.503529
v -61.683441 -1.037086 0.678206
v -61.976768 -1.285700 1.474639
v -61.815754 -1.037086 0.665174
v -62.258820 -1.285700 1.389080
v -61.942982 -1.037086 0.626581
v -62.518761 -1.285700 1.250139
v -62.060234 -1.037086 0.563908
v -62.746597 -1.285700 1.063156
v -62.163006 -1.037086 0.479564
v -62.933582 -1.285700 0.835316
v -62.247349 -1.037086 0.376791
v -63.072521 -1.285700 0.575376
v -62.310024 -1.037086 0.259538
v -63.158081 -1.285700 0.293324
v -62.348618 -1.037086 0.132311
v -63.186974 -1.285700 0.000000
v -62.361649 -1.037086 0.000000
v -63.158081 -1.285700 -0.293324
v -62.348618 -1.037086 -0.132311
v -63.072521 -1.285700 -0.575376
v -62.310024 -1.037086 -0.259538
v -62.933582 -1.285700 -0.835316
v -62.247349 -1.037086 -0.376791
v -62.746597 -1.285700 -1.063156
v -62.163006 -1.037086 -0.479564
v -62.518761 -1.285700 -1.250139
v -62.060234 -1.037086 -0.563908
v -62.258820 -1.285700 -1.389080
v -61.942982 -1.037086 -0.626581
v -61.976768 -1.285700 -1.474639
v -61.815754 -1.037086 -0.665174
v -61.390118 -1.037086 -1.474639
v -61.683441 -1.037086 -1.503529
v -61.108067 -1.037086 -1.389080
v -60.848125 -1.037086 -1.250139
v -60.620289 -1.037086 -1.063156
v -60.433304 -1.037086 -0.835316
v -60.294361 -1.037086 -0.575376
v -60.208805 -1.037086 -0.293324
v -60.179913 -1.037086 0.000000
v -60.208805 -1.037086 0.293324
v -60.294361 -1.037086 0.575376
v -60.433304 -1.037086 0.835316
v -60.620289 -1.037086 1.063156
v -60.848125 -1.037086 1.250139
v -61.108067 -1.037086 1.389080
v -61.390118 -1.037086 1.474639
v -61.683441 -1.037086 1.503529
v -61.976768 -1.037086 1.474639
v -62.258820 -1.037086 1.389080
v -62.518761 -1.037086 1.250139
v -62.746597 -1.037086 1.063156
v -62.933582 -1.037086 0.835316
v -63.072521 -1.037086 0.575376
v -63.158081 -1.037086 0.293324
v -63.186974 -1.037086 0.000000
v -63.158081 -1.037086 -0.293324
v -63.072521 -1.037086 -0.575376
v -62.933582 -1.037086 -0.835316
v -62.746597 -1.037086 -1.063156
v -62.518761 -1.037086 -1.250139
v -62.258820 -1.037086 -1.389080
v -61.976768 -1.037086 -1.474639
v -61.444225 -1.037086 -1.202636
v -61.683441 -1.037086 -1.226197
v -61.214199 -1.037086 -1.132858
v -61.002205 -1.037086 -1.019545
v -60.816391 -1.037086 -0.867052
v -60.663898 -1.037086 -0.681238
v -60.550583 -1.037086 -0.469245
v -60.480808 -1.037086 -0.239219
v -60.457245 -1.037086 0.000000
v -60.480808 -1.037086 0.239219
v -60.550583 -1.037086 0.469245
v -60.663898 -1.037086 0.681238
v -60.816391 -1.037086 0.867052
v -61.002205 -1.037086 1.019545
v -61.214199 -1.037086 1.132858
v -61.444225 -1.037086 1.202636
v -61.683441 -1.037086 1.226197
v -61.922661 -1.037086 1.202636
v -62.152687 -1.037086 1.132858
v -62.364681 -1.037086 1.019545
v -62.550495 -1.037086 0.867052
v -62.702988 -1.037086 0.681238
v -62.816299 -1.037086 0.469245
v -62.886078 -1.037086 0.239219
v -62.909641 -1.037086 0.000000
v -62.886078 -1.037086 -0.239219
v -62.816299 -1.037086 -0.469245
v -62.702988 -1.037086 -0.681238
v -62.550495 -1.037086 -0.867052
v -62.364681 -1.037086 -1.019545
v -62.152687 -1.037086 -1.132858
v -61.922661 -1.037086 -1.202636
v -61.444225 -0.925109 -1.202636
v -61.683441 -0.925109 -1.226197
v -61.214199 -0.925109 -1.132858
v -61.002205 -0.925109 -1.019545
v -60.816391 -0.925109 -0.867052
v -60.663898 -0.925109 -0.681238
v -60.550583 -0.925109 -0.469245
v -60.480808 -0.925109 -0.239219
v -60.457245 -0.925109 0.000000
v -60.480808 -0.925109 0.239219
v -60.550583 -0.925109 0.469245
v -60.663898 -0.925109 0.681238
v -60.816391 -0.925109 0.867052
v -61.002205 -0.925109 1.019545
v -61.214199 -0.925109 1.132858
v -61.444225 -0.925109 1.202636
v -61.683441 -0.925109 1.226197
v -61.922661 -0.925109 1.202636
v -62.152687 -0.925109 1.132858
v -62.364681 -0.925109 1.019545
v -62.550495 -0.925109 0.867052
v -62.702988 -0.925109 0.681238
v -62.816299 -0.925109 0.469245
v -62.886078 -0.925109 0.239219
v -62.909641 -0.925109 0.000000
v -62.886078 -0.925109 -0.239219
v -62.816299 -0.925109 -0.469245
v -62.702988 -0.925109 -0.681238
v -62.550495 -0.925109 -0.867052
v -62.364681 -0.925109 -1.019545
v -62.152687 -0.925109 -1.132858
v -61.922661 -0.925109 -1.202636
v -61.474228 -0.925109 -1.051787
v -61.683441 -0.925109 -1.072393
v -61.273056 -0.925109 -0.990762
v -61.087654 -0.925109 -0.891662
v -60.925148 -0.925109 -0.758296
v -60.791782 -0.925109 -0.595789
v -60.692680 -0.925109 -0.410387
v -60.631657 -0.925109 -0.209213
v -60.611050 -0.925109 0.000000
v -60.631657 -0.925109 0.209213
v -60.692680 -0.925109 0.410387
v -60.791782 -0.925109 0.595789
v -60.925148 -0.925109 0.758296
v -61.087654 -0.925109 0.891662
v -61.273056 -0.925109 0.990761
v -61.474228 -0.925109 1.051787
v -61.683441 -0.925109 1.072392
v -61.892654 -0.925109 1.051787
v -62.093830 -0.925109 0.990761
v -62.279232 -0.925109 0.891662
v -62.441738 -0.925109 0.758296
v -62.575104 -0.925109 0.595789
v -62.674206 -0.925109 0.410387
v -62.735229 -0.925109 0.209213
v -62.755836 -0.925109 0.000000
v -62.735229 -0.925109 -0.209213
v -62.674206 -0.925109 -0.410387
v -62.575104 -0.925109 -0.595789
v -62.441738 -0.925109 -0.758296
v -62.279232 -0.925109 -0.891662
v -62.093830 -0.925109 -0.990762
v -61.892654 -0.925109 -1.051787
v -61.474228 -1.037086 -1.051787
v -61.683441 -1.037086 -1.072393
v -61.273056 -1.037086 -0.990762
v -61.087654 -1.037086 -0.891662
v -60.925148 -1.037086 -0.758296
v -60.791782 -1.037086 -0.595789
v -60.692680 -1.037086 -0.410387
v -60.631657 -1.037086 -0.209213
v -60.611050 -1.037086 0.000000
v -60.631657 -1.037086 0.209213
v -60.692680 -1.037086 0.410387
v -60.791782 -1.037086 0.595789
v -60.925148 -1.037086 0.758296
v -61.087654 -1.037086 0.891662
v -61.273056 -1.037086 0.990761
v -61.474228 -1.037086 1.051787
v -61.683441 -1.037086 1.072392
v -61.892654 -1.037086 1.051787
v -62.093830 -1.037086 0.990761
v -62.279232 -1.037086 0.891662
v -62.441738 -1.037086 0.758296
v -62.575104 -1.037086 0.595789
v -62.674206 -1.037086 0.410387
v -62.735229 -1.037086 0.209213
v -62.755836 -1.037086 0.000000
v -62.735229 -1.037086 -0.209213
v -62.674206 -1.037086 -0.410387
v -62.575104 -1.037086 -0.595789
v -62.441738 -1.037086 -0.758296
v -62.279232 -1.037086 -0.891662
v -62.093830 -1.037086 -0.990762
v -61.892654 -1.037086 -1.051787
v -61.558445 -1.074687 -0.628398
v -61.683441 -1.074687 -0.640709
v -61.438255 -1.074687 -0.591938
v -61.327484 -1.074687 -0.532730
v -61.230392 -1.074687 -0.453050
v -61.150711 -1.074687 -0.355959
v -61.091503 -1.074687 -0.245189
v -61.055046 -1.074687 -0.124996
v -61.042732 -1.074687 0.000000
v -61.055046 -1.074687 0.124996
v -61.091503 -1.074687 0.245189
v -61.150711 -1.074687 0.355959
v -61.230392 -1.074687 0.453050
v -61.327484 -1.074687 0.532730
v -61.438255 -1.074687 0.591938
v -61.558445 -1.074687 0.628398
v -61.683441 -1.074687 0.640709
v -61.808437 -1.074687 0.628398
v -61.928631 -1.074687 0.591938
v -62.039402 -1.074687 0.532730
v -62.136494 -1.074687 0.453050
v -62.216175 -1.074687 0.355959
v -62.275383 -1.074687 0.245189
v -62.311840 -1.074687 0.124996
v -62.324154 -1.074687 0.000000
v -62.311840 -1.074687 -0.124996
v -62.275383 -1.074687 -0.245189
v -62.216175 -1.074687 -0.355959
v -62.136494 -1.074687 -0.453050
v -62.039402 -1.074687 -0.532730
v -61.928631 -1.074687 -0.591938
v -61.808437 -1.074687 -0.628398
v -61.491688 -1.330217 -1.972513
v -60.589523 -1.285700 -1.637167
v -60.291145 -1.285700 -1.392296
v -60.046276 -1.285700 -1.093920
v -59.864319 -1.285700 -0.753505
v -59.752274 -1.285700 -0.384134
v -59.714439 -1.285700 0.000000
v -59.752274 -1.285700 0.384134
v -59.864319 -1.285700 0.753505
v -60.046276 -1.285700 1.093920
v -60.291145 -1.285700 1.392296
v -60.589523 -1.285700 1.637167
v -60.929939 -1.285700 1.819122
v -61.299309 -1.285700 1.931170
v -61.683441 -1.285700 1.969004
v -62.067577 -1.285700 1.931170
v -62.436947 -1.285700 1.819122
v -62.777363 -1.285700 1.637167
v -63.075737 -1.285700 1.392296
v -63.320610 -1.285700 1.093920
v -63.502563 -1.285700 0.753505
v -63.614613 -1.285700 0.384134
v -63.652447 -1.285700 0.000000
v -63.614613 -1.285700 -0.384134
v -63.502563 -1.285700 -0.753505
v -63.320610 -1.285700 -1.093920
v -63.075737 -1.285700 -1.392296
v -62.254215 -1.330221 -1.896667
v -62.070129 -1.330288 -1.953119
v -61.683216 -1.856061 -2.261288
v -61.496815 -1.856085 -2.243052
v -60.589523 -1.900602 -1.637167
v -60.291145 -1.900602 -1.392296
v -60.046276 -1.900602 -1.093920
v -59.864319 -1.900602 -0.753505
v -59.752274 -1.900602 -0.384134
v -59.714439 -1.900602 0.000000
v -59.752274 -1.900602 0.384134
v -59.864319 -1.900602 0.753505
v -60.046276 -1.900602 1.093920
v -60.291145 -1.900602 1.392296
v -62.777363 -1.900602 1.637167
v -63.075737 -1.900602 1.392296
v -63.320610 -1.900602 1.093920
v -63.502563 -1.900602 0.753505
v -63.614613 -1.900602 0.384134
v -63.652447 -1.900602 0.000000
v -63.614613 -1.900602 -0.384134
v -63.502563 -1.900602 -0.753505
v -63.320610 -1.900602 -1.093920
v -63.075737 -1.900602 -1.392296
v -62.244747 -1.856081 -2.170137
v -60.166817 -1.900602 2.654659
v -62.653030 -1.285700 2.899530
v -59.632675 -1.900602 3.361320
v -62.931198 -1.285700 3.606190
v -62.799629 -1.900602 2.899530
v -59.560040 -1.900602 4.279461
v -59.955902 -1.900602 4.524333
v -60.407539 -1.900602 4.706287
v -60.925785 -1.317979 4.820428
v -61.888680 -1.317979 4.820428
v -62.406925 -1.900602 4.706287
v -62.858562 -1.900602 4.524332
v -60.925785 -1.868323 4.820428
v -61.407234 -1.868323 4.856169
v -61.888680 -1.868323 4.820428
v -62.916882 -1.893317 1.709046
v -62.799629 -1.893317 2.899530
v -62.916882 -1.460796 1.709046
v -62.799629 -1.460796 2.899530
v -63.077793 -1.893317 3.606190
v -63.010857 -1.460796 4.452331
v -63.077793 -1.460796 3.606190
v -63.010857 -1.893317 4.452331
v -62.923962 -1.900602 1.637167
v -62.923962 -1.285700 1.637167
v -62.799629 -1.285700 2.899530
v -63.077793 -1.900602 3.606190
v -63.077793 -1.285700 3.606190
v -63.005161 -1.900602 4.524332
v -64.069046 -1.460796 2.817265
v -64.069046 -1.893317 2.817265
v -64.347206 -1.460796 3.523925
v -64.347206 -1.893317 3.523925
v -64.069046 -1.893317 2.817265
v -62.916882 -1.893317 1.709046
v -63.733929 -1.893317 2.041986
v -62.916882 -1.460796 1.709046
v -64.069046 -1.460796 2.817265
v -63.733929 -1.460796 2.041986
v -64.347206 -1.460796 3.523925
v -63.010857 -1.460796 4.452331
v -63.887993 -1.460796 4.120869
v -63.010857 -1.893317 4.452331
v -64.347206 -1.893317 3.523925
v -63.887993 -1.893317 4.120869
v -61.407234 -1.317979 4.856170
v -60.897594 -1.900602 4.818336
v -61.407234 -1.900602 4.856169
v -61.916874 -1.900602 4.818336
v -61.407234 -1.868323 4.930604
v -61.407234 -1.317979 4.930604
v -61.097603 -1.399657 4.907618
v -61.716862 -1.399657 4.907618
v -61.097603 -1.786645 4.907618
v -61.716862 -1.786645 4.907618
v -60.925785 -1.317979 4.894862
v -61.407234 -1.399657 4.930604
v -61.888680 -1.317979 4.894862
v -60.925785 -1.868323 4.894862
v -61.407234 -1.786645 4.930604
v -61.888680 -1.868323 4.894862
v -61.407234 -1.786645 4.917671
v -61.407234 -1.399657 4.917671
v -61.097603 -1.399657 4.894685
v -61.716862 -1.399657 4.894685
v -61.097603 -1.786645 4.894685
v -61.716862 -1.786645 4.894685
v -61.683441 -1.285700 -1.969003
v -61.297939 -1.285700 -1.930802
v -60.929939 -1.285700 -1.819122
v -62.777363 -1.285700 -1.637167
v -62.438496 -1.285704 -1.818451
v -62.067577 -1.285700 -1.931170
v -61.683441 -1.900602 -2.283828
v -60.929939 -1.900602 -2.133947
v -62.777363 -1.900602 -1.951992
v -62.067577 -1.900602 -2.245995
v -62.434563 -1.900599 -2.135054
v -61.300282 -1.900599 -2.246279
v -61.682995 -1.330241 -1.991544
v -62.064335 -1.856081 -2.224061
v -62.059669 -1.875048 -2.187300
v -61.679806 -1.875042 -2.224299
v -62.195343 -1.353940 -1.879023
v -62.241108 -1.875044 -2.133186
v -61.493176 -1.875042 -2.206111
v -61.548759 -1.691840 -2.117532
v -61.545467 -1.353939 -1.943707
v -62.068829 -1.353970 -1.918268
v -61.679985 -1.353931 -1.957090
v -61.586491 -1.875042 -2.215205
v -61.588669 -1.691838 -2.121418
v -62.062294 -1.691838 -2.092872
v -62.189255 -1.691850 -2.054666
v -61.488049 -1.349174 -1.935573
v -62.068253 -1.349177 -1.915960
v -61.679688 -1.349166 -1.954660
v -62.250576 -1.349185 -1.859713
v -62.244324 -1.696601 -2.040402
v -61.491436 -1.696603 -2.114311
v -61.679802 -1.691846 -2.130372
v -62.064529 -1.369124 -1.888925
v -62.059162 -1.707080 -2.063219
v -61.676865 -1.369176 -1.927377
v -61.676716 -1.707072 -2.100692
v -61.542526 -1.369172 -1.914018
v -62.186310 -1.707116 -2.024944
v -62.192429 -1.369047 -1.849630
v -61.545818 -1.707092 -2.087804
v -62.093204 -1.725611 -2.099516
v -62.091465 -1.846103 -2.162445
v -61.727203 -1.725615 -2.141739
v -61.727276 -1.846105 -2.204300
v -61.524384 -1.725582 -2.131894
v -61.525635 -1.846138 -2.193137
v -61.618427 -1.725582 -2.141115
v -61.619087 -1.846138 -2.202256
v -62.121326 -1.725580 -2.091794
v -62.119034 -1.846134 -2.153477
v -61.823376 -1.725582 -2.133064
v -61.822323 -1.846137 -2.194290
v -61.553268 -1.725615 -2.133974
v -61.553783 -1.846105 -2.196640
v -61.647312 -1.725615 -2.143194
v -61.647240 -1.846105 -2.205758
v -60.350468 -0.256922 1.535505
v -60.291145 -0.262963 1.392296
v -60.589523 -0.262963 1.637167
v -60.547653 -0.256932 1.694022
v -60.929939 -0.262963 1.819122
v -60.905373 -0.256934 1.884824
v -61.299309 -0.262963 1.931170
v -61.282299 -0.256931 1.998535
v -61.683441 -0.262963 1.969004
v -61.674721 -0.256934 2.038867
v -62.067577 -0.262963 1.931170
v -62.078850 -0.256934 2.000402
v -62.436947 -0.262963 1.819122
v -62.466923 -0.256932 1.883053
v -62.691246 -0.256922 1.766051
v -62.777363 -0.262963 1.637167
v -62.653030 -0.262963 2.899530
v -62.588757 -0.257001 2.910890
v -60.166817 -0.262963 2.654659
v -60.228821 -0.257007 2.667791
v -59.632675 -0.262963 3.361320
v -59.709629 -0.256936 3.386134
v -62.931198 -0.262963 3.606190
v -62.893116 -0.256920 3.705151
v -62.858562 -0.262963 4.524332
v -62.929047 -0.256882 4.447075
v -60.407539 -0.262963 4.706287
v -60.427544 -0.256922 4.633526
v -60.897602 -0.262963 4.818337
v -60.910385 -0.256930 4.744582
v -59.636398 -0.256922 4.240775
v -59.560040 -0.262963 4.279461
v -59.991772 -0.256928 4.458121
v -59.955902 -0.262963 4.524332
v -61.414501 -0.256928 4.780859
v -61.407234 -0.262963 4.856169
v -61.908245 -0.256922 4.743489
v -61.916866 -0.262963 4.818336
v -62.382648 -0.256928 4.635171
v -62.406925 -0.262963 4.706287
v -63.005161 -0.262963 4.524332
v -62.998714 -0.256922 3.679261
v -63.077793 -0.262963 3.606190
v -62.518322 3.352243 2.010034
v -62.418945 3.352243 2.010034
v -62.617699 3.041587 -2.415878
v -60.392723 3.041587 -2.415878
v -63.481674 3.041587 -0.999857
v -59.528748 3.041587 -0.999856
v -59.528748 3.041587 0.447599
v -62.518322 2.941252 2.010034
v -62.617699 3.352243 -2.415878
v -60.392723 3.352243 -2.415878
v -63.481674 3.352243 -0.999857
v -59.528748 3.352243 0.447599
v -59.528748 3.352243 -0.999856
v -62.418945 3.041587 1.863620
v -63.481674 3.041587 0.447600
v -62.518322 3.041587 1.863620
v -62.617699 3.041587 1.863620
v -60.591473 3.041587 1.863620
v -60.392723 3.041587 1.863620
v -60.492096 3.041587 1.863620
v -62.418945 3.352243 1.863620
v -63.481674 3.352243 0.447600
v -62.617699 3.352243 1.863620
v -62.518322 3.352243 1.863620
v -60.591473 3.352243 1.863620
v -60.492096 3.352243 1.863620
v -60.392723 3.352243 1.863620
v -60.492096 3.352243 2.010034
v -60.492096 2.941252 2.010034
v -60.591473 2.941252 2.010034
v -60.591473 3.352243 2.010034
v -62.418945 2.941252 2.010034
v -62.518322 2.941252 1.863620
v -62.418945 2.941252 1.863620
v -60.591473 2.941252 1.863620
v -60.492096 2.941252 1.863620
vn -1.0000 -0.0000 -0.0000
vn -0.9045 -0.3015 -0.3015
vn -0.9045 0.3015 0.3015
vn -0.7118 0.7024 -0.0000
vn -0.6103 0.7733 0.1715
vn -0.9045 0.3015 -0.3015
vn -0.9487 -0.3162 -0.0000
vn -0.9487 0.3162 -0.0000
vn -0.9837 -0.0000 0.1796
vn -0.0000 1.0000 -0.0000
vn 0.6248 0.7607 -0.1759
vn -0.6631 -0.0000 0.7486
vn 0.7071 -0.0000 -0.7071
vn 0.8315 -0.0000 -0.5556
vn -0.0955 0.8919 0.4420
vn -0.2244 0.6616 0.7154
vn -0.2167 -0.6898 0.6909
vn 0.0363 0.9099 0.4133
vn 0.0002 0.6627 0.7489
vn -0.0000 0.7242 0.6896
vn 0.9952 -0.0000 -0.0980
vn 0.5903 -0.7735 -0.2308
vn 0.5688 -0.8042 0.1725
vn 0.0127 0.9991 0.0400
vn 0.0408 0.9990 -0.0163
vn 0.0002 1.0000 -0.0000
vn -0.0000 -1.0000 -0.0000
vn -0.1077 -0.6905 0.7152
vn -0.0979 -0.0000 0.9952
vn 0.6566 -0.7524 -0.0519
vn 0.7092 -0.6065 0.3593
vn 0.3275 -0.6884 0.6472
vn -0.4775 0.8757 0.0712
vn -0.9069 0.4152 0.0717
vn -0.9969 -0.0000 0.0789
vn 0.2167 -0.6898 0.6909
vn -0.0705 0.3027 0.9505
vn -0.2196 0.8292 -0.5140
vn -0.1089 0.8346 -0.5400
vn -0.1832 -0.3015 -0.9357
vn 0.0015 0.9376 -0.3478
vn 0.1643 -0.5023 -0.8489
vn -0.0005 0.4515 -0.8923
vn 0.0978 0.1178 -0.9882
vn -0.0011 -0.2968 -0.9549
vn 0.1100 0.8364 -0.5370
vn 0.1226 0.7321 -0.6701
vn -0.0706 0.9363 -0.3439
vn -0.3202 -0.5116 -0.7973
vn -0.0943 -0.8894 -0.4472
vn 0.0102 0.1227 -0.9924
vn 0.0897 0.8897 0.4477
vn 0.1247 0.7386 -0.6625
vn -0.2514 0.4442 -0.8600
vn -0.2606 0.4416 -0.8585
vn 0.0882 0.4518 -0.8877
vn 0.0032 0.4541 -0.8909
vn 0.0878 0.4547 -0.8863
vn -0.2678 0.4167 -0.8687
vn -0.2625 0.4399 -0.8588
vn -0.1786 0.4437 -0.8782
vn -0.0000 0.4565 -0.8897
vn -0.0000 0.4566 -0.8897
vn -0.1813 0.4489 -0.8750
vn -0.0890 -0.8901 -0.4470
vn -0.0916 -0.8902 -0.4463
vn 0.4438 -0.2337 -0.8651
vn -0.0025 -0.8898 -0.4563
vn 0.0029 -0.8896 -0.4567
vn -0.0778 0.9356 -0.3443
vn 0.0909 0.8896 0.4477
vn -0.0029 0.8896 0.4567
vn -0.0067 0.9999 -0.0139
vn -0.0295 0.9991 0.0304
vn -0.0124 0.9991 0.0402
vn 0.0188 0.9991 0.0377
vn -0.0000 -0.0000 -1.0000
vn -0.0000 -0.7666 -0.6421
vn -0.0295 0.9942 0.1037
vn 0.5774 -0.5774 0.5773
vn 0.7071 -0.7071 -0.0000
vn 1.0000 -0.0000 -0.0000
vn 0.9626 -0.0000 -0.2710
vn 0.7209 0.5713 -0.3924
vn 0.8783 -0.0000 -0.4781
vn 0.6770 -0.0000 0.7360
vn 0.2935 0.6369 0.7129
vn -0.8536 -0.0000 -0.5208
vn 0.9987 -0.0000 -0.0503
vn 0.7443 -0.4897 0.4541
vn 0.8363 -0.4913 0.2436
vn 0.8536 -0.0000 -0.5208
vn -0.8274 0.2460 -0.5048
vn 0.9717 0.2362 -0.0000
vn -0.9717 0.2362 -0.0000
vn 0.9540 -0.0000 0.3000
vn -0.8363 -0.4913 0.2436
vn -0.8419 -0.4902 -0.2255
vn -0.8419 -0.4902 0.2255
vn 0.8419 -0.4902 -0.2255
vn 0.8419 -0.4902 0.2255
vn -0.8536 -0.0000 0.5208
vn 0.0752 0.9969 0.0211
vn -0.0391 0.9968 0.0697
vn 0.0391 0.9968 0.0697
vn 0.0391 0.9968 -0.0697
vn -0.0752 0.9969 -0.0211
vn 0.0752 0.9969 -0.0211
vn -0.0752 0.9969 0.0211
vn -0.0000 0.2544 0.9671
vn -0.8274 0.2460 0.5048
vn 0.8274 0.2460 -0.5048
vn 0.8274 0.2460 0.5048
vn -0.0000 0.2544 -0.9671
vn -0.0000 0.7884 -0.6152
vn -0.0000 0.7884 0.6152
vn 0.5782 0.7995 0.1625
vn 0.5252 0.7884 0.3204
vn -0.5782 0.7995 -0.1625
vn -0.5252 0.7884 -0.3204
vn 0.5782 0.7995 -0.1625
vn 0.5252 0.7884 -0.3204
vn -0.5782 0.7995 0.1625
vn -0.5252 0.7884 0.3204
vn -0.0000 -0.8033 -0.5956
vn -0.6817 -0.6019 0.4159
vn -0.7753 -0.5819 0.2454
vn -0.7995 -0.5706 0.1875
vn -0.6817 -0.6019 -0.4159
vn -0.7753 -0.5819 -0.2454
vn 0.6817 -0.6019 -0.4159
vn 0.7753 -0.5819 -0.2454
vn 0.7995 -0.5706 -0.1875
vn -0.0000 -0.5112 -0.8595
vn 0.7443 -0.4897 -0.4541
vn 0.8363 -0.4913 -0.2436
vn -0.7443 -0.4897 -0.4541
vn -0.8363 -0.4913 -0.2436
vn -0.7443 -0.4897 0.4541
vn -0.0000 -0.5112 0.8595
vn -0.0000 -0.6603 0.7510
vn 0.7753 -0.5819 0.2454
vn 0.7995 -0.5706 0.1875
vn -0.7995 -0.5706 -0.1875
vn 0.6817 -0.6019 0.4159
vn -0.0000 -0.6603 -0.7510
vn -0.5773 -0.5774 -0.5774
vn -0.5774 0.5773 -0.5774
vn -0.0000 -0.0000 1.0000
vn -0.9045 -0.3015 0.3015
vn -0.5773 -0.5773 -0.5774
vn -0.5773 0.5773 -0.5774
vn 0.0373 -0.0000 0.9993
vn 0.0205 0.8346 0.5505
vn -0.0391 0.9968 -0.0697
vn 0.0590 0.9927 -0.1051
vn -0.0590 0.9927 -0.1051
vn -0.0590 0.9927 0.1051
vn 0.0590 0.9927 0.1051
vn 0.1279 0.9911 0.0359
vn -0.1279 0.9911 -0.0359
vn 0.1279 0.9911 -0.0359
vn -0.1279 0.9911 0.0359
vn 0.1951 -0.0000 -0.9808
vn 0.3827 -0.0000 -0.9239
vn 0.5556 -0.0000 -0.8315
vn 0.9239 -0.0000 -0.3827
vn 0.9808 -0.0000 -0.1951
vn 0.9808 -0.0000 0.1951
vn 0.9239 -0.0000 0.3827
vn 0.8315 -0.0000 0.5556
vn 0.7071 -0.0000 0.7071
vn 0.5556 -0.0000 0.8315
vn 0.3827 -0.0000 0.9239
vn 0.1951 -0.0000 0.9808
vn -0.1951 -0.0000 0.9808
vn -0.3827 -0.0000 0.9239
vn -0.5556 -0.0000 0.8315
vn -0.7071 -0.0000 0.7071
vn -0.8315 -0.0000 0.5556
vn -0.9239 -0.0000 0.3827
vn -0.9808 -0.0000 0.1951
vn -0.9808 -0.0000 -0.1951
vn -0.9239 -0.0000 -0.3827
vn -0.8315 -0.0000 -0.5556
vn -0.7071 -0.0000 -0.7071
vn -0.5556 -0.0000 -0.8315
vn -0.3827 -0.0000 -0.9239
vn 0.7081 0.7061 -0.0000
vn 0.6945 0.7061 -0.1381
vn -0.1951 -0.0000 -0.9808
vn -0.5888 0.7061 -0.3934
vn -0.6542 0.7061 -0.2710
vn 0.6945 0.7061 0.1381
vn -0.5007 0.7061 -0.5007
vn 0.6542 0.7061 0.2710
vn -0.3934 0.7061 -0.5888
vn 0.5888 0.7061 0.3934
vn -0.2710 0.7061 -0.6542
vn -0.1381 0.7061 0.6945
vn -0.0000 0.7061 0.7081
vn 0.5007 0.7061 0.5007
vn -0.1381 0.7061 -0.6945
vn -0.2710 0.7061 0.6542
vn 0.3934 0.7061 0.5888
vn -0.0000 0.7061 -0.7081
vn -0.3934 0.7061 0.5888
vn 0.2710 0.7061 0.6542
vn 0.1381 0.7061 -0.6945
vn -0.5007 0.7061 0.5007
vn 0.1381 0.7061 0.6945
vn 0.2710 0.7061 -0.6542
vn -0.5888 0.7061 0.3934
vn 0.3934 0.7061 -0.5888
vn -0.6542 0.7061 0.2710
vn 0.5007 0.7061 -0.5007
vn -0.6945 0.7061 0.1381
vn 0.5888 0.7061 -0.3934
vn -0.7081 0.7061 -0.0000
vn 0.6542 0.7061 -0.2710
vn -0.6945 0.7061 -0.1381
vn 0.6748 0.0957 -0.7318
vn 0.3171 0.7839 -0.5338
vn -0.0004 0.8373 -0.5468
vn -0.4193 0.7728 -0.4764
vn 0.6052 -0.6857 0.4044
vn 0.9961 0.0544 -0.0701
vn 0.7766 0.5883 0.2254
vn 0.0027 -0.8896 -0.4567
vn -0.6344 -0.0000 0.7730
vn 0.4515 -0.0000 0.8923
vn 0.2992 -0.0000 0.9542
vn -0.7889 0.0789 -0.6094
vn -0.0002 1.0000 -0.0000
vn -0.0000 1.0000 0.0001
vn -0.5756 -0.5053 -0.6429
vn 0.5261 -0.0000 0.8504
vn -0.1253 -0.7526 0.6465
vn -0.5520 -0.5816 0.5975
vn -0.0063 0.9991 0.0414
vn 0.7147 -0.4442 -0.5402
vn 0.1901 -0.0000 0.9818
vn -0.8531 -0.5079 -0.1189
vn -0.1903 -0.0000 0.9817
vn 0.1489 -0.0000 0.9889
vn -0.7432 -0.6598 -0.1108
vn 0.7977 -0.0000 -0.6030
vn -0.9952 -0.0000 0.0980
vn -0.9904 -0.0000 -0.1380
vn -0.9891 -0.0000 -0.1475
vn -0.9951 -0.0000 -0.0993
vn -0.9305 -0.0000 -0.3663
vn -0.3774 -0.0000 -0.9261
vn -0.9179 -0.0000 -0.3968
vn -0.7926 -0.0000 0.6097
vn -0.3535 -0.0000 0.9354
vn 0.0740 -0.0000 0.9973
vn 0.0705 0.3027 0.9505
vn -0.0740 -0.0000 0.9973
vn -0.1728 0.4456 -0.8784
vn 0.4808 -0.4821 -0.7324
vn -0.0025 0.8896 0.4568
vn 0.0666 0.7365 -0.6731
vn -0.0448 0.8871 0.4594
vn -0.0448 0.8870 0.4596
vn -0.9961 -0.0322 0.0816
vn 0.4943 0.7879 -0.3672
vn 0.6128 -0.6765 -0.4085
vn -0.6503 -0.7001 -0.2948
vn -0.5735 -0.2512 -0.7798
vn -0.5894 0.7631 -0.2651
vn -0.2485 0.7203 -0.6477
vn 0.0032 0.9359 -0.3522
vn -0.1763 0.4441 -0.8785
vn -0.0031 0.4543 -0.8908
vn 0.0838 0.4519 -0.8881
vn 0.0300 0.9509 -0.3080
vn -0.1678 0.4498 -0.8772
vn -0.2502 0.4317 -0.8666
vn -0.2632 0.4242 -0.8665
vn -0.2769 0.4356 -0.8565
vn -0.1699 0.4542 -0.8745
vn -0.2586 0.4511 -0.8542
vn -0.0841 0.4469 -0.8906
vn -0.0920 0.4403 -0.8931
vn -0.0005 0.4641 -0.8858
vn -0.0930 0.4585 -0.8838
vn -0.0850 0.4677 -0.8798
vn 0.0732 0.4467 -0.8917
vn 0.0735 0.4677 -0.8808
vn 0.0839 0.4733 -0.8769
vn 0.0998 0.4635 -0.8804
vn 0.0831 0.4643 -0.8818
vn 0.0885 0.4378 -0.8947
vn 0.0934 0.4466 -0.8898
vn 0.0657 0.4562 -0.8875
vn 0.0839 0.4730 -0.8771
vn 0.0970 0.4650 -0.8800
vn 0.4714 -0.0000 -0.8819
vn -0.0002 0.9991 0.0419
vn 0.0418 0.9991 -0.0033
vn 0.9969 -0.0000 -0.0789
vn -0.0524 0.9966 -0.0640
vn -0.0467 0.9964 -0.0710
vn -0.0472 0.9964 -0.0710
vn -0.0397 0.9980 -0.0499
vn -0.0286 0.9992 -0.0296
vn -0.0326 0.9963 -0.0792
vn -0.0329 0.9963 -0.0792
vn -0.0173 0.9962 -0.0848
vn -0.0008 0.9963 -0.0860
vn -0.0168 0.9963 -0.0849
vn 0.0006 0.9963 -0.0860
vn 0.0165 0.9963 -0.0841
vn 0.0169 0.9963 -0.0840
vn 0.0319 0.9964 -0.0788
vn 0.0324 0.9964 -0.0788
vn 0.0389 0.9966 -0.0730
vn 0.0388 0.9966 -0.0727
vn -0.0822 0.9966 0.0081
vn -0.0900 0.9959 -0.0123
vn -0.0898 0.9959 -0.0132
vn 0.0822 0.9966 -0.0081
vn 0.0871 0.9955 -0.0369
vn 0.0820 0.9966 -0.0081
vn 0.0699 0.9972 -0.0262
vn 0.0432 0.9966 0.0699
vn 0.0361 0.9968 0.0715
vn 0.0433 0.9966 0.0701
vn 0.0238 0.9968 0.0762
vn 0.0062 0.9991 0.0417
vn 0.0821 0.9966 -0.0065
vn -0.6344 -0.0000 -0.7730
vn -0.0000 0.9966 -0.0824
vn -0.0000 -0.7071 0.7071
vn 0.9627 -0.0000 0.2705
vn -0.9627 -0.0000 0.2705
vn 0.8536 -0.0000 0.5208
vn 0.7103 -0.5954 -0.3755
vn 0.6150 0.4180 0.6686
vn 0.0457 -0.8869 -0.4597
vn 0.7730 -0.0000 0.6344
vn -0.0523 0.9966 -0.0637
vn -0.0820 0.9966 0.0081
vn 0.0889 0.9955 -0.0320
vt 0.375000 -0.000000
vt 0.625000 0.213868
vt 0.529909 0.095091
vt 0.625000 -0.000000
vt 0.625000 0.250000
vt 0.625000 0.213868
vt 0.625000 0.036132
vt 0.625000 0.036132
vt 0.529909 0.154909
vt 0.625000 0.250000
vt 0.625000 0.500000
vt 0.875000 0.500000
vt 0.625000 0.625000
vt 0.625000 0.000000
vt 0.143822 0.228880
vt 0.271120 0.143822
vt 0.356178 0.271120
vt 0.843750 0.500000
vt 0.468750 0.500000
vt 0.437500 0.500000
vt 0.531250 0.500000
vt 0.500000 0.500000
vt 0.561682 0.500000
vt 0.619793 0.500000
vt 0.618302 0.500000
vt 0.616663 0.050447
vt 0.532130 0.500000
vt 0.564135 0.500000
vt 0.597306 0.500000
vt 0.919706 0.080294
vt 0.883337 0.050447
vt 0.406250 0.500000
vt 0.406250 0.500000
vt 0.841844 0.028269
vt 0.406250 0.500000
vt 0.406250 0.500000
vt 0.406250 0.500000
vt 0.470479 0.500000
vt 0.062499 0.500000
vt 0.031250 0.500000
vt 0.031603 0.500000
vt 1.000001 0.500000
vt 0.968755 0.500000
vt 1.000000 0.500000
vt 0.984396 0.500000
vt 0.999999 0.500000
vt 0.968750 0.500000
vt 0.046224 0.500000
vt 0.030897 0.500000
vt 0.062456 0.500000
vt 0.031606 0.500000
vt 0.047055 0.500000
vt 0.030898 0.500000
vt 0.041848 0.500000
vt 0.046224 0.500000
vt 0.046506 0.500000
vt 0.989068 0.500000
vt 0.999989 0.500000
vt 0.042379 0.500000
vt 0.047055 0.500000
vt 0.031653 0.500000
vt 0.226674 0.892992
vt 0.221445 0.106647
vt 0.830372 0.893244
vt 0.031541 0.500000
vt 0.042374 0.500000
vt 0.000015 0.500000
vt 0.000001 0.500000
vt 0.031103 0.500000
vt 0.031098 0.500000
vt -0.000012 0.500000
vt 0.408151 0.500000
vt 0.406525 0.500000
vt 0.439395 0.500000
vt 0.591762 0.500000
vt 0.375000 0.250000
vt 0.625000 0.500000
vt 0.375000 0.500000
vt 0.000000 0.000000
vt 0.375000 0.625000
vt 0.625000 0.750000
vt 0.375000 0.750000
vt 0.125000 0.750000
vt 0.875000 0.750000
vt 0.625000 0.422541
vt 0.625000 0.443464
vt 0.646290 0.500000
vt 0.640961 0.500000
vt 0.956173 0.500000
vt 0.956173 0.500000
vt 0.640961 0.500000
vt 0.625000 0.306536
vt 0.625000 0.306536
vt 0.625000 0.443464
vt 0.866173 0.500000
vt 0.866173 0.500000
vt 0.646290 0.500000
vt 0.972134 0.500000
vt 0.861740 0.500000
vt 0.751587 0.500000
vt 0.825931 0.500000
vt 0.735393 0.500000
vt 0.861740 0.500000
vt 0.845233 0.500000
vt 0.845233 0.500000
vt 0.700261 0.500000
vt 0.912124 0.500000
vt 0.685010 0.500000
vt 0.625000 0.327459
vt 0.625000 0.362970
vt 0.625000 0.353980
vt 0.625000 0.387030
vt 0.625000 0.396020
vt 0.625000 0.327459
vt 0.625000 0.396020
vt 0.625000 0.036132
vt 0.470092 0.154909
vt 0.470092 0.095091
vt 0.529909 0.095091
vt 0.125000 0.500000
vt 0.625000 1.000000
vt 0.375000 1.000000
vt 0.375000 0.000000
vt 0.751587 0.500000
vt 0.912124 0.500000
vt 0.685010 0.500000
vt 0.968750 1.000000
vt 0.968750 0.500000
vt 0.937500 1.000000
vt 0.937500 0.500000
vt 0.906250 1.000000
vt 0.906250 0.500000
vt 0.875000 1.000000
vt 0.843750 1.000000
vt 0.812500 1.000000
vt 0.812500 0.500000
vt 0.781250 1.000000
vt 0.781250 0.500000
vt 0.750000 1.000000
vt 0.750000 0.500000
vt 0.718750 1.000000
vt 0.718750 0.500000
vt 0.687500 1.000000
vt 0.687500 0.500000
vt 0.656250 1.000000
vt 0.656250 0.500000
vt 0.593750 1.000000
vt 0.593750 0.500000
vt 0.562500 1.000000
vt 0.562500 0.500000
vt 0.531250 1.000000
vt 0.500000 1.000000
vt 0.468750 1.000000
vt 0.437500 1.000000
vt 0.406250 1.000000
vt 0.343750 1.000000
vt 0.343750 0.500000
vt 0.312500 1.000000
vt 0.312500 0.500000
vt 0.281250 1.000000
vt 0.281250 0.500000
vt 0.250000 1.000000
vt 0.250000 0.500000
vt 0.218750 1.000000
vt 0.218750 0.500000
vt 0.187500 1.000000
vt 0.187500 0.500000
vt 0.156250 1.000000
vt 0.156250 0.500000
vt 0.125000 1.000000
vt 0.093750 1.000000
vt 0.093750 0.500000
vt 0.062500 1.000000
vt 0.062500 0.500000
vt 0.141742 0.250000
vt 0.031250 1.000000
vt 0.000000 1.000000
vt 0.000000 0.500000
vt 0.296822 0.485388
vt 0.250000 0.445731
vt 0.288185 0.441970
vt 0.324903 0.430832
vt 0.341844 0.471731
vt 0.383337 0.449553
vt 0.419706 0.419706
vt 0.358742 0.412744
vt 0.388403 0.388403
vt 0.412744 0.358742
vt 0.449553 0.383337
vt 0.430832 0.324903
vt 0.471731 0.341844
vt 0.441970 0.288185
vt 0.485388 0.296822
vt 0.445731 0.250000
vt 0.490000 0.250000
vt 0.485388 0.203178
vt 0.441970 0.211815
vt 0.430832 0.175097
vt 0.471731 0.158156
vt 0.449553 0.116663
vt 0.388403 0.111597
vt 0.419706 0.080294
vt 0.358742 0.087256
vt 0.383337 0.050447
vt 0.324903 0.069168
vt 0.341844 0.028269
vt 0.288185 0.058030
vt 0.296822 0.014612
vt 0.250000 0.054269
vt 0.250000 0.010000
vt 0.203178 0.014612
vt 0.211815 0.058030
vt 0.158156 0.028269
vt 0.175097 0.069168
vt 0.116663 0.050447
vt 0.141258 0.087256
vt 0.080294 0.080294
vt 0.111597 0.111597
vt 0.050447 0.116663
vt 0.028269 0.158156
vt 0.087256 0.141258
vt 0.069168 0.175097
vt 0.058030 0.211815
vt 0.014612 0.203178
vt 0.054269 0.250000
vt 0.010000 0.250000
vt 0.014612 0.296822
vt 0.028269 0.341844
vt 0.058030 0.288185
vt 0.069168 0.324903
vt 0.050447 0.383337
vt 0.087256 0.358742
vt 0.080294 0.419706
vt 0.111597 0.388403
vt 0.141258 0.412744
vt 0.116663 0.449553
vt 0.158156 0.471731
vt 0.175097 0.430832
vt 0.203178 0.485388
vt 0.211815 0.441970
vt 0.250000 0.490000
vt 0.082109 0.216604
vt 0.078820 0.250000
vt 0.091850 0.184492
vt 0.107669 0.154897
vt 0.128957 0.128957
vt 0.154897 0.107669
vt 0.184492 0.091850
vt 0.216604 0.082109
vt 0.250000 0.078820
vt 0.283395 0.082109
vt 0.315508 0.091850
vt 0.345103 0.107669
vt 0.371043 0.128957
vt 0.392331 0.154897
vt 0.250000 0.421180
vt 0.283396 0.417891
vt 0.315508 0.408150
vt 0.345103 0.392331
vt 0.371043 0.371043
vt 0.392331 0.345103
vt 0.408150 0.315508
vt 0.417891 0.283396
vt 0.421180 0.250000
vt 0.417891 0.216604
vt 0.412744 0.141258
vt 0.408150 0.184492
vt 0.082109 0.283396
vt 0.091850 0.315508
vt 0.107669 0.345103
vt 0.128957 0.371043
vt 0.184492 0.408150
vt 0.216604 0.417891
vt 0.154897 0.392331
vt 0.250000 0.358258
vt 0.271120 0.356178
vt 0.291429 0.350018
vt 0.310145 0.340013
vt 0.340013 0.310145
vt 0.350018 0.291429
vt 0.358258 0.250000
vt 0.356178 0.228880
vt 0.350018 0.208571
vt 0.340013 0.189855
vt 0.310145 0.159987
vt 0.291429 0.149982
vt 0.250000 0.141742
vt 0.228880 0.143822
vt 0.208571 0.149982
vt 0.189855 0.159987
vt 0.173450 0.173450
vt 0.159987 0.189855
vt 0.149982 0.208571
vt 0.143822 0.271120
vt 0.149982 0.291429
vt 0.159987 0.310145
vt 0.173450 0.326550
vt 0.189855 0.340014
vt 0.208571 0.350018
vt 0.228880 0.356178
vt 0.326550 0.173450
vt 0.326550 0.326550
vt 0.883337 0.449553
vt 0.949553 0.116663
vt 0.514612 0.296822
vt 0.919706 0.080294
vt 0.562500 0.500000
vt 0.000001 0.500000
vt 0.000001 0.500000
vt 0.412854 0.500000
vt 0.433944 0.500000
vt 0.413365 0.500000
vt 0.469604 0.500000
vt 0.500119 0.500000
vt 0.467115 0.500000
vt 0.529521 0.500000
vt 0.750000 0.010000
vt 0.703178 0.014612
vt 0.796822 0.014612
vt 0.470479 0.500000
vt 0.658156 0.028269
vt 0.529521 0.500000
vt 0.518986 0.500000
vt 0.481014 0.500000
vt 0.481014 0.500000
vt -0.000001 0.500000
vt -0.000001 0.500000
vt 0.984822 0.500000
vt 0.992411 0.500000
vt 0.984677 0.500000
vt 0.041848 0.500000
vt 0.989068 0.500000
vt 0.989340 0.500000
vt 0.989341 0.500000
vt -0.000000 0.500000
vt 0.021537 0.106772
vt 0.021552 0.893120
vt 0.992358 0.500000
vt 0.960925 0.107106
vt 0.816948 0.106896
vt 1.000000 0.500000
vt 0.036680 0.500000
vt 0.033271 0.500000
vt 0.033037 0.500000
vt 0.036426 0.500000
vt 0.013429 0.500000
vt 0.002137 0.500000
vt 0.002137 0.500000
vt 0.013312 0.500000
vt 0.986817 0.500000
vt 0.986957 0.500000
vt 0.990273 0.500000
vt 0.990202 0.500000
vt 0.997863 0.500000
vt 0.994477 0.500000
vt 0.994548 0.500000
vt 0.997863 0.500000
vt 0.499911 0.500000
vt 0.619484 0.500000
vt 0.617885 0.500000
vt 0.530863 0.500000
vt 1.000000 1.000000
vt 0.616663 0.449553
vt 0.658156 0.471731
vt 0.703178 0.485388
vt 0.750000 0.490000
vt 0.796822 0.485388
vt 0.841844 0.471731
vt 0.919706 0.419706
vt 0.949553 0.383337
vt 0.971731 0.341844
vt 0.985388 0.296822
vt 0.990000 0.250000
vt 0.985388 0.203178
vt 0.971731 0.158156
vt 0.580294 0.080294
vt 0.550447 0.116663
vt 0.528269 0.158156
vt 0.514612 0.203178
vt 0.510000 0.250000
vt 0.528269 0.341844
vt 0.550447 0.383337
vt 0.580294 0.419706
vt 0.977536 0.893456
s 1
usemtl Plastic
f 504/548/457 508/549/458 499/550/459
f 493/551/460 507/552/461 509/553/462
f 491/554/463 493/551/460 422/555/464
f 500/556/462 499/550/459 492/557/465
f 491/554/463 508/549/458 504/548/457
f 437/558/466 507/559/461 506/560/467
f 504/548/468 516/561/468 493/551/468
f 772/562/466 764/563/466 756/564/466
f 783/559/469 814/565/470 813/559/469
f 995/566/471 997/567/472 843/567/473
f 986/568/474 993/569/475 878/569/476
f 791/558/477 833/558/478 821/558/479
f 985/570/480 979/571/481 977/572/482
f 822/573/483 837/573/483 856/573/483
f 965/574/466 985/570/480 963/575/466
f 963/575/466 985/570/480 961/576/466
f 843/567/473 881/566/484 995/566/485
f 835/577/486 838/577/487 839/578/488
f 998/579/489 1000/579/490 860/580/491
f 835/577/486 839/578/488 840/581/492
f 871/580/466 862/580/466 851/580/466
f 855/580/466 873/582/466 875/580/466
f 864/580/466 876/580/466 872/580/466
f 850/583/466 867/584/466 869/583/466
f 877/580/483 865/580/466 852/580/483
f 874/580/466 854/580/466 864/580/466
f 868/580/483 849/580/483 863/580/483
f 870/580/466 863/580/466 862/580/466
f 842/585/493 878/569/476 995/566/485
f 904/586/494 905/587/495 809/588/496
f 810/589/497 911/590/498 906/591/499
f 781/592/500 912/593/501 901/594/502
f 832/595/503 913/596/504 910/597/505
f 928/598/506 808/599/507 809/588/496
f 832/595/503 914/600/508 913/596/504
f 926/601/509 917/602/510 931/603/511
f 920/604/512 929/605/513 927/592/514
f 916/606/515 930/607/516 921/608/517
f 921/608/521 934/612/522 940/613/523
f 922/614/524 936/615/525 934/612/522
f 925/616/526 935/617/527 937/618/528
f 981/619/529 983/620/530 996/621/531
f 985/570/480 990/622/532 979/571/481
f 496/623/533 460/624/534 419/625/533
f 983/620/530 998/579/489 982/580/535
f 1029/626/536 1036/626/537 1020/626/538
f 1032/626/536 1034/626/537 1014/626/538
f 505/627/539 418/628/540 417/629/541
f 417/629/542 514/628/543 515/629/542
f 505/627/483 417/629/483 504/630/483
f 493/631/460 506/560/467 507/559/461
f 465/557/544 438/557/544 461/557/544
f 462/558/533 438/557/533 439/558/533
f 460/624/545 437/558/545 506/560/467
f 476/632/546 434/633/547 421/632/546
f 443/558/548 462/558/548 439/558/548
f 453/634/549 436/635/549 457/635/549
f 447/636/550 429/637/550 445/637/550
f 457/635/551 435/638/551 459/638/551
f 437/558/552 464/558/552 441/558/552
f 441/558/538 466/558/538 443/558/538
f 432/639/553 469/640/554 467/639/555
f 482/641/556 434/633/547 480/633/557
f 492/557/465 442/557/558 463/557/558
f 465/557/457 442/557/457 440/557/457
f 507/559/461 424/634/466 423/642/466
f 439/558/466 427/643/466 428/644/466
f 440/645/466 427/643/466 438/559/466
f 437/558/466 436/635/466 424/634/466
f 442/645/466 423/642/466 429/637/466
f 429/637/466 440/645/466 442/645/466
f 443/558/466 428/644/466 435/638/466
f 435/638/466 441/558/466 443/558/466
f 521/646/559 451/647/560 450/648/561
f 448/648/562 522/649/563 523/650/564
f 523/650/564 524/649/565 521/646/559
f 428/644/566 454/643/566 455/644/566
f 455/644/567 435/638/567 428/644/567
f 452/642/568 429/637/568 423/642/568
f 454/643/569 430/636/569 447/636/569
f 452/642/570 424/634/570 453/634/570
f 453/634/571 517/651/571 452/642/571
f 519/652/572 455/644/572 454/643/572
f 447/636/573 519/652/574 454/643/574
f 457/635/575 518/653/576 453/634/576
f 445/637/577 517/651/578 458/654/577
f 458/654/577 447/636/573 445/637/577
f 459/638/579 520/653/580 446/655/579
f 446/655/579 457/635/575 459/638/579
f 492/557/581 421/632/483 460/624/534
f 426/632/483 461/557/483 462/558/483
f 463/557/483 420/656/483 492/557/581
f 464/558/483 421/632/483 434/633/483
f 461/557/483 431/640/483 465/557/483
f 465/557/483 432/639/483 463/557/483
f 462/558/483 433/641/483 426/632/483
f 466/558/483 434/633/483 433/641/483
f 487/657/582 479/658/583 483/658/584
f 489/657/585 481/658/586 473/657/585
f 490/659/587 470/660/588 486/660/589
f 425/661/590 478/632/590 477/661/590
f 478/632/591 433/641/592 482/641/556
f 477/661/593 431/640/594 425/661/593
f 475/656/595 432/639/553 467/639/555
f 475/656/596 421/632/596 420/656/596
f 471/657/483 476/632/483 475/656/483
f 474/659/483 477/661/483 478/632/483
f 467/639/483 471/657/483 475/656/483
f 480/633/483 472/659/483 468/662/483
f 469/640/483 473/657/483 481/658/483
f 469/640/483 479/658/483 467/639/483
f 482/641/483 474/659/483 478/632/483
f 468/662/483 482/641/483 480/633/483
f 486/660/483 489/657/483 490/659/483
f 483/658/483 488/659/483 487/657/483
f 486/660/483 483/658/483 485/658/483
f 472/659/597 487/657/597 488/659/597
f 486/660/589 468/662/598 484/662/599
f 483/658/584 481/658/586 485/658/600
f 488/659/601 468/662/598 472/659/601
f 473/657/602 490/659/602 489/657/602
f 508/549/458 507/552/461 492/557/465
f 491/554/463 504/548/457 493/551/460
f 422/555/464 493/551/460 509/553/462
f 510/549/603 495/555/457 511/553/604
f 491/554/605 495/555/605 494/663/605
f 508/549/458 494/663/483 510/549/603
f 509/553/462 510/549/603 511/553/604
f 496/623/457 500/556/462 492/557/465
f 497/664/458 496/623/457 504/548/457
f 499/550/459 498/665/606 504/548/457
f 497/664/458 502/665/483 501/664/607
f 500/556/462 501/664/607 512/556/608
f 502/665/605 499/550/459 503/666/605
f 502/665/457 512/556/608 501/664/607
f 422/555/464 511/553/604 495/555/466
f 498/665/606 497/664/458 504/548/457
f 496/667/483 505/627/483 504/630/483
f 499/550/459 508/549/458 492/557/465
f 505/627/539 460/624/545 506/560/467
f 499/550/459 512/556/608 503/666/466
f 515/629/609 516/668/610 513/669/609
f 514/628/543 493/631/466 516/631/610
f 515/629/483 504/630/483 417/629/483
f 504/548/468 513/670/468 516/561/468
f 449/671/611 517/651/612 518/653/613
f 450/648/561 520/653/614 519/652/615
f 456/672/616 450/648/561 519/652/615
f 444/673/617 449/671/611 518/653/613
f 458/654/618 448/648/562 523/650/564
f 523/650/564 456/672/616 458/654/618
f 446/655/619 451/647/560 524/649/565
f 524/649/565 444/673/617 446/655/619
f 525/591/533 589/674/620 527/675/620
f 527/675/620 591/676/621 529/677/621
f 529/677/621 592/678/622 531/679/622
f 531/679/622 593/680/469 533/559/469
f 533/559/469 594/681/470 535/565/470
f 535/565/470 595/682/623 537/683/623
f 537/683/623 596/684/624 539/685/624
f 539/685/624 597/686/538 541/687/538
f 541/687/538 598/688/625 543/689/625
f 543/689/625 599/690/626 545/691/626
f 545/691/626 600/692/627 547/693/627
f 547/693/627 601/668/628 549/558/628
f 549/558/628 602/694/629 551/695/629
f 551/695/629 603/696/630 553/697/630
f 553/697/630 604/698/631 555/568/631
f 555/568/631 605/699/605 557/569/605
f 557/569/605 606/700/632 559/566/632
f 559/566/632 607/701/633 561/567/633
f 561/567/633 608/702/634 563/580/634
f 563/580/634 609/669/635 565/625/635
f 565/625/635 610/703/636 567/704/636
f 567/704/636 611/705/637 569/706/637
f 569/706/637 612/707/638 571/708/638
f 571/708/638 613/709/457 573/710/457
f 573/710/457 614/711/639 575/712/639
f 575/712/639 615/713/640 577/714/640
f 577/714/640 616/715/641 579/716/641
f 579/716/641 617/717/642 581/667/642
f 581/667/642 618/718/643 583/719/643
f 583/719/643 619/720/644 585/721/644
f 574/722/645 772/562/646 773/722/645
f 585/721/644 620/723/647 587/587/647
f 587/587/647 590/724/533 525/725/533
f 784/565/466 533/559/466 535/565/466
f 589/726/466 622/727/466 621/728/466
f 589/726/466 623/729/466 591/730/466
f 623/729/466 592/731/466 591/730/466
f 593/732/466 624/733/466 625/734/466
f 593/732/466 626/735/466 594/736/466
f 594/736/466 627/737/466 595/738/466
f 595/738/466 628/739/466 596/740/466
f 596/740/466 629/741/466 597/742/466
f 598/743/466 629/741/466 630/744/466
f 598/743/466 631/745/466 599/746/466
f 631/745/466 600/747/466 599/746/466
f 600/747/466 633/748/466 601/749/466
f 601/749/466 634/750/466 602/751/466
f 602/751/466 635/752/466 603/753/466
f 603/753/466 636/754/466 604/755/466
f 604/755/466 637/756/466 605/757/466
f 637/756/466 606/758/466 605/757/466
f 638/759/466 607/760/466 606/758/466
f 639/761/466 608/762/466 607/760/466
f 640/763/466 609/764/466 608/762/466
f 641/765/466 610/766/466 609/764/466
f 611/767/466 642/768/466 643/769/466
f 611/767/466 644/770/466 612/771/466
f 612/771/466 645/772/466 613/773/466
f 645/772/466 614/774/466 613/773/466
f 615/775/466 646/776/466 647/777/466
f 616/778/466 647/777/466 648/779/466
f 617/780/466 648/779/466 649/781/466
f 617/780/466 650/782/466 618/783/466
f 619/784/466 650/782/466 651/785/466
f 620/786/466 651/785/466 652/787/466
f 620/786/466 622/727/466 590/788/466
f 631/745/626 662/744/625 663/745/626
f 740/789/624 709/790/538 708/789/624
f 630/744/625 661/741/538 662/744/625
f 739/791/623 708/789/624 707/791/623
f 629/741/538 660/739/624 661/741/538
f 738/792/470 707/791/623 706/792/470
f 628/739/624 659/737/623 660/739/624
f 737/793/469 706/792/470 705/793/469
f 627/737/623 658/735/470 659/737/623
f 622/727/533 684/787/647 654/727/533
f 736/794/622 705/793/469 704/794/622
f 626/735/470 657/734/469 658/735/470
f 652/787/647 683/785/644 684/787/647
f 735/795/621 704/794/622 703/795/621
f 625/734/469 656/733/622 657/734/469
f 651/785/644 682/782/643 683/785/644
f 734/796/620 703/795/621 702/796/620
f 624/733/622 655/729/621 656/733/622
f 650/782/643 681/781/642 682/782/643
f 733/797/533 702/796/620 701/797/533
f 623/729/621 653/728/620 655/729/621
f 649/781/642 680/779/641 681/781/642
f 732/798/647 701/797/533 700/798/647
f 621/728/620 654/727/533 653/728/620
f 648/779/641 679/777/640 680/779/641
f 731/799/644 700/798/647 699/799/644
f 647/777/640 678/776/639 679/777/640
f 730/800/643 699/799/644 698/800/643
f 646/776/639 677/772/457 678/776/639
f 729/801/642 698/800/643 697/801/642
f 645/772/457 676/770/638 677/772/457
f 728/802/641 697/801/642 696/802/641
f 653/728/466 686/803/466 685/804/466
f 653/728/466 687/805/466 655/729/466
f 656/733/466 687/805/466 688/806/466
f 656/733/466 689/807/466 657/734/466
f 657/734/466 690/808/466 658/735/466
f 659/737/466 690/808/466 691/809/466
f 660/739/466 691/809/466 692/810/466
f 661/741/466 692/810/466 693/811/466
f 661/741/466 694/812/466 662/744/466
f 694/812/466 663/745/466 662/744/466
f 664/813/466 695/814/466 696/802/466
f 665/748/466 696/802/466 697/801/466
f 666/750/466 697/801/466 698/800/466
f 666/750/466 699/799/466 667/752/466
f 668/754/466 699/799/466 700/798/466
f 668/754/466 701/797/466 669/756/466
f 669/756/466 702/796/466 670/759/466
f 702/796/466 671/761/466 670/759/466
f 703/795/466 672/763/466 671/761/466
f 672/763/466 705/793/466 673/765/466
f 673/765/466 706/792/466 674/768/466
f 674/768/466 707/791/466 675/769/466
f 707/791/466 676/770/466 675/769/466
f 677/772/466 708/789/466 709/790/466
f 677/772/466 710/815/466 678/776/466
f 678/776/466 711/816/466 679/777/466
f 679/777/466 712/817/466 680/779/466
f 681/781/466 712/817/466 713/818/466
f 713/818/466 682/782/466 681/781/466
f 682/782/466 715/819/466 683/785/466
f 684/787/466 715/819/466 716/820/466
f 684/787/466 686/803/466 654/727/466
f 741/790/538 710/815/625 709/790/538
f 632/813/627 663/745/626 664/813/627
f 742/815/625 711/816/626 710/815/625
f 633/748/628 664/813/627 665/748/628
f 743/816/626 712/817/627 711/816/626
f 718/803/605 685/804/632 686/803/605
f 634/750/629 665/748/628 666/750/629
f 744/817/627 713/818/628 712/817/627
f 717/804/632 687/805/633 685/804/632
f 635/752/630 666/750/629 667/752/630
f 745/818/628 714/821/629 713/818/628
f 719/805/633 688/806/634 687/805/633
f 636/754/631 667/752/630 668/754/631
f 746/821/629 715/819/630 714/821/629
f 720/806/634 689/807/635 688/806/634
f 637/756/605 668/754/631 669/756/605
f 747/819/630 716/820/631 715/819/630
f 721/807/635 690/808/636 689/807/635
f 638/759/632 669/756/605 670/759/632
f 748/820/631 686/803/605 716/820/631
f 722/808/636 691/809/637 690/808/636
f 639/761/633 670/759/632 671/761/633
f 723/809/637 692/810/638 691/809/637
f 640/763/634 671/761/633 672/763/634
f 724/810/638 693/811/457 692/810/638
f 641/765/635 672/763/634 673/765/635
f 725/811/457 694/812/639 693/811/457
f 642/768/636 673/765/635 674/768/636
f 726/812/639 695/814/640 694/812/639
f 643/769/637 674/768/636 675/769/637
f 727/814/640 696/802/641 695/814/640
f 644/770/638 675/769/637 676/770/638
f 526/822/466 717/804/466 718/803/466
f 719/805/466 528/823/466 530/824/466
f 719/805/466 532/825/466 720/806/466
f 532/825/466 721/807/466 720/806/466
f 721/807/466 536/826/466 722/808/466
f 722/808/466 538/827/466 723/809/466
f 538/827/466 724/810/466 723/809/466
f 725/811/466 540/564/466 542/828/466
f 725/811/466 544/829/466 726/812/466
f 544/829/466 727/814/466 726/812/466
f 546/830/466 728/802/466 727/814/466
f 548/831/466 729/801/466 728/802/466
f 729/801/466 552/832/466 730/800/466
f 730/800/466 554/833/466 731/799/466
f 731/799/466 556/563/466 732/798/466
f 733/797/466 556/563/466 558/834/466
f 733/797/466 560/835/466 734/796/466
f 735/795/466 560/835/466 562/836/466
f 735/795/466 564/837/466 736/794/466
f 564/837/466 737/793/466 736/794/466
f 738/792/466 566/838/466 568/839/466
f 568/839/466 739/791/466 738/792/466
f 570/840/466 740/789/466 739/791/466
f 741/790/466 572/562/466 574/722/466
f 741/790/466 576/841/466 742/815/466
f 743/816/466 576/841/466 578/842/466
f 578/842/466 744/817/466 743/816/466
f 580/843/466 745/818/466 744/817/466
f 746/821/466 582/844/466 584/845/466
f 746/821/466 586/846/466 747/819/466
f 747/819/466 588/847/466 748/820/466
f 718/803/466 588/847/466 526/822/466
f 760/831/648 546/830/649 759/830/649
f 576/841/650 773/722/645 774/841/650
f 761/848/651 548/831/648 760/831/648
f 775/842/652 576/841/650 774/841/650
f 552/832/653 761/848/651 762/832/653
f 776/843/654 578/842/652 775/842/652
f 763/833/655 552/832/653 762/832/653
f 749/823/656 526/822/657 750/822/657
f 777/844/658 580/843/654 776/843/654
f 763/833/655 556/563/659 554/833/655
f 751/824/660 528/823/656 749/823/656
f 778/845/661 582/844/658 777/844/658
f 558/834/662 764/563/659 765/834/662
f 752/825/663 530/824/660 751/824/660
f 778/845/661 586/846/664 584/845/661
f 766/835/665 558/834/662 765/834/662
f 752/825/663 534/849/666 532/825/663
f 780/847/667 586/846/664 779/846/664
f 562/836/668 766/835/665 767/836/668
f 753/849/666 536/826/669 534/849/666
f 780/847/667 526/822/657 588/847/667
f 768/837/670 562/836/668 767/836/668
f 755/827/671 536/826/669 754/826/669
f 768/837/670 566/838/672 564/837/670
f 755/827/671 540/564/673 538/827/671
f 568/839/674 769/838/672 770/839/674
f 542/828/675 756/564/673 757/828/675
f 570/840/676 770/839/674 771/840/676
f 757/828/675 544/829/677 542/828/675
f 771/840/676 572/562/646 570/840/676
f 758/829/677 546/830/649 544/829/677
f 812/679/678 902/677/679 782/679/622
f 793/697/466 551/695/466 553/697/466
f 801/706/466 571/708/466 802/708/466
f 900/591/680 527/675/466 901/594/502
f 905/587/495 525/725/466 900/725/680
f 788/689/466 545/691/466 789/691/466
f 561/567/466 798/580/466 797/567/466
f 806/716/466 581/667/466 807/667/466
f 784/565/466 537/683/466 785/683/466
f 553/697/466 794/568/466 793/697/466
f 802/708/466 573/710/466 803/710/466
f 901/594/502 529/677/466 902/677/679
f 545/691/466 790/693/466 789/691/466
f 798/580/466 565/625/466 799/625/466
f 807/667/466 583/719/466 903/719/681
f 537/683/466 786/685/466 785/683/466
f 795/569/466 555/568/466 557/569/466
f 573/710/466 804/712/466 803/710/466
f 529/677/466 782/679/466 902/677/679
f 791/558/466 547/693/466 549/558/466
f 565/625/466 800/704/466 799/625/466
f 904/586/494 583/719/466 585/721/466
f 786/685/466 541/687/466 787/687/466
f 796/566/466 557/569/466 559/566/466
f 805/714/466 575/712/466 577/714/466
f 782/679/466 533/559/466 783/559/466
f 792/695/466 549/558/466 551/695/466
f 567/704/466 801/706/466 800/704/466
f 905/587/495 585/721/466 587/587/466
f 788/689/466 541/687/466 543/689/466
f 559/566/466 797/567/466 796/566/466
f 805/714/466 579/716/466 806/716/466
f 812/850/483 820/851/682 828/852/483
f 782/679/622 813/559/469 812/679/678
f 808/599/507 931/603/683 917/602/684
f 781/592/500 929/605/685 912/593/501
f 784/565/470 815/683/623 814/565/470
f 798/580/686 823/625/635 822/580/686
f 785/683/623 816/685/624 815/683/623
f 799/625/635 824/704/636 823/625/635
f 786/685/624 817/687/538 816/685/624
f 800/704/636 825/706/637 824/704/636
f 787/687/538 818/689/625 817/687/538
f 801/706/637 826/708/638 825/706/637
f 788/689/625 819/691/626 818/689/625
f 802/708/638 827/710/457 826/708/638
f 789/691/626 820/693/682 819/691/626
f 803/710/457 828/712/639 827/710/457
f 790/693/627 821/558/479 820/693/682
f 804/712/639 829/714/640 828/712/639
f 833/577/478 822/573/483 821/853/479
f 805/714/640 830/716/641 829/714/640
f 840/697/492 991/695/687 984/854/688
f 929/855/685 809/588/496 912/856/501
f 806/716/641 831/667/689 830/716/641
f 975/857/690 971/858/466 972/859/691
f 831/667/689 903/719/681 908/719/692
f 792/695/643 962/697/644 960/695/643
f 991/695/687 838/558/487 989/558/693
f 844/580/694 998/579/605 861/580/695
f 994/860/696 965/574/466 967/861/466
f 833/577/478 835/577/697 837/573/483
f 969/862/466 971/858/466 994/860/696
f 967/861/466 969/862/466 994/860/696
f 840/697/492 984/697/688 986/568/698
f 891/863/483 846/569/483 845/863/483
f 837/573/699 880/864/483 881/865/484
f 837/573/699 879/866/483 880/864/483
f 878/569/476 993/569/475 995/566/485
f 844/580/694 982/580/700 998/579/605
f 842/585/457 893/867/457 890/585/457
f 986/568/698 879/568/701 840/697/492
f 859/573/702 843/868/473 844/573/694
f 837/573/699 881/865/484 843/868/473
f 977/572/482 961/576/466 985/570/480
f 835/558/697 976/558/703 978/558/703
f 879/866/483 835/577/486 840/581/492
f 858/580/466 798/580/466 857/580/466
f 855/580/466 853/582/466 873/582/466
f 864/580/466 865/580/466 876/580/466
f 859/573/702 844/573/694 861/573/695
f 798/580/533 856/580/533 857/580/533
f 858/580/466 836/580/466 834/580/466
f 837/580/699 848/584/704 856/580/704
f 856/580/704 850/583/704 857/580/704
f 858/580/705 850/583/704 851/580/705
f 852/580/706 837/580/699 859/580/702
f 860/580/707 853/582/491 998/579/491
f 859/580/702 855/580/491 852/580/706
f 851/580/705 860/580/707 858/580/705
f 861/580/695 853/582/491 855/580/491
f 862/580/708 865/580/708 864/580/708
f 850/583/466 848/584/466 867/584/466
f 863/580/483 852/580/483 865/580/483
f 862/580/466 854/580/466 851/580/466
f 869/583/709 868/580/709 871/580/709
f 871/580/710 866/580/710 870/580/710
f 872/580/711 877/580/711 874/580/711
f 874/580/712 875/580/712 873/582/712
f 880/569/605 845/863/713 846/569/605
f 870/580/466 866/580/466 863/580/466
f 841/869/714 986/568/698 878/569/476
f 880/569/605 847/867/715 881/566/484
f 881/566/484 842/585/493 995/566/485
f 841/869/714 879/568/701 986/568/698
f 895/569/483 884/870/483 889/569/483
f 894/569/466 886/870/466 898/870/466
f 888/869/466 878/569/476 883/569/466
f 845/863/538 888/869/538 891/863/538
f 893/867/483 846/569/483 882/569/483
f 890/585/466 878/569/476 842/585/493
f 883/569/605 884/870/713 888/869/713
f 883/569/605 885/871/715 889/569/605
f 882/569/605 886/870/713 892/569/605
f 882/569/605 887/872/715 893/867/715
f 887/872/715 890/585/715 893/867/715
f 884/870/713 891/863/713 888/869/713
f 895/569/605 899/872/715 894/569/605
f 896/870/713 894/569/605 898/870/713
f 886/870/457 896/870/457 898/870/457
f 894/569/466 887/872/466 892/569/466
f 895/569/483 885/871/483 897/871/483
f 885/871/538 899/872/538 897/871/538
f 900/725/680 809/588/496 905/587/495
f 901/594/502 912/593/501 900/591/680
f 909/587/716 810/873/497 906/725/499
f 913/596/504 909/587/716 910/597/505
f 907/677/717 901/594/502 902/677/679
f 908/719/692 904/586/494 910/597/505
f 910/597/505 808/599/507 832/595/503
f 911/590/498 781/592/500 901/594/502
f 810/873/497 914/600/508 915/874/718
f 808/599/507 904/586/494 809/588/496
f 811/875/719 911/590/498 810/589/497
f 810/589/497 923/876/720 918/875/721
f 811/875/722 932/877/722 927/592/722
f 935/617/527 926/601/509 939/878/723
f 916/606/724 921/608/521 940/613/523
f 936/593/525 920/604/725 938/879/726
f 941/880/727 920/604/725 919/881/728
f 931/603/511 916/606/515 926/601/509
f 933/882/729 925/616/526 937/618/528
f 921/608/517 930/607/516 928/598/730
f 922/614/731 928/598/730 929/855/513
f 932/877/732 920/604/512 927/592/514
f 920/604/512 922/593/731 929/605/513
f 922/614/731 921/608/517 928/598/730
f 919/881/728 932/877/732 924/885/733
f 937/888/528 924/885/733 933/888/729
f 921/608/521 922/614/524 934/612/522
f 939/878/723 916/606/724 940/613/523
f 919/881/728 924/885/733 941/880/727
f 950/889/735 925/616/526 942/890/736
f 943/891/737 925/616/526 914/600/738
f 914/600/738 951/892/739 943/891/737
f 950/889/735 917/602/510 926/601/509
f 952/893/740 933/882/729 944/894/741
f 944/894/741 915/874/742 945/895/743
f 915/874/742 953/896/744 945/895/743
f 952/893/740 914/600/738 925/616/526
f 946/897/745 924/885/733 932/877/732
f 946/897/745 918/875/746 947/898/747
f 955/899/748 918/875/746 923/876/749
f 955/899/748 924/885/733 954/900/750
f 956/901/751 924/885/733 948/902/752
f 948/902/752 923/876/749 949/903/753
f 957/904/754 923/876/749 915/589/742
f 915/589/742 956/901/751 957/904/754
f 951/892/739 942/890/736 943/891/737
f 953/896/744 944/894/741 945/895/743
f 947/898/747 954/900/750 946/897/745
f 949/903/753 956/901/751 948/902/752
f 793/697/644 964/568/647 962/854/644
f 976/558/477 791/558/477 959/558/477
f 844/580/694 997/567/472 982/579/700
f 798/580/704 974/580/705 973/579/704
f 794/568/647 966/569/533 964/568/647
f 795/569/533 968/566/620 966/569/533
f 796/566/620 970/567/621 968/566/620
f 797/567/621 973/580/755 970/567/621
f 992/905/756 985/570/480 994/860/696
f 994/860/696 981/619/529 996/621/531
f 979/571/481 990/622/532 988/906/757
f 834/580/705 980/580/708 974/579/705
f 994/860/696 975/857/690 981/619/529
f 836/580/533 1000/580/533 980/579/533
f 838/558/487 978/558/758 989/558/758
f 958/907/759 960/695/760 961/576/761
f 980/579/762 999/580/763 981/619/529
f 960/695/760 963/575/764 961/576/761
f 962/854/765 965/574/766 963/575/764
f 967/861/767 964/568/768 966/569/769
f 969/862/770 966/569/769 968/566/771
f 969/862/770 970/567/772 971/858/773
f 972/859/774 970/567/772 973/580/775
f 972/859/776 974/580/777 975/857/778
f 958/907/779 976/558/780 959/558/781
f 980/580/762 975/857/778 974/579/777
f 981/619/529 999/580/763 983/620/530
f 976/558/780 979/571/481 978/558/782
f 988/906/783 991/695/784 989/558/785
f 991/695/784 985/570/480 984/854/786
f 984/697/786 987/908/787 986/568/474
f 993/569/475 987/908/787 992/905/756
f 995/566/471 992/905/756 994/860/696
f 997/567/472 994/860/696 996/621/531
f 982/579/535 996/621/531 983/620/530
f 978/558/782 988/906/757 989/558/788
f 998/579/489 999/580/763 1000/579/490
f 791/558/789 960/695/643 959/558/789
f 980/579/762 1000/580/790 999/580/763
f 1032/626/536 1001/626/605 1008/626/791
f 1006/626/548 1010/626/548 1013/626/548
f 1003/626/544 1011/626/544 1009/626/544
f 1014/626/483 1015/626/483 1006/626/483
f 1007/626/792 1013/626/538 1012/626/792
f 1005/626/457 1022/626/793 1011/626/457
f 1004/626/533 1009/626/533 1010/626/533
f 1021/626/466 1012/626/466 1011/626/466
f 1016/626/533 1034/626/533 1033/626/533
f 1016/626/605 1023/626/605 1017/626/605
f 1017/626/558 1022/626/793 1015/626/793
f 1019/626/794 1012/626/792 1027/626/794
f 1019/626/605 1026/626/605 1020/626/605
f 1020/626/538 1028/626/538 1029/626/536
f 1014/626/605 1025/626/605 1021/626/605
f 1029/626/536 1031/626/605 1030/626/791
f 1031/626/457 1018/626/457 1030/626/457
f 1001/626/457 1016/626/457 1008/626/457
f 1014/626/538 1002/626/538 1032/626/536
f 1026/626/466 1031/626/466 1028/626/466
f 1021/626/466 1001/626/466 1002/626/466
f 1033/626/483 1032/626/536 1008/626/791
f 1030/626/791 1036/626/537 1029/626/536
f 1018/626/533 1036/626/533 1035/626/533
f 1018/626/457 1035/626/457 1030/626/457
f 1016/626/457 1033/626/457 1008/626/457
f 756/564/466 755/827/466 754/826/466
f 754/826/466 753/849/466 752/825/466
f 752/825/466 751/824/466 749/823/466
f 749/823/466 750/822/466 780/847/466
f 780/847/466 779/846/466 778/845/466
f 778/845/466 777/844/466 776/843/466
f 776/843/466 775/842/466 774/841/466
f 774/841/466 773/722/466 772/562/466
f 772/562/466 771/840/466 770/839/466
f 770/839/466 769/838/466 768/837/466
f 768/837/466 767/836/466 766/835/466
f 766/835/466 765/834/466 764/563/466
f 764/563/466 763/833/466 762/832/466
f 762/832/466 761/848/466 760/831/466
f 760/831/466 759/830/466 758/829/466
f 758/829/466 757/828/466 756/564/466
f 756/564/466 754/826/466 752/825/466
f 752/825/466 749/823/466 780/847/466
f 780/847/466 778/845/466 776/843/466
f 776/843/466 774/841/466 772/562/466
f 772/562/466 770/839/466 768/837/466
f 768/837/466 766/835/466 764/563/466
f 764/563/466 762/832/466 760/831/466
f 760/831/466 758/829/466 756/564/466
f 756/564/466 752/825/466 780/847/466
f 780/847/466 776/843/466 772/562/466
f 772/562/466 768/837/466 764/563/466
f 764/563/466 760/831/466 756/564/466
f 756/564/466 780/847/466 772/562/466
f 783/559/469 784/565/470 814/565/470
f 850/583/466 869/583/466 871/580/466
f 851/580/466 850/583/466 871/580/466
f 871/580/466 870/580/466 862/580/466
f 855/580/466 875/580/466 877/580/483
f 852/580/483 855/580/466 877/580/483
f 877/580/483 876/580/466 865/580/466
f 874/580/466 873/582/466 853/582/466
f 874/580/466 853/582/466 854/580/466
f 864/580/466 872/580/466 874/580/466
f 868/580/483 867/584/466 848/584/466
f 868/580/483 848/584/466 849/580/483
f 863/580/483 866/580/466 868/580/483
f 928/598/506 930/607/795 808/599/507
f 832/595/503 917/602/684 914/600/508
f 496/623/533 492/557/581 460/624/534
f 505/627/539 506/560/467 418/628/540
f 417/629/542 418/628/796 514/628/543
f 493/631/460 418/628/540 506/560/467
f 465/557/544 440/557/544 438/557/544
f 462/558/533 461/557/533 438/557/533
f 476/632/546 480/633/557 434/633/547
f 443/558/548 466/558/548 462/558/548
f 453/634/549 424/634/549 436/635/549
f 447/636/550 430/636/550 429/637/550
f 457/635/551 436/635/551 435/638/551
f 437/558/552 460/624/552 464/558/552
f 441/558/538 464/558/538 466/558/538
f 432/639/553 431/640/594 469/640/554
f 482/641/556 433/641/592 434/633/547
f 492/557/465 507/552/461 442/557/558
f 465/557/457 463/557/457 442/557/457
f 507/559/461 437/558/466 424/634/466
f 439/558/466 438/559/466 427/643/466
f 440/645/466 430/636/466 427/643/466
f 437/558/466 441/558/466 436/635/466
f 442/645/466 507/559/461 423/642/466
f 429/637/466 430/636/466 440/645/466
f 443/558/466 439/558/466 428/644/466
f 435/638/466 436/635/466 441/558/466
f 521/646/559 524/649/565 451/647/560
f 448/648/562 449/671/611 522/649/563
f 523/650/564 522/649/563 524/649/565
f 428/644/566 427/643/566 454/643/566
f 455/644/567 459/638/567 435/638/567
f 452/642/568 445/637/568 429/637/568
f 454/643/569 427/643/569 430/636/569
f 452/642/570 423/642/570 424/634/570
f 453/634/571 518/653/571 517/651/571
f 519/652/572 520/653/572 455/644/572
f 447/636/573 456/672/573 519/652/574
f 457/635/575 444/673/575 518/653/576
f 445/637/577 452/642/578 517/651/578
f 458/654/577 456/672/573 447/636/573
f 459/638/579 455/644/580 520/653/580
f 446/655/579 444/673/575 457/635/575
f 492/557/581 420/656/483 421/632/483
f 426/632/483 425/661/483 461/557/483
f 463/557/483 432/639/483 420/656/483
f 464/558/483 460/624/534 421/632/483
f 461/557/483 425/661/483 431/640/483
f 465/557/483 431/640/483 432/639/483
f 462/558/483 466/558/483 433/641/483
f 466/558/483 464/558/483 434/633/483
f 487/657/582 471/657/582 479/658/583
f 489/657/585 485/658/600 481/658/586
f 490/659/587 474/659/587 470/660/588
f 425/661/590 426/632/590 478/632/590
f 478/632/591 426/632/591 433/641/592
f 477/661/593 469/640/554 431/640/594
f 475/656/595 420/656/595 432/639/553
f 475/656/596 476/632/596 421/632/596
f 471/657/483 472/659/483 476/632/483
f 474/659/483 473/657/483 477/661/483
f 467/639/483 479/658/483 471/657/483
f 480/633/483 476/632/483 472/659/483
f 469/640/483 477/661/483 473/657/483
f 469/640/483 481/658/483 479/658/483
f 482/641/483 470/660/483 474/659/483
f 468/662/483 470/660/483 482/641/483
f 486/660/483 485/658/483 489/657/483
f 483/658/483 484/662/483 488/659/483
f 486/660/483 484/662/483 483/658/483
f 472/659/597 471/657/597 487/657/597
f 486/660/589 470/660/588 468/662/598
f 483/658/584 479/658/583 481/658/586
f 488/659/601 484/662/599 468/662/598
f 473/657/602 474/659/602 490/659/602
f 508/549/458 509/553/462 507/552/461
f 510/549/603 494/663/457 495/555/457
f 491/554/605 422/555/605 495/555/605
f 508/549/458 491/554/463 494/663/483
f 509/553/462 508/549/458 510/549/603
f 496/623/457 497/664/458 500/556/462
f 497/664/458 498/665/606 502/665/483
f 500/556/462 497/664/458 501/664/607
f 502/665/605 498/665/606 499/550/459
f 502/665/457 503/666/457 512/556/608
f 422/555/464 509/553/462 511/553/604
f 496/667/483 419/625/483 505/627/483
f 505/627/539 419/625/545 460/624/545
f 499/550/459 500/556/462 512/556/608
f 515/629/609 514/628/543 516/668/610
f 514/628/543 418/628/796 493/631/466
f 515/629/483 513/630/483 504/630/483
f 449/671/611 448/648/562 517/651/612
f 450/648/561 451/647/560 520/653/614
f 456/672/616 521/646/559 450/648/561
f 444/673/617 522/649/563 449/671/611
f 458/654/618 517/651/612 448/648/562
f 523/650/564 521/646/559 456/672/616
f 446/655/619 520/653/614 451/647/560
f 524/649/565 522/649/563 444/673/617
f 525/591/533 590/909/533 589/674/620
f 527/675/620 589/674/620 591/676/621
f 529/677/621 591/676/621 592/678/622
f 531/679/622 592/678/622 593/680/469
f 533/559/469 593/680/469 594/681/470
f 535/565/470 594/681/470 595/682/623
f 537/683/623 595/682/623 596/684/624
f 539/685/624 596/684/624 597/686/538
f 541/687/538 597/686/538 598/688/625
f 543/689/625 598/688/625 599/690/626
f 545/691/626 599/690/626 600/692/627
f 547/693/627 600/692/627 601/668/628
f 549/558/628 601/668/628 602/694/629
f 551/695/629 602/694/629 603/696/630
f 553/697/630 603/696/630 604/698/631
f 555/568/631 604/698/631 605/699/605
f 557/569/605 605/699/605 606/700/632
f 559/566/632 606/700/632 607/701/633
f 561/567/633 607/701/633 608/702/634
f 563/580/634 608/702/634 609/669/635
f 565/625/635 609/669/635 610/703/636
f 567/704/636 610/703/636 611/705/637
f 569/706/637 611/705/637 612/707/638
f 571/708/638 612/707/638 613/709/457
f 573/710/457 613/709/457 614/711/639
f 575/712/639 614/711/639 615/713/640
f 577/714/640 615/713/640 616/715/641
f 579/716/641 616/715/641 617/717/642
f 581/667/642 617/717/642 618/718/643
f 583/719/643 618/718/643 619/720/644
f 574/722/645 572/562/646 772/562/646
f 585/721/644 619/720/644 620/723/647
f 587/587/647 620/723/647 590/724/533
f 784/565/466 783/559/466 533/559/466
f 589/726/466 590/788/466 622/727/466
f 589/726/466 621/728/466 623/729/466
f 623/729/466 624/733/466 592/731/466
f 593/732/466 592/731/466 624/733/466
f 593/732/466 625/734/466 626/735/466
f 594/736/466 626/735/466 627/737/466
f 595/738/466 627/737/466 628/739/466
f 596/740/466 628/739/466 629/741/466
f 598/743/466 597/742/466 629/741/466
f 598/743/466 630/744/466 631/745/466
f 631/745/466 632/813/466 600/747/466
f 600/747/466 632/813/466 633/748/466
f 601/749/466 633/748/466 634/750/466
f 602/751/466 634/750/466 635/752/466
f 603/753/466 635/752/466 636/754/466
f 604/755/466 636/754/466 637/756/466
f 637/756/466 638/759/466 606/758/466
f 638/759/466 639/761/466 607/760/466
f 639/761/466 640/763/466 608/762/466
f 640/763/466 641/765/466 609/764/466
f 641/765/466 642/768/466 610/766/466
f 611/767/466 610/766/466 642/768/466
f 611/767/466 643/769/466 644/770/466
f 612/771/466 644/770/466 645/772/466
f 645/772/466 646/776/466 614/774/466
f 615/775/466 614/774/466 646/776/466
f 616/778/466 615/775/466 647/777/466
f 617/780/466 616/778/466 648/779/466
f 617/780/466 649/781/466 650/782/466
f 619/784/466 618/783/466 650/782/466
f 620/786/466 619/784/466 651/785/466
f 620/786/466 652/787/466 622/727/466
f 631/745/626 630/744/625 662/744/625
f 740/789/624 741/790/538 709/790/538
f 630/744/625 629/741/538 661/741/538
f 739/791/623 740/789/624 708/789/624
f 629/741/538 628/739/624 660/739/624
f 738/792/470 739/791/623 707/791/623
f 628/739/624 627/737/623 659/737/623
f 737/793/469 738/792/470 706/792/470
f 627/737/623 626/735/470 658/735/470
f 622/727/533 652/787/647 684/787/647
f 736/794/622 737/793/469 705/793/469
f 626/735/470 625/734/469 657/734/469
f 652/787/647 651/785/644 683/785/644
f 735/795/621 736/794/622 704/794/622
f 625/734/469 624/733/622 656/733/622
f 651/785/644 650/782/643 682/782/643
f 734/796/620 735/795/621 703/795/621
f 624/733/622 623/729/621 655/729/621
f 650/782/643 649/781/642 681/781/642
f 733/797/533 734/796/620 702/796/620
f 623/729/621 621/728/620 653/728/620
f 649/781/642 648/779/641 680/779/641
f 732/798/647 733/797/533 701/797/533
f 621/728/620 622/727/533 654/727/533
f 648/779/641 647/777/640 679/777/640
f 731/799/644 732/798/647 700/798/647
f 647/777/640 646/776/639 678/776/639
f 730/800/643 731/799/644 699/799/644
f 646/776/639 645/772/457 677/772/457
f 729/801/642 730/800/643 698/800/643
f 645/772/457 644/770/638 676/770/638
f 728/802/641 729/801/642 697/801/642
f 653/728/466 654/727/466 686/803/466
f 653/728/466 685/804/466 687/805/466
f 656/733/466 655/729/466 687/805/466
f 656/733/466 688/806/466 689/807/466
f 657/734/466 689/807/466 690/808/466
f 659/737/466 658/735/466 690/808/466
f 660/739/466 659/737/466 691/809/466
f 661/741/466 660/739/466 692/810/466
f 661/741/466 693/811/466 694/812/466
f 694/812/466 695/814/466 663/745/466
f 664/813/466 663/745/466 695/814/466
f 665/748/466 664/813/466 696/802/466
f 666/750/466 665/748/466 697/801/466
f 666/750/466 698/800/466 699/799/466
f 668/754/466 667/752/466 699/799/466
f 668/754/466 700/798/466 701/797/466
f 669/756/466 701/797/466 702/796/466
f 702/796/466 703/795/466 671/761/466
f 703/795/466 704/794/466 672/763/466
f 672/763/466 704/794/466 705/793/466
f 673/765/466 705/793/466 706/792/466
f 674/768/466 706/792/466 707/791/466
f 707/791/466 708/789/466 676/770/466
f 677/772/466 676/770/466 708/789/466
f 677/772/466 709/790/466 710/815/466
f 678/776/466 710/815/466 711/816/466
f 679/777/466 711/816/466 712/817/466
f 681/781/466 680/779/466 712/817/466
f 713/818/466 714/821/466 682/782/466
f 682/782/466 714/821/466 715/819/466
f 684/787/466 683/785/466 715/819/466
f 684/787/466 716/820/466 686/803/466
f 741/790/538 742/815/625 710/815/625
f 632/813/627 631/745/626 663/745/626
f 742/815/625 743/816/626 711/816/626
f 633/748/628 632/813/627 664/813/627
f 743/816/626 744/817/627 712/817/627
f 718/803/605 717/804/632 685/804/632
f 634/750/629 633/748/628 665/748/628
f 744/817/627 745/818/628 713/818/628
f 717/804/632 719/805/633 687/805/633
f 635/752/630 634/750/629 666/750/629
f 745/818/628 746/821/629 714/821/629
f 719/805/633 720/806/634 688/806/634
f 636/754/631 635/752/630 667/752/630
f 746/821/629 747/819/630 715/819/630
f 720/806/634 721/807/635 689/807/635
f 637/756/605 636/754/631 668/754/631
f 747/819/630 748/820/631 716/820/631
f 721/807/635 722/808/636 690/808/636
f 638/759/632 637/756/605 669/756/605
f 748/820/631 718/803/605 686/803/605
f 722/808/636 723/809/637 691/809/637
f 639/761/633 638/759/632 670/759/632
f 723/809/637 724/810/638 692/810/638
f 640/763/634 639/761/633 671/761/633
f 724/810/638 725/811/457 693/811/457
f 641/765/635 640/763/634 672/763/634
f 725/811/457 726/812/639 694/812/639
f 642/768/636 641/765/635 673/765/635
f 726/812/639 727/814/640 695/814/640
f 643/769/637 642/768/636 674/768/636
f 727/814/640 728/802/641 696/802/641
f 644/770/638 643/769/637 675/769/637
f 526/822/466 528/823/466 717/804/466
f 719/805/466 717/804/466 528/823/466
f 719/805/466 530/824/466 532/825/466
f 532/825/466 534/849/466 721/807/466
f 721/807/466 534/849/466 536/826/466
f 722/808/466 536/826/466 538/827/466
f 538/827/466 540/564/466 724/810/466
f 725/811/466 724/810/466 540/564/466
f 725/811/466 542/828/466 544/829/466
f 544/829/466 546/830/466 727/814/466
f 546/830/466 548/831/466 728/802/466
f 548/831/466 550/848/466 729/801/466
f 729/801/466 550/848/466 552/832/466
f 730/800/466 552/832/466 554/833/466
f 731/799/466 554/833/466 556/563/466
f 733/797/466 732/798/466 556/563/466
f 733/797/466 558/834/466 560/835/466
f 735/795/466 734/796/466 560/835/466
f 735/795/466 562/836/466 564/837/466
f 564/837/466 566/838/466 737/793/466
f 738/792/466 737/793/466 566/838/466
f 568/839/466 570/840/466 739/791/466
f 570/840/466 572/562/466 740/789/466
f 741/790/466 740/789/466 572/562/466
f 741/790/466 574/722/466 576/841/466
f 743/816/466 742/815/466 576/841/466
f 578/842/466 580/843/466 744/817/466
f 580/843/466 582/844/466 745/818/466
f 746/821/466 745/818/466 582/844/466
f 746/821/466 584/845/466 586/846/466
f 747/819/466 586/846/466 588/847/466
f 718/803/466 748/820/466 588/847/466
f 760/831/648 548/831/648 546/830/649
f 576/841/650 574/722/645 773/722/645
f 761/848/651 550/848/651 548/831/648
f 775/842/652 578/842/652 576/841/650
f 552/832/653 550/848/651 761/848/651
f 776/843/654 580/843/654 578/842/652
f 763/833/655 554/833/655 552/832/653
f 749/823/656 528/823/656 526/822/657
f 777/844/658 582/844/658 580/843/654
f 763/833/655 764/563/659 556/563/659
f 751/824/660 530/824/660 528/823/656
f 778/845/661 584/845/661 582/844/658
f 558/834/662 556/563/659 764/563/659
f 752/825/663 532/825/663 530/824/660
f 778/845/661 779/846/664 586/846/664
f 766/835/665 560/835/665 558/834/662
f 752/825/663 753/849/666 534/849/666
f 780/847/667 588/847/667 586/846/664
f 562/836/668 560/835/665 766/835/665
f 753/849/666 754/826/669 536/826/669
f 780/847/667 750/822/657 526/822/657
f 768/837/670 564/837/670 562/836/668
f 755/827/671 538/827/671 536/826/669
f 768/837/670 769/838/672 566/838/672
f 755/827/671 756/564/673 540/564/673
f 568/839/674 566/838/672 769/838/672
f 542/828/675 540/564/673 756/564/673
f 570/840/676 568/839/674 770/839/674
f 757/828/675 758/829/677 544/829/677
f 771/840/676 772/562/646 572/562/646
f 758/829/677 759/830/649 546/830/649
f 812/679/678 907/677/717 902/677/679
f 793/697/466 792/695/466 551/695/466
f 801/706/466 569/706/466 571/708/466
f 900/591/680 525/591/466 527/675/466
f 905/587/495 587/587/466 525/725/466
f 788/689/466 543/689/466 545/691/466
f 561/567/466 563/580/466 798/580/466
f 806/716/466 579/716/466 581/667/466
f 784/565/466 535/565/466 537/683/466
f 553/697/466 555/568/466 794/568/466
f 802/708/466 571/708/466 573/710/466
f 901/594/502 527/675/466 529/677/466
f 545/691/466 547/693/466 790/693/466
f 798/580/466 563/580/466 565/625/466
f 807/667/466 581/667/466 583/719/466
f 537/683/466 539/685/466 786/685/466
f 795/569/466 794/568/466 555/568/466
f 573/710/466 575/712/466 804/712/466
f 529/677/466 531/679/466 782/679/466
f 791/558/466 790/693/466 547/693/466
f 565/625/466 567/704/466 800/704/466
f 904/586/494 903/719/681 583/719/466
f 786/685/466 539/685/466 541/687/466
f 796/566/466 795/569/466 557/569/466
f 805/714/466 804/712/466 575/712/466
f 782/679/466 531/679/466 533/559/466
f 792/695/466 791/558/466 549/558/466
f 567/704/466 569/706/466 801/706/466
f 905/587/495 904/586/494 585/721/466
f 788/689/466 787/687/466 541/687/466
f 559/566/466 561/567/466 797/567/466
f 805/714/466 577/714/466 579/716/466
f 908/910/692 910/911/505 909/912/483
f 909/912/483 906/913/483 911/914/498
f 911/914/498 907/915/717 812/850/483
f 812/850/483 813/916/483 814/917/483
f 814/917/483 815/918/483 816/919/483
f 816/919/483 817/920/483 818/921/483
f 818/921/483 819/922/483 820/851/682
f 820/851/682 821/853/479 822/573/483
f 822/573/483 823/923/483 824/924/483
f 824/924/483 825/925/483 826/926/483
f 826/926/483 827/927/483 828/852/483
f 828/852/483 829/928/483 830/929/483
f 831/930/483 908/910/692 909/912/483
f 828/852/483 830/929/483 831/930/483
f 824/924/483 826/926/483 828/852/483
f 820/851/682 822/573/483 824/924/483
f 816/919/483 818/921/483 820/851/682
f 812/850/483 814/917/483 816/919/483
f 909/912/483 911/914/498 812/850/483
f 828/852/483 831/930/483 909/912/483
f 820/851/682 824/924/483 828/852/483
f 812/850/483 816/919/483 820/851/682
f 828/852/483 909/912/483 812/850/483
f 782/679/622 783/559/469 813/559/469
f 917/602/684 832/595/503 808/599/507
f 808/599/507 930/607/795 931/603/683
f 781/592/500 927/592/797 929/605/685
f 784/565/470 785/683/623 815/683/623
f 798/580/686 799/625/635 823/625/635
f 785/683/623 786/685/624 816/685/624
f 799/625/635 800/704/636 824/704/636
f 786/685/624 787/687/538 817/687/538
f 800/704/636 801/706/637 825/706/637
f 787/687/538 788/689/625 818/689/625
f 801/706/637 802/708/638 826/708/638
f 788/689/625 789/691/626 819/691/626
f 802/708/638 803/710/457 827/710/457
f 789/691/626 790/693/627 820/693/682
f 803/710/457 804/712/639 828/712/639
f 790/693/627 791/558/798 821/558/479
f 804/712/639 805/714/640 829/714/640
f 833/577/478 837/573/483 822/573/483
f 805/714/640 806/716/641 830/716/641
f 840/697/492 839/695/488 991/695/687
f 929/855/685 928/598/506 809/588/496
f 806/716/641 807/667/642 831/667/689
f 975/857/690 994/860/696 971/858/466
f 831/667/689 807/667/642 903/719/681
f 792/695/643 793/697/644 962/697/644
f 991/695/687 839/695/488 838/558/487
f 994/860/696 985/570/480 965/574/466
f 891/863/483 882/569/483 846/569/483
f 842/585/457 847/867/457 893/867/457
f 859/573/702 837/573/699 843/868/473
f 977/572/482 958/907/691 961/576/466
f 835/558/697 833/558/478 976/558/703
f 879/866/483 837/573/699 835/577/486
f 858/580/466 834/580/466 798/580/466
f 798/580/533 822/580/533 856/580/533
f 858/580/466 860/580/466 836/580/466
f 837/580/699 849/580/705 848/584/704
f 856/580/704 848/584/704 850/583/704
f 858/580/705 857/580/704 850/583/704
f 852/580/706 849/580/705 837/580/699
f 860/580/707 854/580/706 853/582/491
f 859/580/702 861/580/695 855/580/491
f 851/580/705 854/580/706 860/580/707
f 861/580/695 998/579/491 853/582/491
f 862/580/708 863/580/708 865/580/708
f 863/580/483 849/580/483 852/580/483
f 862/580/466 864/580/466 854/580/466
f 869/583/709 867/584/709 868/580/709
f 871/580/710 868/580/710 866/580/710
f 872/580/711 876/580/711 877/580/711
f 874/580/712 877/580/712 875/580/712
f 880/569/605 879/568/701 845/863/713
f 880/569/605 846/569/605 847/867/715
f 881/566/484 847/867/715 842/585/493
f 841/869/714 845/863/713 879/568/701
f 895/569/483 896/870/483 884/870/483
f 894/569/466 892/569/466 886/870/466
f 888/869/466 841/869/714 878/569/476
f 845/863/538 841/869/538 888/869/538
f 893/867/483 847/867/483 846/569/483
f 890/585/466 883/569/466 878/569/476
f 883/569/605 889/569/605 884/870/713
f 883/569/605 890/585/715 885/871/715
f 882/569/605 891/863/713 886/870/713
f 882/569/605 892/569/605 887/872/715
f 887/872/715 885/871/715 890/585/715
f 884/870/713 886/870/713 891/863/713
f 895/569/605 897/871/715 899/872/715
f 896/870/713 895/569/605 894/569/605
f 886/870/457 884/870/457 896/870/457
f 894/569/466 899/872/466 887/872/466
f 895/569/483 889/569/483 885/871/483
f 885/871/538 887/872/538 899/872/538
f 900/725/680 912/856/501 809/588/496
f 909/587/716 913/596/504 810/873/497
f 907/677/717 911/590/498 901/594/502
f 908/719/692 903/719/681 904/586/494
f 910/597/505 904/586/494 808/599/507
f 911/590/498 811/875/719 781/592/500
f 810/873/497 913/596/504 914/600/508
f 918/875/721 811/875/719 810/589/497
f 810/589/497 915/589/718 923/876/720
f 927/592/722 781/592/722 811/875/722
f 811/875/722 918/875/722 932/877/722
f 935/617/527 925/616/526 926/601/509
f 936/593/525 922/593/524 920/604/725
f 941/880/727 938/879/726 920/604/725
f 931/603/511 930/607/516 916/606/515
f 932/877/732 919/881/728 920/604/512
f 937/888/528 941/880/727 924/885/733
f 939/878/723 926/601/509 916/606/724
f 950/889/735 926/601/509 925/616/526
f 943/891/737 942/890/736 925/616/526
f 914/600/738 917/602/510 951/892/739
f 950/889/735 951/892/739 917/602/510
f 952/893/740 925/616/526 933/882/729
f 944/894/741 933/882/729 915/874/742
f 915/874/742 914/600/738 953/896/744
f 952/893/740 953/896/744 914/600/738
f 946/897/745 954/900/750 924/885/733
f 946/897/745 932/877/732 918/875/746
f 955/899/748 947/898/747 918/875/746
f 955/899/748 923/876/749 924/885/733
f 956/901/751 933/888/729 924/885/733
f 948/902/752 924/885/733 923/876/749
f 957/904/754 949/903/753 923/876/749
f 915/589/742 933/888/729 956/901/751
f 951/892/739 950/889/735 942/890/736
f 953/896/744 952/893/740 944/894/741
f 947/898/747 955/899/748 954/900/750
f 949/903/753 957/904/754 956/901/751
f 793/697/644 794/568/647 964/568/647
f 976/558/477 833/558/478 791/558/477
f 844/580/694 843/567/473 997/567/472
f 798/580/704 834/580/705 974/580/705
f 794/568/647 795/569/533 966/569/533
f 795/569/533 796/566/620 968/566/620
f 796/566/620 797/567/621 970/567/621
f 797/567/621 798/580/755 973/580/755
f 992/905/756 987/908/787 985/570/480
f 834/580/705 836/580/708 980/580/708
f 836/580/533 860/580/533 1000/580/533
f 838/558/487 835/558/486 978/558/758
f 958/907/759 959/558/799 960/695/760
f 960/695/760 962/697/765 963/575/764
f 962/854/765 964/568/768 965/574/766
f 967/861/767 965/574/766 964/568/768
f 969/862/770 967/861/767 966/569/769
f 969/862/770 968/566/771 970/567/772
f 972/859/774 971/858/773 970/567/772
f 972/859/776 973/579/800 974/580/777
f 958/907/779 977/572/801 976/558/780
f 980/580/762 981/619/529 975/857/778
f 976/558/780 977/572/801 979/571/481
f 988/906/783 990/622/532 991/695/784
f 991/695/784 990/622/532 985/570/480
f 984/697/786 985/570/480 987/908/787
f 993/569/475 986/568/474 987/908/787
f 995/566/471 993/569/475 992/905/756
f 997/567/472 995/566/471 994/860/696
f 982/579/535 997/567/472 996/621/531
f 978/558/782 979/571/481 988/906/757
f 998/579/489 983/620/530 999/580/763
f 791/558/789 792/695/643 960/695/643
f 1032/626/536 1002/626/605 1001/626/605
f 1006/626/548 1004/626/548 1010/626/548
f 1003/626/544 1005/626/544 1011/626/544
f 1016/626/483 1017/626/483 1015/626/483
f 1015/626/483 1005/626/483 1003/626/483
f 1003/626/483 1004/626/483 1006/626/483
f 1006/626/483 1007/626/483 1019/626/483
f 1020/626/483 1018/626/483 1014/626/483
f 1006/626/483 1019/626/483 1020/626/483
f 1015/626/483 1003/626/483 1006/626/483
f 1014/626/483 1016/626/483 1015/626/483
f 1006/626/483 1020/626/483 1014/626/483
f 1007/626/792 1006/626/538 1013/626/538
f 1005/626/457 1015/626/793 1022/626/793
f 1004/626/533 1003/626/533 1009/626/533
f 1021/626/466 1025/626/466 1026/626/466
f 1026/626/466 1027/626/466 1012/626/466
f 1012/626/466 1013/626/466 1010/626/466
f 1010/626/466 1009/626/466 1011/626/466
f 1011/626/466 1022/626/466 1023/626/466
f 1011/626/466 1023/626/466 1024/626/466
f 1012/626/466 1010/626/466 1011/626/466
f 1021/626/466 1026/626/466 1012/626/466
f 1011/626/466 1024/626/466 1021/626/466
f 1016/626/533 1014/626/533 1034/626/533
f 1016/626/605 1024/626/605 1023/626/605
f 1017/626/558 1023/626/558 1022/626/793
f 1019/626/794 1007/626/792 1012/626/792
f 1019/626/605 1027/626/605 1026/626/605
f 1020/626/538 1026/626/538 1028/626/538
f 1014/626/605 1018/626/605 1025/626/605
f 1029/626/536 1028/626/605 1031/626/605
f 1031/626/457 1025/626/457 1018/626/457
f 1001/626/457 1024/626/457 1016/626/457
f 1014/626/538 1021/626/538 1002/626/538
f 1026/626/466 1025/626/466 1031/626/466
f 1021/626/466 1024/626/466 1001/626/466
f 1033/626/483 1034/626/537 1032/626/536
f 1030/626/791 1035/626/483 1036/626/537
f 1018/626/533 1020/626/533 1036/626/533
usemtl Material.001
f 936/609/518 937/610/519 934/611/520
f 941/883/727 936/609/518 938/884/726
f 939/886/723 934/611/520 935/887/734
f 934/611/520 937/610/519 935/887/734
f 941/883/727 937/610/519 936/609/518
f 939/886/723 940/931/523 934/611/520
o Plane.055
v -62.564526 2.205682 0.897036
v -60.802364 2.205682 0.897036
v -62.564526 2.205682 -1.102964
v -60.802364 2.205682 -1.102964
v -62.820530 2.205682 -0.436297
v -62.820530 2.205682 0.230370
v -60.546360 2.205682 0.230370
v -60.546360 2.205682 -0.436297
v -62.892044 2.404419 0.251334
v -62.619942 2.404419 0.959930
v -60.746948 2.404419 0.959930
v -60.474846 2.404419 -0.457261
v -60.746948 2.404419 -1.165857
v -62.619942 2.404419 -1.165857
v -62.892044 2.404419 -0.457261
v -60.474846 2.404419 0.251334
v -62.966637 2.404419 0.273200
v -60.689152 2.436356 1.025529
v -60.400253 2.404419 -0.479127
v -62.677738 2.436356 -1.231456
v -62.966637 2.404419 -0.479127
v -62.809982 2.457648 0.236140
v -62.575130 2.457648 0.847734
v -60.791759 2.457648 0.847734
v -60.556908 2.457648 -0.442067
v -60.791759 2.457648 -1.053661
v -62.575130 2.457648 -1.053661
v -62.809982 2.457648 -0.442067
v -60.556908 2.457648 0.236140
v -62.966637 2.457648 0.273200
v -62.677738 2.425710 1.025529
v -60.400253 2.457648 -0.479127
v -60.689152 2.425710 -1.231456
v -62.966637 2.457648 -0.479127
v -60.400253 2.427231 0.273201
v -60.657310 2.292768 0.195907
v -62.709579 2.292768 -0.401834
v -60.870689 2.290603 0.760349
v -62.496201 2.290603 -0.966276
v -62.706379 2.294722 0.204814
v -60.660511 2.294722 -0.410741
v -62.493855 2.280953 0.761756
v -60.873035 2.280953 -0.967683
vn -0.0000 -1.0000 -0.0000
vn 0.9335 -0.0000 -0.3585
vn -0.9335 -0.0000 0.3585
vn 0.0051 -0.9498 0.3128
vn -0.0051 -0.9498 -0.3128
vn -0.8745 -0.3501 -0.3358
vn 0.8745 -0.3501 -0.3358
vn -0.8745 -0.3501 0.3358
vn 0.9409 -0.3386 -0.0000
vn -0.9409 -0.3386 -0.0000
vn -0.0000 -0.3017 -0.9534
vn -0.0000 -0.3017 0.9534
vn 0.8745 -0.3501 0.3358
vn -1.0000 -0.0000 -0.0000
vn 0.2637 -0.9593 0.1013
vn 1.0000 -0.0000 -0.0000
vn 0.2265 -0.9673 -0.1144
vn -0.2265 -0.9673 0.1144
vn 0.0089 -0.9995 0.0303
vn -0.7991 0.5169 0.3069
vn 0.7829 0.5484 0.2938
vn -0.7829 0.5484 -0.2938
vn -0.0000 1.0000 -0.0000
vn -0.9335 -0.0000 -0.3585
vn -0.0053 0.9925 0.1219
vn 0.0053 0.9925 -0.1219
vn -0.0945 0.9934 -0.0644
vn 0.1358 0.9899 0.0402
vn 0.1814 0.9826 0.0397
vn 0.7991 0.5169 -0.3069
vn -0.8433 0.5374 0.0062
vn 0.8433 0.5374 -0.0062
vn 0.0034 0.4363 0.8998
vn -0.0034 0.4363 -0.8998
vn 0.0059 0.9996 -0.0270
vn 0.0010 1.0000 0.0042
vn -0.0010 1.0000 -0.0032
vn -0.0000 -0.8991 0.4377
vn -0.0000 -0.8991 -0.4377
vn 0.3476 -0.9264 0.1447
vn -0.3269 -0.9305 -0.1650
vn 0.2925 -0.9563 -0.0000
vn -0.7830 0.5528 0.2851
vn 0.7903 0.5322 0.3035
vn -0.7903 0.5322 -0.3035
vn -0.1406 0.9854 0.0958
vn -0.0000 0.9842 0.1768
vn 0.1406 0.9854 -0.0958
vn -0.0000 0.9842 -0.1768
vn 0.1748 0.9823 0.0671
vn 0.7830 0.5528 -0.2851
vn -0.8541 0.5201 -0.0000
vn 0.8541 0.5201 -0.0000
vn -0.0000 0.4635 0.8861
vn -0.0000 0.4635 -0.8861
vn -0.0010 1.0000 -0.0042
vn -0.0059 0.9996 0.0270
vn 0.0010 1.0000 0.0032
vt 0.000000 0.666667
vt 1.000000 1.000000
vt 1.000000 0.666667
vt 0.000000 0.000000
vt 0.000000 0.333333
vt 1.000000 0.333333
vt 1.000000 0.000000
vt 0.000000 1.000000
vt 0.923843 0.921225
vt 0.938960 0.650246
vt 0.923843 0.921225
vt 0.076157 0.921225
vt 0.061040 0.650246
vt 0.923843 0.078775
vt 0.938960 0.349754
vt 0.938960 0.349754
vt 0.076157 0.078775
vt 0.061040 0.349754
vt 0.076157 0.921225
s 0
usemtl Plastic
f 1041/932/802 1040/933/802 1044/934/802
f 1069/933/803 1068/934/803 1055/934/803
f 1067/935/804 1066/936/804 1053/936/804
f 1037/935/802 1043/937/802 1038/938/802
f 1042/936/802 1044/934/802 1043/937/802
f 1046/935/805 1054/938/805 1067/935/805
f 1049/933/806 1056/939/806 1069/933/806
f 1051/932/802 1053/936/802 1057/932/802
f 1051/932/807 1039/939/807 1041/932/807
f 1048/934/808 1040/933/808 1049/933/808
f 1045/936/809 1037/935/809 1046/935/809
f 1043/937/810 1048/934/810 1052/937/810
f 1041/932/811 1045/936/811 1051/932/811
f 1040/933/812 1050/939/812 1049/933/812
f 1037/935/813 1047/938/813 1046/935/813
f 1052/937/814 1038/938/814 1043/937/814
f 1057/932/815 1066/936/815 1070/932/815
f 1071/937/816 1047/938/816 1052/937/816
f 1055/934/817 1068/934/817 1071/937/817
f 1057/932/802 1050/939/802 1051/932/802
f 1055/934/818 1049/933/818 1069/933/818
f 1053/936/819 1046/935/819 1067/935/819
f 1071/937/820 1048/934/820 1055/934/820
f 1079/940/821 1061/941/821 1062/942/821
f 1075/943/822 1064/944/822 1073/944/822
f 1074/945/823 1065/946/823 1072/947/823
f 1066/936/824 1059/948/824 1058/949/824
f 1057/932/825 1070/932/825 1056/939/825
f 1060/945/826 1067/935/826 1054/938/826
f 1068/934/824 1062/942/824 1061/941/824
f 1063/950/827 1069/933/827 1056/939/827
f 1070/932/828 1063/950/828 1056/939/828
f 1058/949/824 1070/932/824 1066/936/824
f 1071/937/829 1060/945/829 1054/938/829
f 1068/934/830 1065/946/830 1071/937/830
f 1078/948/831 1058/949/831 1059/948/831
f 1072/947/832 1061/941/832 1077/941/832
f 1073/944/833 1058/949/833 1076/949/833
f 1062/942/834 1075/943/834 1079/940/834
f 1059/948/835 1074/945/835 1078/948/835
f 1041/932/802 1039/939/802 1040/933/802
f 1037/935/802 1042/936/802 1043/937/802
f 1042/936/802 1041/932/802 1044/934/802
f 1046/935/839 1047/938/839 1054/938/839
f 1049/933/840 1050/939/840 1056/939/840
f 1051/932/802 1045/936/802 1053/936/802
f 1051/932/807 1050/939/807 1039/939/807
f 1048/934/808 1044/934/808 1040/933/808
f 1045/936/809 1042/936/809 1037/935/809
f 1043/937/810 1044/934/810 1048/934/810
f 1041/932/811 1042/936/811 1045/936/811
f 1040/933/812 1039/939/812 1050/939/812
f 1037/935/813 1038/938/813 1047/938/813
f 1052/937/814 1047/938/814 1038/938/814
f 1057/932/815 1053/936/815 1066/936/815
f 1071/937/841 1054/938/841 1047/938/841
f 1057/932/842 1056/939/842 1050/939/842
f 1055/934/802 1048/934/802 1049/933/802
f 1053/936/802 1045/936/802 1046/935/802
f 1071/937/843 1052/937/843 1048/934/843
f 1079/940/844 1077/941/844 1061/941/844
f 1075/943/845 1063/950/845 1064/944/845
f 1074/945/846 1060/945/846 1065/946/846
f 1066/936/847 1067/935/847 1059/948/847
f 1060/945/848 1059/948/848 1067/935/848
f 1068/934/849 1069/933/849 1062/942/849
f 1063/950/850 1062/942/850 1069/933/850
f 1070/932/824 1064/944/824 1063/950/824
f 1058/949/824 1064/944/824 1070/932/824
f 1071/937/851 1065/946/851 1060/945/851
f 1068/934/824 1061/941/824 1065/946/824
f 1078/948/852 1076/949/852 1058/949/852
f 1072/947/853 1065/946/853 1061/941/853
f 1073/944/854 1064/944/854 1058/949/854
f 1062/942/855 1063/950/855 1075/943/855
f 1059/948/856 1060/945/856 1074/945/856
usemtl Dirt
f 1075/943/836 1077/941/836 1079/940/836
f 1076/949/837 1074/945/837 1072/947/837
f 1076/949/838 1077/941/838 1073/944/838
f 1075/943/857 1073/944/857 1077/941/857
f 1076/949/858 1078/948/858 1074/945/858
f 1076/949/859 1072/947/859 1077/941/859
