# Blender 4.1.1
# www.blender.org
mtllib CupAndSaucer.mtl
o Cylinder.038
v -1.805154 -0.754849 -4.676730
v -1.873924 -0.754849 -4.774468
v -1.960440 -0.754849 -4.856912
v -2.061377 -0.754849 -4.920894
v -2.172857 -0.754849 -4.963953
v -2.290596 -0.754849 -4.984437
v -2.410069 -0.754849 -4.981558
v -2.526684 -0.754849 -4.955426
v -2.635961 -0.754849 -4.907045
v -2.733699 -0.754849 -4.838275
v -2.816143 -0.754849 -4.751760
v -2.880124 -0.754849 -4.650822
v -2.923184 -0.754849 -4.539342
v -2.943668 -0.754849 -4.421603
v -2.940788 -0.754849 -4.302130
v -2.914656 -0.754849 -4.185515
v -2.866276 -0.754849 -4.076239
v -2.797506 -0.754849 -3.978500
v -2.710990 -0.754849 -3.896056
v -2.610052 -0.754849 -3.832075
v -2.498572 -0.754849 -3.789015
v -2.380833 -0.754849 -3.768532
v -2.261361 -0.754849 -3.771411
v -2.144745 -0.754849 -3.797543
v -2.035469 -0.754849 -3.845923
v -1.937731 -0.754849 -3.914693
v -1.855287 -0.754849 -4.001209
v -1.791306 -0.754849 -4.102147
v -1.748246 -0.754849 -4.213627
v -1.727762 -0.754849 -4.331366
v -1.730641 -0.754849 -4.450839
v -1.756773 -0.754849 -4.567454
v -1.893517 -0.953133 -4.522348
v -1.699393 -0.765794 -4.586381
v -1.796455 -0.941967 -4.554365
v -1.725401 -0.867507 -4.577802
v -1.873557 -0.953133 -4.433277
v -1.670671 -0.765794 -4.458208
v -1.772114 -0.941967 -4.445742
v -1.697853 -0.867507 -4.454868
v -1.871358 -0.953133 -4.342022
v -1.667506 -0.765794 -4.326894
v -1.769432 -0.941967 -4.334458
v -1.694817 -0.867507 -4.328921
v -1.887003 -0.953133 -4.252093
v -1.690020 -0.765794 -4.197486
v -1.788512 -0.941967 -4.224790
v -1.716411 -0.867507 -4.204802
v -1.919893 -0.953133 -4.166944
v -1.737348 -0.765794 -4.074956
v -1.828620 -0.941967 -4.120950
v -1.761804 -0.867507 -4.087281
v -1.968762 -0.953133 -4.089848
v -1.807671 -0.765794 -3.964015
v -1.888216 -0.941967 -4.026931
v -1.829253 -0.867507 -3.980873
v -2.031733 -0.953133 -4.023766
v -1.898286 -0.765794 -3.868924
v -1.965009 -0.941967 -3.946345
v -1.916164 -0.867507 -3.889669
v -2.106386 -0.953133 -3.971240
v -2.005711 -0.765794 -3.793338
v -2.056048 -0.941967 -3.882289
v -2.019199 -0.867507 -3.817173
v -2.189852 -0.953133 -3.934286
v -2.125818 -0.765794 -3.740163
v -2.157835 -0.941967 -3.837224
v -2.134397 -0.867507 -3.766170
v -2.278923 -0.953133 -3.914326
v -2.253991 -0.765794 -3.711441
v -2.266457 -0.941967 -3.812884
v -2.257331 -0.867507 -3.738622
v -2.370177 -0.953133 -3.912127
v -2.385305 -0.765794 -3.708276
v -2.377741 -0.941967 -3.810202
v -2.383278 -0.867507 -3.735587
v -2.460106 -0.953133 -3.927773
v -2.514713 -0.765794 -3.730790
v -2.487410 -0.941967 -3.829281
v -2.507397 -0.867507 -3.757180
v -2.545255 -0.953133 -3.960662
v -2.637243 -0.765794 -3.778118
v -2.591249 -0.941967 -3.869390
v -2.624919 -0.867507 -3.802574
v -2.622352 -0.953133 -4.009531
v -2.748184 -0.765794 -3.848440
v -2.685268 -0.941967 -3.928986
v -2.731326 -0.867507 -3.870022
v -2.688433 -0.953133 -4.072502
v -2.843275 -0.765794 -3.939055
v -2.765854 -0.941967 -4.005779
v -2.822530 -0.867507 -3.956934
v -2.740960 -0.953133 -4.147155
v -2.918861 -0.765794 -4.046481
v -2.829910 -0.941967 -4.096818
v -2.895027 -0.867507 -4.059968
v -2.777913 -0.953133 -4.230621
v -2.972036 -0.765794 -4.166587
v -2.874975 -0.941967 -4.198604
v -2.946029 -0.867507 -4.175167
v -2.797873 -0.953133 -4.319692
v -3.000759 -0.765794 -4.294761
v -2.899316 -0.941967 -4.307227
v -2.973577 -0.867507 -4.298101
v -2.800072 -0.953133 -4.410946
v -3.003923 -0.765794 -4.426075
v -2.901998 -0.941967 -4.418510
v -2.976613 -0.867507 -4.424048
v -2.784426 -0.953133 -4.500875
v -2.981409 -0.765794 -4.555483
v -2.882918 -0.941967 -4.528179
v -2.955019 -0.867507 -4.548167
v -2.751537 -0.953133 -4.586025
v -2.934082 -0.765794 -4.678012
v -2.842809 -0.941967 -4.632019
v -2.909625 -0.867507 -4.665688
v -2.702668 -0.953133 -4.663121
v -2.863759 -0.765794 -4.788954
v -2.783214 -0.941967 -4.726038
v -2.842177 -0.867507 -4.772096
v -2.639697 -0.953133 -4.729203
v -2.773144 -0.765794 -4.884045
v -2.706420 -0.941967 -4.806624
v -2.755265 -0.867507 -4.863300
v -2.565044 -0.953133 -4.781729
v -2.665719 -0.765794 -4.959630
v -2.615381 -0.941967 -4.870680
v -2.652231 -0.867507 -4.935796
v -2.481578 -0.953133 -4.818683
v -2.545612 -0.765794 -5.012806
v -2.513595 -0.941967 -4.915744
v -2.537033 -0.867507 -4.986798
v -2.392507 -0.953133 -4.838642
v -2.417438 -0.765794 -5.041528
v -2.404973 -0.941967 -4.940085
v -2.414098 -0.867507 -5.014347
v -2.301253 -0.953133 -4.840842
v -2.286124 -0.765794 -5.044693
v -2.293689 -0.941967 -4.942767
v -2.288151 -0.867507 -5.017382
v -2.211323 -0.953133 -4.825196
v -2.156716 -0.765794 -5.022179
v -2.184020 -0.941967 -4.923687
v -2.164032 -0.867507 -4.995788
v -2.126174 -0.953133 -4.792307
v -2.034187 -0.765794 -4.974851
v -2.080181 -0.941967 -4.883579
v -2.046511 -0.867507 -4.950395
v -2.049078 -0.953133 -4.743437
v -1.923245 -0.765794 -4.904529
v -1.986161 -0.941967 -4.823983
v -1.940104 -0.867507 -4.882946
v -1.982997 -0.953133 -4.680467
v -1.828154 -0.765794 -4.813913
v -1.905576 -0.941967 -4.747190
v -1.848899 -0.867507 -4.796035
v -1.930470 -0.953133 -4.605814
v -1.752569 -0.765794 -4.706488
v -1.841519 -0.941967 -4.656151
v -1.776403 -0.867507 -4.693000
v -1.699393 0.336633 -4.586381
v -1.756773 0.370871 -4.567454
v -1.703770 0.353752 -4.584938
v -1.715729 0.366284 -4.580993
v -1.730641 0.370871 -4.450839
v -1.670671 0.336633 -4.458208
v -1.687745 0.366284 -4.456110
v -1.675246 0.353752 -4.457646
v -1.727762 0.370871 -4.331366
v -1.667506 0.336633 -4.326894
v -1.684661 0.366284 -4.328167
v -1.672103 0.353752 -4.327235
v -1.748246 0.370871 -4.213627
v -1.690020 0.336633 -4.197486
v -1.706597 0.366284 -4.202081
v -1.694462 0.353752 -4.198717
v -1.791306 0.370871 -4.102147
v -1.737348 0.336633 -4.074956
v -1.752710 0.366284 -4.082697
v -1.741464 0.353752 -4.077031
v -1.855287 0.370871 -4.001209
v -1.807671 0.336633 -3.964015
v -1.821227 0.366284 -3.974604
v -1.811303 0.353752 -3.966852
v -1.937731 0.370871 -3.914693
v -1.898286 0.336633 -3.868924
v -1.909516 0.366284 -3.881954
v -1.901295 0.353752 -3.872416
v -2.035469 0.370871 -3.845923
v -2.005711 0.336633 -3.793338
v -2.014183 0.366284 -3.808309
v -2.007981 0.353752 -3.797350
v -2.144745 0.370871 -3.797543
v -2.125818 0.336633 -3.740163
v -2.131207 0.366284 -3.756499
v -2.127262 0.353752 -3.744540
v -2.261361 0.370871 -3.771411
v -2.253991 0.336633 -3.711441
v -2.256089 0.366284 -3.728514
v -2.254554 0.353752 -3.716015
v -2.380833 0.370871 -3.768532
v -2.385305 0.336633 -3.708276
v -2.384032 0.366284 -3.725430
v -2.384964 0.353752 -3.712873
v -2.498572 0.370871 -3.789015
v -2.514713 0.336633 -3.730790
v -2.510118 0.366284 -3.747366
v -2.513482 0.353752 -3.735232
v -2.610052 0.370871 -3.832075
v -2.637243 0.336633 -3.778118
v -2.629502 0.366284 -3.793479
v -2.635169 0.353752 -3.782234
v -2.710990 0.370871 -3.896056
v -2.748184 0.336633 -3.848440
v -2.737595 0.366284 -3.861996
v -2.745347 0.353752 -3.852073
v -2.797506 0.370871 -3.978500
v -2.843275 0.336633 -3.939055
v -2.830245 0.366284 -3.950285
v -2.839784 0.353752 -3.942064
v -2.866276 0.370871 -4.076239
v -2.918861 0.336633 -4.046481
v -2.903890 0.366284 -4.054953
v -2.914849 0.353752 -4.048750
v -2.914656 0.370871 -4.185515
v -2.972036 0.336633 -4.166587
v -2.955700 0.366284 -4.171976
v -2.967659 0.353752 -4.168031
v -2.940788 0.370871 -4.302130
v -3.000759 0.336633 -4.294761
v -2.983685 0.366284 -4.296859
v -2.996184 0.353752 -4.295323
v -2.943668 0.370871 -4.421603
v -3.003923 0.336633 -4.426075
v -2.986769 0.366284 -4.424802
v -2.999327 0.353752 -4.425734
v -2.923184 0.370871 -4.539342
v -2.981409 0.336633 -4.555483
v -2.964833 0.366284 -4.550888
v -2.976968 0.353752 -4.554252
v -2.880124 0.370871 -4.650822
v -2.934082 0.336633 -4.678012
v -2.918720 0.366284 -4.670271
v -2.929965 0.353752 -4.675938
v -2.816143 0.370871 -4.751760
v -2.863759 0.336633 -4.788954
v -2.850203 0.366284 -4.778365
v -2.860126 0.353752 -4.786117
v -2.733699 0.370871 -4.838275
v -2.773144 0.336633 -4.884045
v -2.761914 0.366284 -4.871015
v -2.770135 0.353752 -4.880553
v -2.635961 0.370871 -4.907045
v -2.665719 0.336633 -4.959630
v -2.657247 0.366284 -4.944660
v -2.663449 0.353752 -4.955619
v -2.526684 0.370871 -4.955426
v -2.545612 0.336633 -5.012806
v -2.540223 0.366284 -4.996470
v -2.544168 0.353752 -5.008429
v -2.410069 0.370871 -4.981558
v -2.417438 0.336633 -5.041528
v -2.415340 0.366284 -5.024455
v -2.416876 0.353752 -5.036953
v -2.290596 0.370871 -4.984437
v -2.286124 0.336633 -5.044693
v -2.287398 0.366284 -5.027538
v -2.286466 0.353752 -5.040096
v -2.172857 0.370871 -4.963953
v -2.156716 0.336633 -5.022179
v -2.161312 0.366284 -5.005602
v -2.157948 0.353752 -5.017737
v -2.061377 0.370871 -4.920894
v -2.034187 0.336633 -4.974851
v -2.041928 0.366284 -4.959490
v -2.036261 0.353752 -4.970735
v -1.960440 0.370871 -4.856912
v -1.923245 0.336633 -4.904529
v -1.933834 0.366284 -4.890972
v -1.926083 0.353752 -4.900896
v -1.873924 0.370871 -4.774468
v -1.828154 0.336633 -4.813913
v -1.841185 0.366284 -4.802684
v -1.831646 0.353752 -4.810905
v -1.805154 0.370871 -4.676730
v -1.752569 0.336633 -4.706488
v -1.767540 0.366284 -4.698016
v -1.756580 0.353752 -4.704218
v -1.699393 -0.632225 -4.586381
v -1.699393 0.203065 -4.586381
v -1.670671 0.203065 -4.458208
v -1.670671 -0.632225 -4.458208
v -1.752569 -0.632225 -4.706488
v -1.752569 0.203065 -4.706488
v -1.667506 0.203065 -4.326894
v -1.667506 -0.632225 -4.326894
v -1.690020 0.203065 -4.197486
v -1.690020 -0.632225 -4.197486
v -1.737348 0.203065 -4.074956
v -1.737348 -0.632225 -4.074956
v -1.807671 0.203065 -3.964015
v -1.807671 -0.632225 -3.964015
v -1.898286 0.203065 -3.868924
v -1.898286 -0.632225 -3.868924
v -2.005711 0.203065 -3.793338
v -2.005711 -0.632225 -3.793338
v -2.125818 0.203065 -3.740163
v -2.125818 -0.632225 -3.740163
v -2.253991 0.203065 -3.711441
v -2.253991 -0.632225 -3.711441
v -2.385305 0.203065 -3.708276
v -2.385305 -0.632225 -3.708276
v -2.514713 0.203065 -3.730790
v -2.514713 -0.632225 -3.730790
v -2.637243 0.203065 -3.778118
v -2.637243 -0.632225 -3.778118
v -2.748184 0.203065 -3.848440
v -2.748184 -0.632225 -3.848440
v -2.843275 0.203065 -3.939055
v -2.843275 -0.632225 -3.939055
v -2.918861 0.203065 -4.046481
v -2.918861 -0.632225 -4.046481
v -2.972036 0.203065 -4.166587
v -2.972036 -0.632225 -4.166587
v -3.000759 0.203065 -4.294761
v -3.000759 -0.632225 -4.294761
v -3.003923 0.203065 -4.426075
v -3.003923 -0.632225 -4.426075
v -2.981409 0.203065 -4.555483
v -2.981409 -0.632225 -4.555483
v -2.934082 0.203065 -4.678012
v -2.934082 -0.632225 -4.678012
v -2.863759 0.203065 -4.788954
v -2.863759 -0.632225 -4.788954
v -2.773144 0.203065 -4.884045
v -2.773144 -0.632225 -4.884045
v -2.665719 0.203065 -4.959630
v -2.665719 -0.632225 -4.959630
v -2.545612 0.203065 -5.012806
v -2.545612 -0.632225 -5.012806
v -2.417438 0.203065 -5.041528
v -2.417438 -0.632225 -5.041528
v -2.286124 0.203065 -5.044693
v -2.286124 -0.632225 -5.044693
v -2.156716 0.203065 -5.022179
v -2.156716 -0.632225 -5.022179
v -2.034187 0.203065 -4.974851
v -2.034187 -0.632225 -4.974851
v -1.923245 0.203065 -4.904529
v -1.923245 -0.632225 -4.904529
v -1.828154 0.203065 -4.813913
v -1.828154 -0.632225 -4.813913
v -2.918861 -0.765794 -4.046481
v -2.972036 -0.765794 -4.166587
v -3.000759 -0.765794 -4.294761
v -2.972036 0.336633 -4.166587
v -2.918861 0.336633 -4.046481
v -3.000759 0.336633 -4.294761
v -2.918861 -0.632225 -4.046481
v -2.972036 -0.632225 -4.166587
v -3.000759 -0.632225 -4.294761
v -2.918861 0.203065 -4.046481
v -2.972036 0.203065 -4.166587
v -3.000759 0.203065 -4.294761
v -3.167304 -0.765794 -3.964529
v -3.208253 -0.765794 -4.088669
v -3.249202 -0.765794 -4.212810
v -3.208253 0.336633 -4.088669
v -3.167304 0.336633 -3.964529
v -3.249202 0.336633 -4.212810
v -3.167304 -0.632225 -3.964529
v -3.208253 -0.632225 -4.088669
v -3.249202 -0.632225 -4.212810
v -3.167304 0.203065 -3.964529
v -3.208253 0.203065 -4.088669
v -3.249202 0.203065 -4.212810
v -3.305967 0.322587 -4.056437
v -3.389723 0.283063 -4.028810
v -3.459518 0.221981 -4.005787
v -3.515355 0.143259 -3.987369
v -3.557233 0.050819 -3.973555
v -3.585151 -0.051421 -3.964346
v -3.599111 -0.159540 -3.959741
v -3.599111 -0.269620 -3.959741
v -3.585151 -0.377739 -3.964346
v -3.557233 -0.479979 -3.973555
v -3.515355 -0.572420 -3.987369
v -3.459518 -0.651141 -4.005787
v -3.389723 -0.712224 -4.028810
v -3.305967 -0.751748 -4.056437
v -3.346916 -0.751748 -4.180577
v -3.430671 -0.712224 -4.152950
v -3.500467 -0.651141 -4.129927
v -3.556304 -0.572420 -4.111509
v -3.598182 -0.479979 -4.097695
v -3.626100 -0.377739 -4.088486
v -3.640059 -0.269620 -4.083881
v -3.640059 -0.159540 -4.083881
v -3.626100 -0.051421 -4.088486
v -3.598182 0.050819 -4.097695
v -3.556304 0.143259 -4.111509
v -3.500467 0.221981 -4.129927
v -3.430671 0.283063 -4.152950
v -3.346916 0.322587 -4.180577
v -3.323239 -0.621583 -4.188388
v -3.386698 -0.591636 -4.167455
v -3.439582 -0.545355 -4.150011
v -3.481888 -0.485709 -4.136055
v -3.513618 -0.415669 -4.125589
v -3.534771 -0.338203 -4.118611
v -3.545348 -0.256283 -4.115123
v -3.545348 -0.172877 -4.115123
v -3.534771 -0.090957 -4.118611
v -3.513618 -0.013491 -4.125589
v -3.481888 0.056549 -4.136055
v -3.439582 0.116195 -4.150011
v -3.386698 0.162477 -4.167455
v -3.323239 0.192423 -4.188388
v -3.282290 -0.621583 -4.064248
v -3.345750 -0.591636 -4.043314
v -3.398633 -0.545355 -4.025871
v -3.440939 -0.485709 -4.011915
v -3.472670 -0.415669 -4.001449
v -3.493823 -0.338203 -3.994471
v -3.504399 -0.256283 -3.990983
v -3.504399 -0.172877 -3.990983
v -3.493823 -0.090957 -3.994471
v -3.472670 -0.013491 -4.001449
v -3.440939 0.056549 -4.011915
v -3.398633 0.116195 -4.025871
v -3.345750 0.162477 -4.043314
v -3.282290 0.192423 -4.064248
v -3.241341 -0.621583 -3.940107
v -3.304801 -0.591636 -3.919174
v -3.357684 -0.545355 -3.901731
v -3.399991 -0.485709 -3.887775
v -3.431721 -0.415669 -3.877309
v -3.452874 -0.338203 -3.870331
v -3.463450 -0.256283 -3.866842
v -3.463450 -0.172877 -3.866842
v -3.452874 -0.090957 -3.870331
v -3.431721 -0.013491 -3.877309
v -3.399991 0.056549 -3.887775
v -3.357684 0.116195 -3.901731
v -3.304801 0.162477 -3.919174
v -3.241341 0.192423 -3.940107
v -3.265018 -0.751748 -3.932297
v -3.348774 -0.712224 -3.904670
v -3.418570 -0.651141 -3.881647
v -3.474406 -0.572420 -3.863228
v -3.516284 -0.479979 -3.849415
v -3.544202 -0.377739 -3.840206
v -3.558162 -0.269620 -3.835601
v -3.558162 -0.159540 -3.835601
v -3.544202 -0.051421 -3.840206
v -3.516284 0.050819 -3.849415
v -3.474406 0.143259 -3.863228
v -3.418570 0.221981 -3.881647
v -3.348774 0.283063 -3.904670
v -3.265018 0.322587 -3.932297
vn -0.6335 0.6857 0.3585
vn -0.5514 0.6857 0.4752
vn -0.4481 0.6857 0.5736
vn -0.3276 0.6857 0.6500
vn -0.1944 0.6857 0.7014
vn -0.0539 0.6857 0.7259
vn 0.0888 0.6857 0.7225
vn 0.2280 0.6857 0.6913
vn 0.3585 0.6857 0.6335
vn 0.4752 0.6857 0.5514
vn 0.5736 0.6857 0.4481
vn 0.6500 0.6857 0.3276
vn 0.7014 0.6857 0.1945
vn 0.7259 0.6857 0.0539
vn 0.7225 0.6857 -0.0888
vn 0.6913 0.6857 -0.2280
vn 0.6335 0.6857 -0.3585
vn 0.5514 0.6857 -0.4752
vn 0.4481 0.6857 -0.5736
vn 0.3276 0.6857 -0.6500
vn 0.1944 0.6857 -0.7014
vn 0.0539 0.6857 -0.7259
vn -0.0888 0.6857 -0.7225
vn -0.2280 0.6857 -0.6913
vn -0.3585 0.6857 -0.6335
vn -0.4752 0.6857 -0.5514
vn -0.5736 0.6857 -0.4481
vn -0.6500 0.6857 -0.3276
vn -0.7014 0.6857 -0.1945
vn -0.7259 0.6857 -0.0539
vn -0.7225 0.6857 0.0888
vn -0.6913 0.6857 0.2280
vn 0.0549 -0.9983 -0.0181
vn 0.9416 -0.1301 -0.3106
vn 0.4253 -0.8941 -0.1403
vn 0.8253 -0.4947 -0.2722
vn 0.0573 -0.9983 -0.0070
vn 0.9841 -0.1301 -0.1209
vn 0.4445 -0.8941 -0.0546
vn 0.8626 -0.4947 -0.1060
vn 0.0576 -0.9983 0.0043
vn 0.9888 -0.1301 0.0734
vn 0.4466 -0.8941 0.0331
vn 0.8667 -0.4947 0.0643
vn 0.0557 -0.9983 0.0154
vn 0.9555 -0.1301 0.2649
vn 0.4315 -0.8941 0.1196
vn 0.8375 -0.4947 0.2322
vn 0.0516 -0.9983 0.0260
vn 0.8854 -0.1301 0.4462
vn 0.3999 -0.8941 0.2015
vn 0.7761 -0.4947 0.3911
vn 0.0455 -0.9983 0.0356
vn 0.7814 -0.1301 0.6104
vn 0.3529 -0.8941 0.2757
vn 0.6849 -0.4947 0.5350
vn 0.0377 -0.9983 0.0438
vn 0.6473 -0.1301 0.7511
vn 0.2923 -0.8941 0.3392
vn 0.5674 -0.4947 0.6583
vn 0.0285 -0.9983 0.0503
vn 0.4883 -0.1301 0.8629
vn 0.2205 -0.8941 0.3897
vn 0.4280 -0.4947 0.7564
vn 0.0181 -0.9983 0.0549
vn 0.3106 -0.1301 0.9416
vn 0.1403 -0.8941 0.4253
vn 0.2722 -0.4947 0.8253
vn 0.0070 -0.9983 0.0573
vn 0.1209 -0.1301 0.9841
vn 0.0546 -0.8941 0.4445
vn 0.1060 -0.4947 0.8626
vn -0.0043 -0.9983 0.0576
vn -0.0734 -0.1301 0.9888
vn -0.0331 -0.8941 0.4466
vn -0.0643 -0.4947 0.8667
vn -0.0154 -0.9983 0.0557
vn -0.2649 -0.1301 0.9555
vn -0.1196 -0.8941 0.4315
vn -0.2322 -0.4947 0.8375
vn -0.0260 -0.9983 0.0516
vn -0.4462 -0.1301 0.8854
vn -0.2015 -0.8941 0.3999
vn -0.3911 -0.4947 0.7761
vn -0.0356 -0.9983 0.0455
vn -0.6104 -0.1301 0.7814
vn -0.2757 -0.8941 0.3529
vn -0.5350 -0.4947 0.6849
vn -0.0438 -0.9983 0.0377
vn -0.7511 -0.1301 0.6473
vn -0.3392 -0.8941 0.2923
vn -0.6583 -0.4947 0.5674
vn -0.0503 -0.9983 0.0285
vn -0.7581 0.4586 0.4636
vn -0.3897 -0.8941 0.2205
vn -0.7564 -0.4947 0.4280
vn -0.0549 -0.9983 0.0181
vn -0.7459 0.6190 0.2460
vn -0.4253 -0.8941 0.1403
vn -0.8253 -0.4947 0.2722
vn -0.0573 -0.9983 0.0070
vn -0.8852 0.4587 0.0784
vn -0.4445 -0.8941 0.0546
vn -0.8626 -0.4947 0.1060
vn -0.0576 -0.9983 -0.0043
vn -0.9888 -0.1301 -0.0734
vn -0.4466 -0.8941 -0.0331
vn -0.8667 -0.4947 -0.0643
vn -0.0557 -0.9983 -0.0154
vn -0.9555 -0.1301 -0.2649
vn -0.4315 -0.8941 -0.1196
vn -0.8375 -0.4947 -0.2322
vn -0.0516 -0.9983 -0.0260
vn -0.8854 -0.1301 -0.4462
vn -0.3999 -0.8941 -0.2015
vn -0.7761 -0.4947 -0.3911
vn -0.0455 -0.9983 -0.0356
vn -0.7814 -0.1301 -0.6104
vn -0.3529 -0.8941 -0.2757
vn -0.6849 -0.4947 -0.5350
vn -0.0377 -0.9983 -0.0438
vn -0.6473 -0.1301 -0.7511
vn -0.2923 -0.8941 -0.3392
vn -0.5674 -0.4947 -0.6583
vn -0.0285 -0.9983 -0.0503
vn -0.4883 -0.1301 -0.8629
vn -0.2205 -0.8941 -0.3897
vn -0.4280 -0.4947 -0.7564
vn -0.0181 -0.9983 -0.0549
vn -0.3106 -0.1301 -0.9416
vn -0.1403 -0.8941 -0.4253
vn -0.2722 -0.4947 -0.8253
vn -0.0070 -0.9983 -0.0573
vn -0.1209 -0.1301 -0.9841
vn -0.0546 -0.8941 -0.4445
vn -0.1060 -0.4947 -0.8626
vn 0.0043 -0.9983 -0.0576
vn 0.0734 -0.1301 -0.9888
vn 0.0331 -0.8941 -0.4466
vn 0.0643 -0.4947 -0.8667
vn 0.0154 -0.9983 -0.0557
vn 0.2649 -0.1301 -0.9555
vn 0.1196 -0.8941 -0.4315
vn 0.2322 -0.4947 -0.8375
vn 0.0260 -0.9983 -0.0516
vn 0.4462 -0.1301 -0.8854
vn 0.2015 -0.8941 -0.3999
vn 0.3911 -0.4947 -0.7761
vn 0.0356 -0.9983 -0.0455
vn 0.6104 -0.1301 -0.7814
vn 0.2757 -0.8941 -0.3529
vn 0.5350 -0.4947 -0.6849
vn 0.0438 -0.9983 -0.0377
vn 0.7511 -0.1301 -0.6473
vn 0.3392 -0.8941 -0.2923
vn 0.6583 -0.4947 -0.5674
vn 0.0503 -0.9983 -0.0285
vn 0.8629 -0.1301 -0.4883
vn 0.3897 -0.8941 -0.2205
vn 0.7564 -0.4947 -0.4280
vn 0.9416 0.1301 -0.3106
vn -0.6092 0.7672 0.2009
vn 0.8253 0.4947 -0.2722
vn 0.4240 0.8948 -0.1399
vn -0.6367 0.7672 0.0782
vn 0.9841 0.1301 -0.1209
vn 0.4432 0.8948 -0.0545
vn 0.8626 0.4947 -0.1060
vn -0.6397 0.7672 -0.0475
vn 0.9888 0.1301 0.0734
vn 0.4453 0.8948 0.0330
vn 0.8667 0.4947 0.0643
vn -0.6182 0.7672 -0.1714
vn 0.9555 0.1301 0.2649
vn 0.4303 0.8948 0.1193
vn 0.8375 0.4947 0.2322
vn -0.5728 0.7672 -0.2887
vn 0.8854 0.1301 0.4462
vn 0.3987 0.8948 0.2009
vn 0.7761 0.4947 0.3911
vn -0.5055 0.7672 -0.3949
vn 0.7814 0.1301 0.6104
vn 0.3519 0.8948 0.2749
vn 0.6849 0.4947 0.5350
vn -0.4188 0.7672 -0.4859
vn 0.6473 0.1301 0.7511
vn 0.2915 0.8948 0.3382
vn 0.5674 0.4947 0.6583
vn -0.3159 0.7672 -0.5583
vn 0.4883 0.1301 0.8629
vn 0.2199 0.8948 0.3886
vn 0.4280 0.4947 0.7564
vn -0.2009 0.7672 -0.6092
vn 0.3106 0.1301 0.9416
vn 0.1399 0.8948 0.4240
vn 0.2722 0.4947 0.8253
vn -0.0782 0.7672 -0.6367
vn 0.1209 0.1301 0.9841
vn 0.0545 0.8948 0.4432
vn 0.1060 0.4947 0.8626
vn 0.0475 0.7672 -0.6397
vn -0.0734 0.1301 0.9888
vn -0.0330 0.8948 0.4453
vn -0.0643 0.4947 0.8667
vn 0.1714 0.7672 -0.6182
vn -0.2649 0.1301 0.9555
vn -0.1193 0.8948 0.4303
vn -0.2322 0.4947 0.8375
vn 0.2887 0.7672 -0.5728
vn -0.4462 0.1301 0.8854
vn -0.2009 0.8948 0.3987
vn -0.3911 0.4947 0.7761
vn 0.3949 0.7672 -0.5055
vn -0.6104 0.1301 0.7814
vn -0.2749 0.8948 0.3519
vn -0.5350 0.4947 0.6849
vn 0.4859 0.7672 -0.4188
vn -0.7511 0.1301 0.6473
vn -0.3382 0.8948 0.2915
vn -0.6583 0.4947 0.5674
vn 0.5583 0.7672 -0.3159
vn -0.6440 0.6558 0.3939
vn -0.3886 0.8948 0.2199
vn -0.7564 0.4947 0.4280
vn 0.6092 0.7672 -0.2009
vn -0.5716 0.7986 0.1886
vn -0.4240 0.8948 0.1399
vn -0.8253 0.4947 0.2722
vn 0.6367 0.7672 -0.0782
vn -0.7520 0.6558 0.0666
vn -0.4432 0.8948 0.0545
vn -0.8626 0.4947 0.1060
vn 0.6397 0.7672 0.0475
vn -0.9888 0.1301 -0.0734
vn -0.4453 0.8948 -0.0330
vn -0.8667 0.4947 -0.0643
vn 0.6182 0.7672 0.1714
vn -0.9555 0.1301 -0.2649
vn -0.4303 0.8948 -0.1193
vn -0.8375 0.4947 -0.2322
vn 0.5728 0.7672 0.2887
vn -0.8854 0.1301 -0.4462
vn -0.3987 0.8948 -0.2009
vn -0.7761 0.4947 -0.3911
vn 0.5055 0.7672 0.3949
vn -0.7814 0.1301 -0.6104
vn -0.3519 0.8948 -0.2749
vn -0.6849 0.4947 -0.5350
vn 0.4188 0.7672 0.4859
vn -0.6473 0.1301 -0.7511
vn -0.2915 0.8948 -0.3382
vn -0.5674 0.4947 -0.6583
vn 0.3159 0.7672 0.5583
vn -0.4883 0.1301 -0.8629
vn -0.2199 0.8948 -0.3886
vn -0.4280 0.4947 -0.7564
vn 0.2009 0.7672 0.6092
vn -0.3106 0.1301 -0.9416
vn -0.1399 0.8948 -0.4240
vn -0.2722 0.4947 -0.8253
vn 0.0782 0.7672 0.6367
vn -0.1209 0.1301 -0.9841
vn -0.0545 0.8948 -0.4432
vn -0.1060 0.4947 -0.8626
vn -0.0475 0.7672 0.6397
vn 0.0734 0.1301 -0.9888
vn 0.0330 0.8948 -0.4453
vn 0.0643 0.4947 -0.8667
vn -0.1714 0.7672 0.6182
vn 0.2649 0.1301 -0.9555
vn 0.1193 0.8948 -0.4303
vn 0.2322 0.4947 -0.8375
vn -0.2887 0.7672 0.5728
vn 0.4462 0.1301 -0.8854
vn 0.2009 0.8948 -0.3987
vn 0.3911 0.4947 -0.7761
vn -0.3949 0.7672 0.5055
vn 0.6104 0.1301 -0.7814
vn 0.2749 0.8948 -0.3519
vn 0.5350 0.4947 -0.6849
vn -0.4859 0.7672 0.4188
vn 0.7511 0.1301 -0.6473
vn 0.3382 0.8948 -0.2915
vn 0.6583 0.4947 -0.5674
vn -0.5583 0.7672 0.3159
vn 0.8629 0.1301 -0.4883
vn 0.3886 0.8948 -0.2199
vn 0.7564 0.4947 -0.4280
vn 0.9497 -0.0000 -0.3133
vn 0.9925 -0.0000 -0.1220
vn 0.8703 -0.0000 -0.4925
vn 0.9973 -0.0000 0.0740
vn 0.9637 -0.0000 0.2671
vn 0.8930 -0.0000 0.4500
vn 0.7881 -0.0000 0.6156
vn 0.6528 -0.0000 0.7575
vn 0.4925 -0.0000 0.8703
vn 0.3133 -0.0000 0.9497
vn 0.1220 -0.0000 0.9925
vn -0.0740 -0.0000 0.9973
vn -0.2671 -0.0000 0.9637
vn -0.4500 -0.0000 0.8930
vn -0.6156 -0.0000 0.7881
vn -0.7575 -0.0000 0.6528
vn -0.7094 0.5563 0.4328
vn -0.6699 0.7088 0.2210
vn -0.8276 0.5563 0.0742
vn -0.9973 -0.0000 -0.0740
vn -0.9637 -0.0000 -0.2671
vn -0.8930 -0.0000 -0.4500
vn -0.7881 -0.0000 -0.6156
vn -0.6528 -0.0000 -0.7575
vn -0.4925 -0.0000 -0.8703
vn -0.3133 -0.0000 -0.9497
vn -0.1220 -0.0000 -0.9925
vn 0.0740 -0.0000 -0.9973
vn 0.2671 -0.0000 -0.9637
vn 0.4500 -0.0000 -0.8930
vn 0.6156 -0.0000 -0.7881
vn 0.7575 -0.0000 -0.6528
vn 0.2147 0.7282 0.6509
vn -0.0000 -1.0000 -0.0000
vn -0.2147 0.7282 -0.6509
vn -0.0000 1.0000 -0.0000
vn 0.1009 0.9467 0.3060
vn -0.1010 0.9467 -0.3060
vn 0.1704 -0.7201 0.6726
vn -0.0644 -0.9977 0.0212
vn -0.2633 -0.7201 -0.6420
vn -0.0644 0.9977 0.0212
vn 0.1704 0.7201 0.6727
vn -0.2633 0.7201 -0.6420
vn 0.2709 0.6896 0.6716
vn 0.0644 0.9977 -0.0212
vn -0.1819 0.6896 -0.7010
vn 0.2709 -0.6896 0.6716
vn 0.0644 -0.9977 -0.0212
vn -0.1819 -0.6896 -0.7010
vn -0.2611 0.9615 0.0861
vn -0.5023 0.8486 0.1657
vn -0.6887 0.6885 0.2272
vn -0.8129 0.5170 0.2681
vn -0.8879 0.3547 0.2929
vn -0.9293 0.2061 0.3065
vn -0.9475 0.0675 0.3125
vn -0.9475 -0.0675 0.3125
vn -0.9293 -0.2061 0.3065
vn -0.8879 -0.3547 0.2929
vn -0.8129 -0.5170 0.2681
vn -0.6887 -0.6885 0.2272
vn -0.5023 -0.8486 0.1657
vn -0.2611 -0.9615 0.0861
vn -0.4042 -0.7081 -0.5789
vn -0.5817 -0.6240 -0.5219
vn -0.7175 -0.5038 -0.4810
vn -0.8065 -0.3763 -0.4560
vn -0.8594 -0.2570 -0.4420
vn -0.8881 -0.1489 -0.4349
vn -0.9006 -0.0487 -0.4318
vn -0.9006 0.0487 -0.4318
vn -0.8881 0.1489 -0.4349
vn -0.8594 0.2570 -0.4420
vn -0.8065 0.3763 -0.4560
vn -0.7175 0.5038 -0.4810
vn -0.5817 0.6240 -0.5219
vn -0.4042 0.7081 -0.5790
vn -0.0566 0.6461 -0.7612
vn 0.1070 0.5718 -0.8134
vn 0.2372 0.4672 -0.8518
vn 0.3271 0.3534 -0.8764
vn 0.3830 0.2438 -0.8910
vn 0.4145 0.1422 -0.8989
vn 0.4286 0.0467 -0.9023
vn 0.4286 -0.0467 -0.9023
vn 0.4145 -0.1422 -0.8989
vn 0.3830 -0.2438 -0.8910
vn 0.3271 -0.3534 -0.8764
vn 0.2372 -0.4672 -0.8518
vn 0.1070 -0.5718 -0.8134
vn -0.0566 -0.6461 -0.7612
vn 0.2611 0.9615 -0.0861
vn 0.5023 0.8486 -0.1657
vn 0.6887 0.6885 -0.2272
vn 0.8129 0.5170 -0.2681
vn 0.8879 0.3547 -0.2929
vn 0.9293 0.2061 -0.3065
vn 0.9475 0.0675 -0.3125
vn 0.9475 -0.0675 -0.3125
vn 0.9293 -0.2061 -0.3065
vn 0.8879 -0.3547 -0.2929
vn 0.8129 -0.5170 -0.2681
vn 0.6887 -0.6885 -0.2272
vn 0.5023 -0.8486 -0.1657
vn 0.2611 -0.9615 -0.0861
vn 0.4074 0.6461 0.6454
vn 0.5699 0.5718 0.5901
vn 0.6974 0.4672 0.5435
vn 0.7843 0.3534 0.5098
vn 0.8380 0.2438 0.4882
vn 0.8680 0.1422 0.4758
vn 0.8813 0.0467 0.4702
vn 0.8813 -0.0467 0.4702
vn 0.8680 -0.1422 0.4758
vn 0.8380 -0.2438 0.4882
vn 0.7843 -0.3534 0.5098
vn 0.6974 -0.4672 0.5435
vn 0.5699 -0.5718 0.5901
vn 0.4074 -0.6461 0.6455
vn 0.0196 -0.7081 0.7058
vn -0.1570 -0.6240 0.7655
vn -0.2905 -0.5038 0.8135
vn -0.3769 -0.3763 0.8464
vn -0.4277 -0.2570 0.8666
vn -0.4551 -0.1489 0.8779
vn -0.4669 -0.0487 0.8829
vn -0.4669 0.0487 0.8829
vn -0.4551 0.1489 0.8779
vn -0.4277 0.2570 0.8666
vn -0.3769 0.3763 0.8464
vn -0.2905 0.5038 0.8135
vn -0.1570 0.6240 0.7655
vn 0.0196 0.7081 0.7058
vt 0.968750 0.987225
vt 0.937500 0.850117
vt 0.968750 0.850117
vt 0.906250 0.987225
vt 0.875000 0.850117
vt 0.906250 0.850117
vt 0.875000 0.987225
vt 0.843750 0.850117
vt 0.875000 0.850117
vt 0.843750 0.987225
vt 0.812500 0.850117
vt 0.812500 0.987225
vt 0.781250 0.850117
vt 0.812500 0.850117
vt 0.781250 0.987225
vt 0.750000 0.850117
vt 0.750000 0.987225
vt 0.718750 0.850117
vt 0.718750 0.987225
vt 0.687500 0.850117
vt 0.718750 0.850117
vt 0.687500 0.987225
vt 0.656250 0.850117
vt 0.656250 0.987225
vt 0.625000 0.850117
vt 0.656250 0.850117
vt 0.625000 0.987225
vt 0.593750 0.850117
vt 0.625000 0.850117
vt 0.593750 0.987225
vt 0.562500 0.850117
vt 0.562500 0.987225
vt 0.531250 0.850117
vt 0.531250 0.575901
vt 0.531250 0.713009
vt 0.468750 0.575901
vt 0.500000 0.575901
vt 0.468750 0.987225
vt 0.437500 0.850117
vt 0.468750 0.850117
vt 0.437500 0.987225
vt 0.406250 0.850117
vt 0.406250 0.987225
vt 0.375000 0.850117
vt 0.406250 0.850117
vt 0.375000 0.987225
vt 0.343750 0.850117
vt 0.375000 0.850117
vt 0.343750 0.987225
vt 0.312500 0.850117
vt 0.312500 0.987225
vt 0.281250 0.850117
vt 0.312500 0.850117
vt 0.281250 0.987225
vt 0.250000 0.850117
vt 0.281250 0.850117
vt 0.250000 0.987225
vt 0.218750 0.850117
vt 0.218750 0.987225
vt 0.187500 0.850117
vt 0.187500 0.987225
vt 0.156250 0.850117
vt 0.156250 0.987225
vt 0.125000 0.850117
vt 0.156250 0.850117
vt 0.125000 0.987225
vt 0.093750 0.850117
vt 0.125000 0.850117
vt 0.093750 0.987225
vt 0.062500 0.850117
vt 0.062500 0.987225
vt 0.031250 0.850117
vt 0.162872 0.039654
vt 0.460346 0.162872
vt 0.337128 0.460346
vt 0.031250 0.987225
vt 0.000000 0.850117
vt 0.031250 0.850117
vt 0.937500 0.987225
vt 0.906250 0.850117
vt 0.039654 0.162872
vt 0.026698 0.205582
vt 1.000000 0.575901
vt 0.969389 0.500000
vt 0.999361 0.500000
vt 0.795865 0.485483
vt 0.750000 0.453391
vt 0.750957 0.489906
vt 0.782537 0.413578
vt 0.750000 0.416783
vt 0.937500 0.575901
vt 0.968111 0.500000
vt 0.968750 0.575901
vt 0.840924 0.472010
vt 0.789680 0.449483
vt 0.797742 0.485109
vt 0.827834 0.437909
vt 0.906250 0.575901
vt 0.936861 0.500000
vt 0.882489 0.450006
vt 0.842692 0.471278
vt 0.862998 0.419114
vt 0.813825 0.404087
vt 0.875000 0.575901
vt 0.905611 0.500000
vt 0.906250 0.575901
vt 0.918962 0.420316
vt 0.884080 0.448943
vt 0.893819 0.393819
vt 0.842660 0.388675
vt 0.843750 0.575901
vt 0.874361 0.500000
vt 0.875000 0.575901
vt 0.920316 0.418962
vt 0.919114 0.362998
vt 0.888675 0.342660
vt 0.867933 0.367933
vt 0.812500 0.575901
vt 0.843111 0.500000
vt 0.971278 0.342692
vt 0.950006 0.382489
vt 0.937909 0.327834
vt 0.781889 0.500000
vt 0.811861 0.500000
vt 0.985109 0.297742
vt 0.972010 0.340924
vt 0.913578 0.282538
vt 0.904087 0.313825
vt 0.750000 0.575901
vt 0.780611 0.500000
vt 0.781250 0.575901
vt 0.989906 0.250957
vt 0.949483 0.289680
vt 0.985483 0.295865
vt 0.953391 0.250000
vt 0.719389 0.500000
vt 0.749361 0.500000
vt 0.985483 0.204135
vt 0.989906 0.249043
vt 0.913578 0.217462
vt 0.916783 0.250000
vt 0.687500 0.575901
vt 0.718111 0.500000
vt 0.718750 0.575901
vt 0.972010 0.159076
vt 0.949483 0.210320
vt 0.985109 0.202258
vt 0.937909 0.172165
vt 0.656250 0.575901
vt 0.686861 0.500000
vt 0.950006 0.117511
vt 0.971278 0.157308
vt 0.919114 0.137002
vt 0.904087 0.186175
vt 0.625000 0.575901
vt 0.655611 0.500000
vt 0.656250 0.575901
vt 0.920316 0.081038
vt 0.948943 0.115920
vt 0.893819 0.106181
vt 0.888675 0.157340
vt 0.593750 0.575901
vt 0.624361 0.500000
vt 0.625000 0.575901
vt 0.918962 0.079684
vt 0.862998 0.080886
vt 0.842660 0.111325
vt 0.867933 0.132067
vt 0.562500 0.575901
vt 0.593111 0.500000
vt 0.842692 0.028722
vt 0.882489 0.049994
vt 0.827834 0.062091
vt 0.531889 0.500000
vt 0.561861 0.500000
vt 0.797742 0.014891
vt 0.840924 0.027990
vt 0.782538 0.086422
vt 0.813825 0.095913
vt 0.530611 0.500000
vt 0.750957 0.010094
vt 0.789680 0.050517
vt 0.795865 0.014517
vt 0.750000 0.046609
vt 0.469389 0.500000
vt 0.499361 0.500000
vt 0.704135 0.014517
vt 0.749043 0.010094
vt 0.717462 0.086422
vt 0.750000 0.083217
vt 0.437500 0.575901
vt 0.468111 0.500000
vt 0.659076 0.027990
vt 0.710320 0.050517
vt 0.702258 0.014891
vt 0.672166 0.062091
vt 0.406250 0.575901
vt 0.436861 0.500000
vt 0.617511 0.049994
vt 0.657308 0.028722
vt 0.637002 0.080886
vt 0.686175 0.095913
vt 0.375000 0.575901
vt 0.405611 0.500000
vt 0.406250 0.575901
vt 0.581038 0.079684
vt 0.615920 0.051057
vt 0.606181 0.106181
vt 0.657340 0.111325
vt 0.343750 0.575901
vt 0.374361 0.500000
vt 0.375000 0.575901
vt 0.579684 0.081038
vt 0.580886 0.137002
vt 0.611325 0.157340
vt 0.632067 0.132067
vt 0.312500 0.575901
vt 0.343111 0.500000
vt 0.528722 0.157308
vt 0.549994 0.117511
vt 0.562091 0.172165
vt 0.281889 0.500000
vt 0.311861 0.500000
vt 0.514891 0.202258
vt 0.527990 0.159076
vt 0.586422 0.217462
vt 0.595913 0.186175
vt 0.250000 0.575901
vt 0.280611 0.500000
vt 0.281250 0.575901
vt 0.510094 0.249043
vt 0.550517 0.210320
vt 0.514517 0.204135
vt 0.546609 0.250000
vt 0.219389 0.500000
vt 0.249361 0.500000
vt 0.514517 0.295865
vt 0.510094 0.250957
vt 0.586422 0.282538
vt 0.583217 0.250000
vt 0.187500 0.575901
vt 0.218111 0.500000
vt 0.218750 0.575901
vt 0.527990 0.340924
vt 0.550517 0.289680
vt 0.514891 0.297742
vt 0.562091 0.327835
vt 0.156250 0.575901
vt 0.186861 0.500000
vt 0.549994 0.382489
vt 0.528722 0.342692
vt 0.580886 0.362998
vt 0.595913 0.313825
vt 0.125000 0.575901
vt 0.155611 0.500000
vt 0.156250 0.575901
vt 0.579684 0.418962
vt 0.551057 0.384080
vt 0.606181 0.393819
vt 0.611325 0.342660
vt 0.093750 0.575901
vt 0.124361 0.500000
vt 0.125000 0.575901
vt 0.581038 0.420316
vt 0.637002 0.419114
vt 0.657340 0.388675
vt 0.632067 0.367933
vt 0.062500 0.575901
vt 0.093111 0.500000
vt 0.657308 0.471278
vt 0.617511 0.450006
vt 0.672165 0.437909
vt 0.031889 0.500000
vt 0.061861 0.500000
vt 0.702258 0.485109
vt 0.659076 0.472010
vt 0.717462 0.413578
vt 0.686175 0.404087
vt 0.000000 0.575901
vt 0.030611 0.500000
vt 0.031250 0.575901
vt 0.749043 0.489906
vt 0.710321 0.449483
vt 0.704135 0.485483
vt 1.000000 0.987225
vt 0.968857 1.000000
vt 0.968750 0.987225
vt 0.250161 0.489984
vt 0.295620 0.479345
vt 0.296661 0.485404
vt 0.250000 0.483839
vt 0.294418 0.473302
vt 0.937607 1.000000
vt 0.937500 0.987225
vt 0.341689 0.471778
vt 0.339486 0.466039
vt 0.937393 1.000000
vt 0.906358 1.000000
vt 0.383194 0.449629
vt 0.379914 0.444430
vt 0.376491 0.439307
vt 0.906143 1.000000
vt 0.875107 1.000000
vt 0.419581 0.419808
vt 0.415349 0.415349
vt 0.410992 0.410992
vt 0.843857 1.000000
vt 0.419808 0.419581
vt 0.444430 0.379914
vt 0.449450 0.383462
vt 0.439307 0.376491
vt 0.812608 1.000000
vt 0.812500 0.987225
vt 0.449629 0.383194
vt 0.466039 0.339486
vt 0.471655 0.341987
vt 0.460346 0.337128
vt 0.781357 1.000000
vt 0.781250 0.987225
vt 0.471778 0.341689
vt 0.479345 0.295620
vt 0.485341 0.296977
vt 0.473302 0.294418
vt 0.750107 1.000000
vt 0.485404 0.296661
vt 0.483839 0.250000
vt 0.489984 0.250161
vt 0.477677 0.250000
vt 0.718857 1.000000
vt 0.718750 0.987225
vt 0.489984 0.249839
vt 0.479345 0.204380
vt 0.485404 0.203339
vt 0.473302 0.205582
vt 0.687607 1.000000
vt 0.687500 0.987225
vt 0.471778 0.158311
vt 0.466039 0.160514
vt 0.687392 1.000000
vt 0.656357 1.000000
vt 0.449629 0.116806
vt 0.444430 0.120086
vt 0.439307 0.123509
vt 0.625000 0.987225
vt 0.656142 1.000000
vt 0.625108 1.000000
vt 0.419808 0.080419
vt 0.415349 0.084651
vt 0.410992 0.089008
vt 0.593858 1.000000
vt 0.419581 0.080192
vt 0.379914 0.055570
vt 0.383462 0.050550
vt 0.376491 0.060693
vt 0.562607 1.000000
vt 0.383194 0.050371
vt 0.339486 0.033961
vt 0.341987 0.028345
vt 0.337128 0.039654
vt 0.531358 1.000000
vt 0.531250 0.987225
vt 0.341689 0.028222
vt 0.295620 0.020655
vt 0.296977 0.014659
vt 0.294418 0.026698
vt 0.531250 0.987225
vt 0.500107 1.000000
vt 0.500000 0.987225
vt 0.296661 0.014596
vt 0.250000 0.016161
vt 0.250161 0.010016
vt 0.250000 0.022323
vt 0.468857 1.000000
vt 0.249839 0.010016
vt 0.204380 0.020655
vt 0.203339 0.014596
vt 0.205582 0.026698
vt 0.437607 1.000000
vt 0.437500 0.987225
vt 0.158311 0.028222
vt 0.160514 0.033961
vt 0.406250 0.987225
vt 0.437393 1.000000
vt 0.406357 1.000000
vt 0.116806 0.050371
vt 0.120086 0.055570
vt 0.123509 0.060693
vt 0.406143 1.000000
vt 0.375107 1.000000
vt 0.080419 0.080192
vt 0.084651 0.084651
vt 0.089008 0.089008
vt 0.343857 1.000000
vt 0.080192 0.080419
vt 0.055570 0.120086
vt 0.050550 0.116538
vt 0.060693 0.123509
vt 0.312607 1.000000
vt 0.312500 0.987225
vt 0.050371 0.116806
vt 0.033961 0.160514
vt 0.028345 0.158013
vt 0.281357 1.000000
vt 0.281250 0.987225
vt 0.028222 0.158311
vt 0.020655 0.204380
vt 0.014659 0.203023
vt 0.250107 1.000000
vt 0.014596 0.203339
vt 0.016161 0.250000
vt 0.010016 0.249839
vt 0.022323 0.250000
vt 0.218857 1.000000
vt 0.010016 0.250161
vt 0.020655 0.295620
vt 0.014596 0.296661
vt 0.026698 0.294418
vt 0.187607 1.000000
vt 0.187500 0.987225
vt 0.028222 0.341689
vt 0.033961 0.339486
vt 0.039654 0.337128
vt 0.156250 0.987225
vt 0.187393 1.000000
vt 0.156357 1.000000
vt 0.050371 0.383194
vt 0.055570 0.379914
vt 0.060693 0.376491
vt 0.156143 1.000000
vt 0.125107 1.000000
vt 0.080192 0.419581
vt 0.084651 0.415349
vt 0.089008 0.410992
vt 0.093857 1.000000
vt 0.080419 0.419808
vt 0.120086 0.444430
vt 0.116538 0.449450
vt 0.123509 0.439307
vt 0.062607 1.000000
vt 0.116806 0.449629
vt 0.160514 0.466039
vt 0.158013 0.471655
vt 0.162872 0.460346
vt 0.031357 1.000000
vt 0.031250 0.987225
vt 0.158311 0.471778
vt 0.204380 0.479345
vt 0.203023 0.485341
vt 0.205582 0.473302
vt 0.000107 1.000000
vt 0.000000 0.987225
vt 0.203339 0.485404
vt 0.249839 0.489984
vt 0.250000 0.477677
vt 0.968750 0.850117
vt 1.000000 0.850117
vt 1.000000 0.713009
vt 0.968750 0.713009
vt 0.937500 0.713009
vt 0.906250 0.713009
vt 0.031250 0.713009
vt 0.000000 0.713009
vt 0.062500 0.713009
vt 0.093750 0.713009
vt 0.125000 0.713009
vt 0.156250 0.713009
vt 0.125000 0.713009
vt 0.187500 0.713009
vt 0.156250 0.713009
vt 0.218750 0.713009
vt 0.250000 0.713009
vt 0.281250 0.713009
vt 0.312500 0.713009
vt 0.343750 0.713009
vt 0.375000 0.713009
vt 0.406250 0.713009
vt 0.375000 0.713009
vt 0.437500 0.713009
vt 0.406250 0.713009
vt 0.468750 0.713009
vt 0.500000 0.850117
vt 0.500000 0.713009
vt 0.562500 0.713009
vt 0.593750 0.713009
vt 0.625000 0.713009
vt 0.656250 0.713009
vt 0.625000 0.713009
vt 0.687500 0.713009
vt 0.656250 0.713009
vt 0.718750 0.713009
vt 0.750000 0.713009
vt 0.781250 0.713009
vt 0.812500 0.713009
vt 0.843750 0.713009
vt 0.812500 0.713009
vt 0.875000 0.713009
vt 0.906250 0.713009
vt 0.875000 0.713009
vt 0.500000 0.840977
vt 0.468750 0.840977
vt 0.468750 0.959804
vt 0.500000 0.959804
vt 0.531250 0.959804
vt 0.531250 0.840977
vt 0.531250 0.959804
vt 0.500000 0.932382
vt 0.468750 0.932382
vt 0.500000 0.904960
vt 0.468750 0.904961
vt 0.500000 0.877539
vt 0.468750 0.877539
vt 0.468750 0.850117
vt 0.500000 0.822695
vt 0.468750 0.822695
vt 0.500000 0.795274
vt 0.468750 0.795274
vt 0.500000 0.767852
vt 0.468750 0.767852
vt 0.500000 0.740430
vt 0.468750 0.740430
vt 0.468750 0.713009
vt 0.500000 0.685587
vt 0.468750 0.685587
vt 0.500000 0.658166
vt 0.468750 0.658166
vt 0.500000 0.630744
vt 0.468750 0.630744
vt 0.500000 0.603322
vt 0.468750 0.603322
vt 0.468750 0.831836
vt 0.468750 0.813555
vt 0.468750 0.804414
vt 0.468750 0.795274
vt 0.468750 0.776993
vt 0.468750 0.767852
vt 0.468750 0.758712
vt 0.468750 0.749571
vt 0.468750 0.740430
vt 0.468750 0.731290
vt 0.468750 0.722149
vt 0.500000 0.831836
vt 0.500000 0.822695
vt 0.500000 0.813555
vt 0.500000 0.804414
vt 0.468750 0.786133
vt 0.500000 0.786133
vt 0.500000 0.776993
vt 0.500000 0.758712
vt 0.500000 0.749571
vt 0.500000 0.731290
vt 0.500000 0.722149
vt 0.531250 0.831836
vt 0.531250 0.822695
vt 0.531250 0.813555
vt 0.531250 0.804414
vt 0.531250 0.795274
vt 0.531250 0.786133
vt 0.531250 0.776993
vt 0.531250 0.767852
vt 0.531250 0.758712
vt 0.531250 0.749571
vt 0.531250 0.740430
vt 0.531250 0.731290
vt 0.531250 0.722149
vt 0.531250 0.932382
vt 0.531250 0.904961
vt 0.531250 0.877539
vt 0.531250 0.740430
vt 0.531250 0.685587
vt 0.531250 0.658166
vt 0.531250 0.630744
vt 0.531250 0.603322
vt 0.531250 0.795274
vt 0.531250 0.767852
vt 0.938139 0.500000
vt 0.906889 0.500000
vt 0.875639 0.500000
vt 0.844389 0.500000
vt 0.948943 0.384080
vt 0.813139 0.500000
vt 0.750639 0.500000
vt 0.688139 0.500000
vt 0.656889 0.500000
vt 0.625639 0.500000
vt 0.594389 0.500000
vt 0.884080 0.051057
vt 0.563139 0.500000
vt 0.500639 0.500000
vt 0.438139 0.500000
vt 0.406889 0.500000
vt 0.375639 0.500000
vt 0.344389 0.500000
vt 0.551057 0.115920
vt 0.313139 0.500000
vt 0.250639 0.500000
vt 0.188139 0.500000
vt 0.156889 0.500000
vt 0.125639 0.500000
vt 0.094389 0.500000
vt 0.615920 0.448943
vt 0.063139 0.500000
vt 0.000639 0.500000
vt 0.999893 1.000000
vt 0.968642 1.000000
vt 0.296977 0.485341
vt 0.341987 0.471655
vt 0.383462 0.449450
vt 0.874893 1.000000
vt 0.843643 1.000000
vt 0.812392 1.000000
vt 0.781142 1.000000
vt 0.749893 1.000000
vt 0.718642 1.000000
vt 0.485341 0.203023
vt 0.471655 0.158013
vt 0.449450 0.116538
vt 0.624893 1.000000
vt 0.593642 1.000000
vt 0.562393 1.000000
vt 0.531142 1.000000
vt 0.499893 1.000000
vt 0.468643 1.000000
vt 0.203023 0.014659
vt 0.158013 0.028345
vt 0.116538 0.050550
vt 0.374893 1.000000
vt 0.343643 1.000000
vt 0.312393 1.000000
vt 0.281143 1.000000
vt 0.249893 1.000000
vt 0.218643 1.000000
vt 0.014659 0.296977
vt 0.028345 0.341987
vt 0.050550 0.383462
vt 0.124893 1.000000
vt 0.093643 1.000000
vt 0.062393 1.000000
vt 0.031143 1.000000
s 1
usemtl Wood
f 166/1/166 295/2/292 291/3/290
f 174/4/174 299/5/294 297/6/293
f 178/7/178 301/8/295 299/9/294
f 182/10/182 303/11/296 301/8/295
f 186/12/186 305/13/297 303/14/296
f 190/15/190 307/16/298 305/13/297
f 194/17/194 309/18/299 307/16/298
f 198/19/198 311/20/300 309/21/299
f 202/22/202 313/23/301 311/20/300
f 206/24/206 315/25/302 313/26/301
f 210/27/210 317/28/303 315/29/302
f 214/30/214 319/31/304 317/28/303
f 218/32/218 321/33/305 319/31/304
f 94/34/94 359/35/325 353/34/321
f 102/36/102 354/37/322 355/36/323
f 230/38/230 327/39/308 325/40/307
f 234/41/234 329/42/309 327/39/308
f 238/43/238 331/44/310 329/45/309
f 242/46/242 333/47/311 331/48/310
f 246/49/246 335/50/312 333/47/311
f 250/51/250 337/52/313 335/53/312
f 254/54/254 339/55/314 337/56/313
f 258/57/258 341/58/315 339/55/314
f 262/59/262 343/60/316 341/58/315
f 266/61/266 345/62/317 343/60/316
f 270/63/270 347/64/318 345/65/317
f 274/66/274 349/67/319 347/68/318
f 278/69/278 351/70/320 349/67/319
f 282/71/282 294/72/291 351/70/320
f 14/73/14 22/74/22 30/75/30
f 286/76/286 290/77/289 294/78/291
f 170/79/170 297/80/293 295/2/292
f 249/81/249 9/82/9 253/82/253
f 34/83/34 40/84/40 36/85/36
f 40/86/40 35/87/35 36/88/36
f 35/87/35 37/89/37 33/90/33
f 42/91/42 40/92/40 38/93/38
f 44/94/44 39/95/39 40/96/40
f 43/97/43 37/89/37 39/95/39
f 46/98/46 44/99/44 42/91/42
f 48/100/48 43/97/43 44/101/44
f 47/102/47 41/103/41 43/97/43
f 50/104/50 48/105/48 46/106/46
f 52/107/52 47/102/47 48/108/48
f 51/109/51 45/110/45 47/102/47
f 54/111/54 52/112/52 50/113/50
f 52/114/52 55/115/55 51/109/51
f 51/109/51 53/116/53 49/117/49
f 58/118/58 56/119/56 54/111/54
f 60/120/60 55/115/55 56/121/56
f 59/122/59 53/116/53 55/115/55
f 58/118/58 64/123/64 60/124/60
f 64/125/64 59/122/59 60/126/60
f 59/122/59 61/127/61 57/128/57
f 66/129/66 64/130/64 62/131/62
f 68/132/68 63/133/63 64/134/64
f 67/135/67 61/127/61 63/133/63
f 66/129/66 72/136/72 68/137/68
f 72/138/72 67/135/67 68/139/68
f 67/135/67 69/140/69 65/141/65
f 74/142/74 72/143/72 70/144/70
f 76/145/76 71/146/71 72/147/72
f 75/148/75 69/140/69 71/146/71
f 78/149/78 76/150/76 74/142/74
f 80/151/80 75/148/75 76/152/76
f 79/153/79 73/154/73 75/148/75
f 82/155/82 80/156/80 78/157/78
f 84/158/84 79/153/79 80/159/80
f 83/160/83 77/161/77 79/153/79
f 86/162/86 84/163/84 82/164/82
f 84/165/84 87/166/87 83/160/83
f 83/160/83 85/167/85 81/168/81
f 90/169/90 88/170/88 86/162/86
f 92/171/92 87/166/87 88/172/88
f 91/173/91 85/167/85 87/166/87
f 90/169/90 96/174/96 92/175/92
f 96/176/96 91/173/91 92/177/92
f 91/173/91 93/178/93 89/179/89
f 98/37/98 96/180/96 94/34/94
f 100/181/100 95/182/95 96/183/96
f 99/184/99 93/178/93 95/182/95
f 98/37/98 104/185/104 100/186/100
f 104/187/104 99/184/99 100/188/100
f 99/184/99 101/189/101 97/190/97
f 106/191/106 104/192/104 102/36/102
f 108/193/108 103/194/103 104/195/104
f 107/196/107 101/189/101 103/194/103
f 110/197/110 108/198/108 106/191/106
f 112/199/112 107/196/107 108/200/108
f 111/201/111 105/202/105 107/196/107
f 114/203/114 112/204/112 110/205/110
f 116/206/116 111/201/111 112/207/112
f 115/208/115 109/209/109 111/201/111
f 118/210/118 116/211/116 114/212/114
f 116/213/116 119/214/119 115/208/115
f 115/208/115 117/215/117 113/216/113
f 122/217/122 120/218/120 118/210/118
f 124/219/124 119/214/119 120/220/120
f 123/221/123 117/215/117 119/214/119
f 122/217/122 128/222/128 124/223/124
f 128/224/128 123/221/123 124/225/124
f 123/221/123 125/226/125 121/227/121
f 130/228/130 128/229/128 126/230/126
f 132/231/132 127/232/127 128/233/128
f 131/234/131 125/226/125 127/232/127
f 130/228/130 136/235/136 132/236/132
f 136/237/136 131/234/131 132/238/132
f 131/234/131 133/239/133 129/240/129
f 138/241/138 136/242/136 134/243/134
f 140/244/140 135/245/135 136/246/136
f 139/247/139 133/239/133 135/245/135
f 142/248/142 140/249/140 138/241/138
f 144/250/144 139/247/139 140/251/140
f 143/252/143 137/253/137 139/247/139
f 146/254/146 144/255/144 142/256/142
f 148/257/148 143/252/143 144/258/144
f 147/259/147 141/260/141 143/252/143
f 150/261/150 148/262/148 146/263/146
f 148/264/148 151/265/151 147/259/147
f 147/259/147 149/266/149 145/267/145
f 154/268/154 152/269/152 150/261/150
f 156/270/156 151/265/151 152/271/152
f 155/272/155 149/266/149 151/265/151
f 154/268/154 160/273/160 156/274/156
f 160/275/160 155/272/155 156/276/156
f 155/272/155 157/277/157 153/278/153
f 34/279/34 160/280/160 158/281/158
f 36/282/36 159/283/159 160/284/160
f 35/87/35 157/277/157 159/283/159
f 93/178/93 125/226/125 157/277/157
f 161/285/161 168/286/168 166/287/166
f 163/288/163 167/289/167 168/290/168
f 164/291/164 165/292/165 167/289/167
f 166/1/166 172/293/172 170/294/170
f 172/295/172 167/289/167 171/296/171
f 167/289/167 169/75/169 171/296/171
f 174/4/174 172/297/172 176/298/176
f 176/299/176 171/296/171 175/300/175
f 175/300/175 169/75/169 173/301/173
f 178/7/178 176/302/176 180/303/180
f 180/304/180 175/300/175 179/305/179
f 175/300/175 177/306/177 179/305/179
f 178/7/178 184/307/184 182/10/182
f 180/308/180 183/309/183 184/310/184
f 179/305/179 181/311/181 183/309/183
f 182/10/182 188/312/188 186/313/186
f 184/314/184 187/315/187 188/316/188
f 183/309/183 185/317/185 187/315/187
f 186/12/186 192/318/192 190/319/190
f 188/320/188 191/321/191 192/322/192
f 191/321/191 185/317/185 189/323/189
f 190/15/190 196/324/196 194/17/194
f 192/325/192 195/326/195 196/327/196
f 195/326/195 189/323/189 193/328/193
f 194/17/194 200/329/200 198/330/198
f 196/331/196 199/332/199 200/333/200
f 195/326/195 197/334/197 199/332/199
f 198/19/198 204/335/204 202/336/202
f 204/337/204 199/332/199 203/338/203
f 199/332/199 201/74/201 203/338/203
f 206/24/206 204/339/204 208/340/208
f 208/341/208 203/338/203 207/342/207
f 207/342/207 201/74/201 205/343/205
f 210/344/210 208/345/208 212/346/212
f 212/347/212 207/342/207 211/348/211
f 207/342/207 209/349/209 211/348/211
f 210/27/210 216/350/216 214/30/214
f 212/351/212 215/352/215 216/353/216
f 211/348/211 213/354/213 215/352/215
f 214/30/214 220/355/220 218/32/218
f 216/356/216 219/357/219 220/358/220
f 215/352/215 217/359/217 219/357/219
f 218/32/218 224/360/224 222/361/222
f 220/362/220 223/363/223 224/364/224
f 223/363/223 217/359/217 221/365/221
f 222/366/222 228/367/228 226/368/226
f 224/369/224 227/370/227 228/371/228
f 227/370/227 221/365/221 225/372/225
f 226/368/226 232/373/232 230/38/230
f 228/374/228 231/375/231 232/376/232
f 227/370/227 229/377/229 231/375/231
f 230/38/230 236/378/236 234/379/234
f 236/380/236 231/375/231 235/381/235
f 231/375/231 233/73/233 235/381/235
f 238/382/238 236/383/236 240/384/240
f 240/385/240 235/381/235 239/386/239
f 239/386/239 233/73/233 237/387/237
f 242/46/242 240/388/240 244/389/244
f 244/390/244 239/386/239 243/391/243
f 239/386/239 241/392/241 243/391/243
f 242/46/242 248/393/248 246/49/246
f 244/394/244 247/395/247 248/396/248
f 243/391/243 245/397/245 247/395/247
f 246/49/246 252/398/252 250/399/250
f 248/400/248 251/401/251 252/402/252
f 247/395/247 249/81/249 251/401/251
f 250/51/250 256/403/256 254/404/254
f 252/405/252 255/406/255 256/407/256
f 255/406/255 249/81/249 253/82/253
f 254/54/254 260/408/260 258/57/258
f 256/409/256 259/410/259 260/411/260
f 259/410/259 253/82/253 257/412/257
f 258/57/258 264/413/264 262/59/262
f 260/414/260 263/415/263 264/416/264
f 259/410/259 261/417/261 263/415/263
f 262/59/262 268/418/268 266/419/266
f 268/420/268 263/415/263 267/421/267
f 263/415/263 265/422/265 267/421/267
f 270/423/270 268/424/268 272/425/272
f 272/426/272 267/421/267 271/427/271
f 271/427/271 265/422/265 269/428/269
f 274/66/274 272/429/272 276/430/276
f 276/431/276 271/427/271 275/432/275
f 271/427/271 273/433/273 275/432/275
f 274/66/274 280/434/280 278/69/278
f 276/435/276 279/436/279 280/437/280
f 275/432/275 277/438/277 279/436/279
f 278/69/278 284/439/284 282/71/282
f 280/440/280 283/441/283 284/442/284
f 279/436/279 281/443/281 283/441/283
f 282/71/282 288/444/288 286/445/286
f 284/446/284 287/447/287 288/448/288
f 287/447/287 281/443/281 285/449/285
f 286/76/286 163/450/163 161/451/161
f 288/452/288 164/291/164 163/453/163
f 164/291/164 285/449/285 162/454/162
f 161/285/161 291/455/290 290/456/289
f 165/292/165 30/75/30 169/75/169
f 257/412/257 7/417/7 261/417/261
f 173/301/173 28/306/28 177/306/177
f 265/422/265 5/428/5 269/428/269
f 181/311/181 26/317/26 185/317/185
f 273/433/273 3/438/3 277/438/277
f 189/323/189 24/328/24 193/328/193
f 281/443/281 1/449/1 285/449/285
f 197/334/197 22/74/22 201/74/201
f 205/343/205 20/349/20 209/349/209
f 213/354/213 18/359/18 217/359/217
f 221/365/221 16/372/16 225/372/225
f 229/377/229 14/73/14 233/73/233
f 237/387/237 12/392/12 241/392/241
f 285/449/285 32/454/32 162/454/162
f 245/397/245 10/81/10 249/81/249
f 162/454/162 31/292/31 165/292/165
f 253/82/253 8/412/8 257/412/257
f 169/75/169 29/301/29 173/301/173
f 261/417/261 6/422/6 265/422/265
f 177/306/177 27/311/27 181/311/181
f 269/428/269 4/433/4 273/433/273
f 185/317/185 25/323/25 189/323/189
f 277/438/277 2/443/2 281/443/281
f 193/328/193 23/334/23 197/334/197
f 201/74/201 21/343/21 205/343/205
f 209/349/209 19/354/19 213/354/213
f 217/359/217 17/365/17 221/365/221
f 225/372/225 15/377/15 229/377/229
f 233/73/233 13/387/13 237/387/237
f 241/392/241 11/397/11 245/397/245
f 289/457/289 38/93/38 34/83/34
f 290/456/289 292/458/290 289/457/289
f 296/459/292 46/98/46 42/91/42
f 295/2/292 298/460/293 296/459/292
f 293/461/291 34/279/34 158/281/158
f 294/78/291 289/462/289 293/461/291
f 352/463/320 158/281/158 154/268/154
f 351/70/320 293/461/291 352/463/320
f 350/464/319 154/268/154 150/261/150
f 349/67/319 352/463/320 350/464/319
f 348/465/318 150/261/150 146/263/146
f 347/68/318 350/464/319 348/465/318
f 346/466/317 146/254/146 142/256/142
f 345/65/317 348/467/318 346/466/317
f 344/468/316 142/248/142 138/241/138
f 343/60/316 346/469/317 344/468/316
f 342/470/315 138/241/138 134/243/134
f 341/58/315 344/468/316 342/470/315
f 340/471/314 134/243/134 130/228/130
f 339/55/314 342/470/315 340/471/314
f 338/472/313 130/228/130 126/230/126
f 337/56/313 340/471/314 338/472/313
f 336/473/312 126/230/126 122/217/122
f 335/53/312 338/472/313 336/473/312
f 334/474/311 122/217/122 118/210/118
f 333/47/311 336/473/312 334/474/311
f 332/475/310 118/210/118 114/212/114
f 331/48/310 334/474/311 332/475/310
f 330/476/309 114/203/114 110/205/110
f 329/45/309 332/477/310 330/476/309
f 328/478/308 110/197/110 106/191/106
f 327/39/308 330/479/309 328/478/308
f 326/480/307 106/191/106 102/36/102
f 325/40/307 328/478/308 326/480/307
f 98/37/98 353/34/321 354/37/322
f 323/481/306 326/480/307 324/482/306
f 325/40/307 363/481/322 364/40/323
f 321/33/305 324/482/306 322/35/305
f 320/483/304 94/34/94 90/169/90
f 319/31/304 322/35/305 320/483/304
f 318/484/303 90/169/90 86/162/86
f 317/28/303 320/483/304 318/484/303
f 316/485/302 86/162/86 82/164/82
f 315/29/302 318/484/303 316/485/302
f 314/486/301 82/155/82 78/157/78
f 313/26/301 316/487/302 314/486/301
f 312/488/300 78/149/78 74/142/74
f 311/20/300 314/489/301 312/488/300
f 310/490/299 74/142/74 70/144/70
f 309/21/299 312/488/300 310/490/299
f 308/491/298 70/144/70 66/129/66
f 307/16/298 310/490/299 308/491/298
f 306/492/297 66/129/66 62/131/62
f 305/13/297 308/491/298 306/492/297
f 304/493/296 62/131/62 58/118/58
f 303/14/296 306/492/297 304/493/296
f 302/494/295 58/118/58 54/111/54
f 301/8/295 304/495/296 302/494/295
f 300/496/294 54/111/54 50/113/50
f 299/9/294 302/494/295 300/496/294
f 298/497/293 50/104/50 46/106/46
f 297/6/293 300/498/294 298/497/293
f 292/458/290 42/91/42 38/93/38
f 291/3/290 296/459/292 292/458/290
f 355/36/323 373/480/335 361/480/326
f 364/40/323 370/38/332 358/38/326
f 356/368/324 369/366/331 357/366/325
f 360/482/324 371/35/333 359/35/325
f 322/35/305 360/482/324 359/35/325
f 321/33/305 357/361/325 362/33/321
f 230/38/230 364/40/323 358/38/326
f 323/481/306 362/33/321 363/481/322
f 222/366/222 356/368/324 357/366/325
f 324/482/306 361/480/326 360/482/324
f 226/368/226 358/38/326 356/368/324
f 326/480/307 355/36/323 361/480/326
f 374/33/336 432/499/394 375/481/337
f 375/481/337 418/500/380 376/40/338
f 376/40/338 404/501/366 370/38/332
f 370/38/332 377/502/339 368/368/330
f 363/481/322 374/33/336 375/481/337
f 356/368/324 370/38/332 368/368/330
f 360/482/324 373/480/335 372/482/334
f 354/37/322 365/34/327 366/37/328
f 357/361/325 374/33/336 362/33/321
f 359/35/325 365/34/327 353/34/321
f 363/481/322 376/40/338 364/40/323
f 354/37/322 367/36/329 355/36/323
f 374/33/336 460/503/422 446/504/408
f 368/368/330 460/505/422 369/366/331
f 404/501/366 378/506/340 377/502/339
f 403/507/365 379/508/341 378/506/340
f 402/509/364 380/510/342 379/508/341
f 401/511/363 381/481/343 380/510/342
f 400/512/362 382/513/344 381/481/343
f 399/514/361 383/515/345 382/513/344
f 398/516/360 384/517/346 383/515/345
f 397/518/359 385/519/347 384/517/346
f 396/520/358 386/482/348 385/519/347
f 395/521/357 387/522/349 386/482/348
f 394/523/356 388/524/350 387/522/349
f 393/525/355 389/526/351 388/524/350
f 392/527/354 390/528/352 389/526/351
f 391/529/353 366/37/328 390/528/352
f 418/500/380 403/507/365 404/501/366
f 417/530/379 402/509/364 403/507/365
f 416/514/378 401/511/363 402/509/364
f 415/531/377 400/512/362 401/511/363
f 414/532/376 399/514/361 400/512/362
f 413/533/375 398/516/360 399/514/361
f 398/516/360 411/534/373 397/518/359
f 397/518/359 410/535/372 396/520/358
f 396/520/358 409/536/371 395/521/357
f 395/521/357 408/537/370 394/523/356
f 394/523/356 407/538/369 393/525/355
f 393/525/355 406/539/368 392/527/354
f 392/527/354 405/540/367 391/529/353
f 391/529/353 373/480/335 367/36/329
f 432/499/394 417/530/379 418/500/380
f 431/541/393 416/514/378 417/530/379
f 430/542/392 415/531/377 416/514/378
f 429/543/391 414/532/376 415/531/377
f 428/544/390 413/533/375 414/532/376
f 427/515/389 412/545/374 413/533/375
f 426/546/388 411/534/373 412/545/374
f 425/547/387 410/535/372 411/534/373
f 424/517/386 409/536/371 410/535/372
f 423/548/385 408/537/370 409/536/371
f 422/549/384 407/538/369 408/537/370
f 421/519/383 406/539/368 407/538/369
f 420/550/382 405/540/367 406/539/368
f 419/551/381 373/480/335 405/540/367
f 446/504/408 431/541/393 432/499/394
f 445/552/407 430/542/392 431/541/393
f 444/553/406 429/543/391 430/542/392
f 443/554/405 428/544/390 429/543/391
f 442/555/404 427/515/389 428/544/390
f 441/556/403 426/546/388 427/515/389
f 440/557/402 425/547/387 426/546/388
f 439/558/401 424/517/386 425/547/387
f 438/559/400 423/548/385 424/517/386
f 437/560/399 422/549/384 423/548/385
f 436/561/398 421/519/383 422/549/384
f 435/562/397 420/550/382 421/519/383
f 434/563/396 419/551/381 420/550/382
f 433/564/395 372/482/334 419/551/381
f 446/504/408 459/565/421 445/552/407
f 445/552/407 458/566/420 444/553/406
f 444/553/406 457/567/419 443/554/405
f 443/554/405 456/33/418 442/555/404
f 442/555/404 455/553/417 441/556/403
f 441/556/403 454/556/416 440/557/402
f 454/556/416 439/558/401 440/557/402
f 453/559/415 438/559/400 439/558/401
f 452/568/414 437/560/399 438/559/400
f 451/35/413 436/561/398 437/560/399
f 450/569/412 435/562/397 436/561/398
f 449/570/411 434/563/396 435/562/397
f 448/571/410 433/564/395 434/563/396
f 447/572/409 371/35/333 433/564/395
f 377/502/339 459/565/421 460/505/422
f 378/506/340 458/566/420 459/565/421
f 379/508/341 457/567/419 458/566/420
f 380/510/342 456/33/418 457/567/419
f 381/481/343 455/553/417 456/33/418
f 382/513/344 454/573/416 455/553/417
f 383/515/345 453/574/415 454/573/416
f 384/517/346 452/562/414 453/574/415
f 385/519/347 451/35/413 452/562/414
f 386/482/348 450/569/412 451/35/413
f 387/522/349 449/570/411 450/569/412
f 388/524/350 448/571/410 449/570/411
f 389/526/351 447/572/409 448/571/410
f 390/528/352 365/34/327 447/572/409
f 166/1/166 170/294/170 295/2/292
f 174/4/174 178/7/178 299/5/294
f 178/7/178 182/10/182 301/8/295
f 182/10/182 186/313/186 303/11/296
f 186/12/186 190/319/190 305/13/297
f 190/15/190 194/17/194 307/16/298
f 194/17/194 198/330/198 309/18/299
f 198/19/198 202/336/202 311/20/300
f 202/22/202 206/24/206 313/23/301
f 206/24/206 210/344/210 315/25/302
f 210/27/210 214/30/214 317/28/303
f 214/30/214 218/32/218 319/31/304
f 218/32/218 222/361/222 321/33/305
f 94/34/94 322/35/305 359/35/325
f 102/36/102 98/37/98 354/37/322
f 230/38/230 234/379/234 327/39/308
f 234/41/234 238/382/238 329/42/309
f 238/43/238 242/46/242 331/44/310
f 242/46/242 246/49/246 333/47/311
f 246/49/246 250/399/250 335/50/312
f 250/51/250 254/404/254 337/52/313
f 254/54/254 258/57/258 339/55/314
f 258/57/258 262/59/262 341/58/315
f 262/59/262 266/419/266 343/60/316
f 266/61/266 270/423/270 345/62/317
f 270/63/270 274/66/274 347/64/318
f 274/66/274 278/69/278 349/67/319
f 278/69/278 282/71/282 351/70/320
f 282/71/282 286/445/286 294/72/291
f 30/75/30 31/292/31 32/454/32
f 32/454/32 1/449/1 2/443/2
f 2/443/2 3/438/3 4/433/4
f 4/433/4 5/428/5 6/422/6
f 6/422/6 7/417/7 8/412/8
f 8/412/8 9/82/9 10/81/10
f 10/81/10 11/397/11 12/392/12
f 12/392/12 13/387/13 14/73/14
f 14/73/14 15/377/15 16/372/16
f 16/372/16 17/365/17 18/359/18
f 18/359/18 19/354/19 20/349/20
f 20/349/20 21/343/21 22/74/22
f 22/74/22 23/334/23 24/328/24
f 24/328/24 25/323/25 26/317/26
f 26/317/26 27/311/27 28/306/28
f 28/306/28 29/301/29 30/75/30
f 30/75/30 32/454/32 2/443/2
f 2/443/2 4/433/4 6/422/6
f 6/422/6 8/412/8 10/81/10
f 10/81/10 12/392/12 14/73/14
f 14/73/14 16/372/16 18/359/18
f 18/359/18 20/349/20 22/74/22
f 22/74/22 24/328/24 26/317/26
f 26/317/26 28/306/28 30/75/30
f 30/75/30 2/443/2 6/422/6
f 6/422/6 10/81/10 14/73/14
f 14/73/14 18/359/18 22/74/22
f 22/74/22 26/317/26 30/75/30
f 30/75/30 6/422/6 14/73/14
f 286/76/286 161/451/161 290/77/289
f 170/79/170 174/4/174 297/80/293
f 249/81/249 10/81/10 9/82/9
f 34/83/34 38/93/38 40/84/40
f 40/86/40 39/95/39 35/87/35
f 35/87/35 39/95/39 37/89/37
f 42/91/42 44/575/44 40/92/40
f 44/94/44 43/97/43 39/95/39
f 43/97/43 41/103/41 37/89/37
f 46/98/46 48/576/48 44/99/44
f 48/100/48 47/102/47 43/97/43
f 47/102/47 45/110/45 41/103/41
f 50/104/50 52/577/52 48/105/48
f 52/107/52 51/109/51 47/102/47
f 51/109/51 49/117/49 45/110/45
f 54/111/54 56/578/56 52/112/52
f 52/114/52 56/579/56 55/115/55
f 51/109/51 55/115/55 53/116/53
f 58/118/58 60/580/60 56/119/56
f 60/120/60 59/122/59 55/115/55
f 59/122/59 57/128/57 53/116/53
f 58/118/58 62/131/62 64/123/64
f 64/125/64 63/133/63 59/122/59
f 59/122/59 63/133/63 61/127/61
f 66/129/66 68/581/68 64/130/64
f 68/132/68 67/135/67 63/133/63
f 67/135/67 65/141/65 61/127/61
f 66/129/66 70/144/70 72/136/72
f 72/138/72 71/146/71 67/135/67
f 67/135/67 71/146/71 69/140/69
f 74/142/74 76/582/76 72/143/72
f 76/145/76 75/148/75 71/146/71
f 75/148/75 73/154/73 69/140/69
f 78/149/78 80/583/80 76/150/76
f 80/151/80 79/153/79 75/148/75
f 79/153/79 77/161/77 73/154/73
f 82/155/82 84/584/84 80/156/80
f 84/158/84 83/160/83 79/153/79
f 83/160/83 81/168/81 77/161/77
f 86/162/86 88/585/88 84/163/84
f 84/165/84 88/586/88 87/166/87
f 83/160/83 87/166/87 85/167/85
f 90/169/90 92/587/92 88/170/88
f 92/171/92 91/173/91 87/166/87
f 91/173/91 89/179/89 85/167/85
f 90/169/90 94/34/94 96/174/96
f 96/176/96 95/182/95 91/173/91
f 91/173/91 95/182/95 93/178/93
f 98/37/98 100/588/100 96/180/96
f 100/181/100 99/184/99 95/182/95
f 99/184/99 97/190/97 93/178/93
f 98/37/98 102/36/102 104/185/104
f 104/187/104 103/194/103 99/184/99
f 99/184/99 103/194/103 101/189/101
f 106/191/106 108/589/108 104/192/104
f 108/193/108 107/196/107 103/194/103
f 107/196/107 105/202/105 101/189/101
f 110/197/110 112/590/112 108/198/108
f 112/199/112 111/201/111 107/196/107
f 111/201/111 109/209/109 105/202/105
f 114/203/114 116/591/116 112/204/112
f 116/206/116 115/208/115 111/201/111
f 115/208/115 113/216/113 109/209/109
f 118/210/118 120/592/120 116/211/116
f 116/213/116 120/593/120 119/214/119
f 115/208/115 119/214/119 117/215/117
f 122/217/122 124/594/124 120/218/120
f 124/219/124 123/221/123 119/214/119
f 123/221/123 121/227/121 117/215/117
f 122/217/122 126/230/126 128/222/128
f 128/224/128 127/232/127 123/221/123
f 123/221/123 127/232/127 125/226/125
f 130/228/130 132/595/132 128/229/128
f 132/231/132 131/234/131 127/232/127
f 131/234/131 129/240/129 125/226/125
f 130/228/130 134/243/134 136/235/136
f 136/237/136 135/245/135 131/234/131
f 131/234/131 135/245/135 133/239/133
f 138/241/138 140/596/140 136/242/136
f 140/244/140 139/247/139 135/245/135
f 139/247/139 137/253/137 133/239/133
f 142/248/142 144/597/144 140/249/140
f 144/250/144 143/252/143 139/247/139
f 143/252/143 141/260/141 137/253/137
f 146/254/146 148/598/148 144/255/144
f 148/257/148 147/259/147 143/252/143
f 147/259/147 145/267/145 141/260/141
f 150/261/150 152/599/152 148/262/148
f 148/264/148 152/600/152 151/265/151
f 147/259/147 151/265/151 149/266/149
f 154/268/154 156/601/156 152/269/152
f 156/270/156 155/272/155 151/265/151
f 155/272/155 153/278/153 149/266/149
f 154/268/154 158/281/158 160/273/160
f 160/275/160 159/283/159 155/272/155
f 155/272/155 159/283/159 157/277/157
f 34/279/34 36/602/36 160/280/160
f 36/282/36 35/87/35 159/283/159
f 35/87/35 33/90/33 157/277/157
f 157/277/157 33/90/33 37/89/37
f 37/89/37 41/103/41 45/110/45
f 45/110/45 49/117/49 53/116/53
f 53/116/53 57/128/57 61/127/61
f 61/127/61 65/141/65 69/140/69
f 69/140/69 73/154/73 77/161/77
f 77/161/77 81/168/81 85/167/85
f 85/167/85 89/179/89 93/178/93
f 93/178/93 97/190/97 101/189/101
f 101/189/101 105/202/105 109/209/109
f 109/209/109 113/216/113 117/215/117
f 117/215/117 121/227/121 125/226/125
f 125/226/125 129/240/129 133/239/133
f 133/239/133 137/253/137 141/260/141
f 141/260/141 145/267/145 149/266/149
f 149/266/149 153/278/153 157/277/157
f 157/277/157 37/89/37 45/110/45
f 45/110/45 53/116/53 61/127/61
f 61/127/61 69/140/69 77/161/77
f 77/161/77 85/167/85 93/178/93
f 93/178/93 101/189/101 109/209/109
f 109/209/109 117/215/117 125/226/125
f 125/226/125 133/239/133 141/260/141
f 141/260/141 149/266/149 157/277/157
f 157/277/157 45/110/45 61/127/61
f 61/127/61 77/161/77 93/178/93
f 93/178/93 109/209/109 125/226/125
f 125/226/125 141/260/141 157/277/157
f 157/277/157 61/127/61 93/178/93
f 161/285/161 163/603/163 168/286/168
f 163/288/163 164/291/164 167/289/167
f 164/291/164 162/454/162 165/292/165
f 166/1/166 168/604/168 172/293/172
f 172/295/172 168/605/168 167/289/167
f 167/289/167 165/292/165 169/75/169
f 174/4/174 170/79/170 172/297/172
f 176/299/176 172/606/172 171/296/171
f 175/300/175 171/296/171 169/75/169
f 178/7/178 174/4/174 176/302/176
f 180/304/180 176/607/176 175/300/175
f 175/300/175 173/301/173 177/306/177
f 178/7/178 180/608/180 184/307/184
f 180/308/180 179/305/179 183/309/183
f 179/305/179 177/306/177 181/311/181
f 182/10/182 184/609/184 188/312/188
f 184/314/184 183/309/183 187/315/187
f 183/309/183 181/311/181 185/317/185
f 186/12/186 188/610/188 192/318/192
f 188/320/188 187/315/187 191/321/191
f 191/321/191 187/315/187 185/317/185
f 190/15/190 192/611/192 196/324/196
f 192/325/192 191/321/191 195/326/195
f 195/326/195 191/321/191 189/323/189
f 194/17/194 196/612/196 200/329/200
f 196/331/196 195/326/195 199/332/199
f 195/326/195 193/328/193 197/334/197
f 198/19/198 200/613/200 204/335/204
f 204/337/204 200/614/200 199/332/199
f 199/332/199 197/334/197 201/74/201
f 206/24/206 202/22/202 204/339/204
f 208/341/208 204/615/204 203/338/203
f 207/342/207 203/338/203 201/74/201
f 210/344/210 206/24/206 208/345/208
f 212/347/212 208/616/208 207/342/207
f 207/342/207 205/343/205 209/349/209
f 210/27/210 212/617/212 216/350/216
f 212/351/212 211/348/211 215/352/215
f 211/348/211 209/349/209 213/354/213
f 214/30/214 216/618/216 220/355/220
f 216/356/216 215/352/215 219/357/219
f 215/352/215 213/354/213 217/359/217
f 218/32/218 220/619/220 224/360/224
f 220/362/220 219/357/219 223/363/223
f 223/363/223 219/357/219 217/359/217
f 222/366/222 224/620/224 228/367/228
f 224/369/224 223/363/223 227/370/227
f 227/370/227 223/363/223 221/365/221
f 226/368/226 228/621/228 232/373/232
f 228/374/228 227/370/227 231/375/231
f 227/370/227 225/372/225 229/377/229
f 230/38/230 232/622/232 236/378/236
f 236/380/236 232/623/232 231/375/231
f 231/375/231 229/377/229 233/73/233
f 238/382/238 234/41/234 236/383/236
f 240/385/240 236/624/236 235/381/235
f 239/386/239 235/381/235 233/73/233
f 242/46/242 238/43/238 240/388/240
f 244/390/244 240/625/240 239/386/239
f 239/386/239 237/387/237 241/392/241
f 242/46/242 244/626/244 248/393/248
f 244/394/244 243/391/243 247/395/247
f 243/391/243 241/392/241 245/397/245
f 246/49/246 248/627/248 252/398/252
f 248/400/248 247/395/247 251/401/251
f 247/395/247 245/397/245 249/81/249
f 250/51/250 252/628/252 256/403/256
f 252/405/252 251/401/251 255/406/255
f 255/406/255 251/401/251 249/81/249
f 254/54/254 256/629/256 260/408/260
f 256/409/256 255/406/255 259/410/259
f 259/410/259 255/406/255 253/82/253
f 258/57/258 260/630/260 264/413/264
f 260/414/260 259/410/259 263/415/263
f 259/410/259 257/412/257 261/417/261
f 262/59/262 264/631/264 268/418/268
f 268/420/268 264/632/264 263/415/263
f 263/415/263 261/417/261 265/422/265
f 270/423/270 266/61/266 268/424/268
f 272/426/272 268/633/268 267/421/267
f 271/427/271 267/421/267 265/422/265
f 274/66/274 270/63/270 272/429/272
f 276/431/276 272/634/272 271/427/271
f 271/427/271 269/428/269 273/433/273
f 274/66/274 276/635/276 280/434/280
f 276/435/276 275/432/275 279/436/279
f 275/432/275 273/433/273 277/438/277
f 278/69/278 280/636/280 284/439/284
f 280/440/280 279/436/279 283/441/283
f 279/436/279 277/438/277 281/443/281
f 282/71/282 284/637/284 288/444/288
f 284/446/284 283/441/283 287/447/287
f 287/447/287 283/441/283 281/443/281
f 286/76/286 288/638/288 163/450/163
f 288/452/288 287/447/287 164/291/164
f 164/291/164 287/447/287 285/449/285
f 161/285/161 166/287/166 291/455/290
f 165/292/165 31/292/31 30/75/30
f 257/412/257 8/412/8 7/417/7
f 173/301/173 29/301/29 28/306/28
f 265/422/265 6/422/6 5/428/5
f 181/311/181 27/311/27 26/317/26
f 273/433/273 4/433/4 3/438/3
f 189/323/189 25/323/25 24/328/24
f 281/443/281 2/443/2 1/449/1
f 197/334/197 23/334/23 22/74/22
f 205/343/205 21/343/21 20/349/20
f 213/354/213 19/354/19 18/359/18
f 221/365/221 17/365/17 16/372/16
f 229/377/229 15/377/15 14/73/14
f 237/387/237 13/387/13 12/392/12
f 285/449/285 1/449/1 32/454/32
f 245/397/245 11/397/11 10/81/10
f 162/454/162 32/454/32 31/292/31
f 253/82/253 9/82/9 8/412/8
f 169/75/169 30/75/30 29/301/29
f 261/417/261 7/417/7 6/422/6
f 177/306/177 28/306/28 27/311/27
f 269/428/269 5/428/5 4/433/4
f 185/317/185 26/317/26 25/323/25
f 277/438/277 3/438/3 2/443/2
f 193/328/193 24/328/24 23/334/23
f 201/74/201 22/74/22 21/343/21
f 209/349/209 20/349/20 19/354/19
f 217/359/217 18/359/18 17/365/17
f 225/372/225 16/372/16 15/377/15
f 233/73/233 14/73/14 13/387/13
f 241/392/241 12/392/12 11/397/11
f 289/457/289 292/458/290 38/93/38
f 290/456/289 291/455/290 292/458/290
f 296/459/292 298/460/293 46/98/46
f 295/2/292 297/80/293 298/460/293
f 293/461/291 289/462/289 34/279/34
f 294/78/291 290/77/289 289/462/289
f 352/463/320 293/461/291 158/281/158
f 351/70/320 294/72/291 293/461/291
f 350/464/319 352/463/320 154/268/154
f 349/67/319 351/70/320 352/463/320
f 348/465/318 350/464/319 150/261/150
f 347/68/318 349/67/319 350/464/319
f 346/466/317 348/467/318 146/254/146
f 345/65/317 347/64/318 348/467/318
f 344/468/316 346/469/317 142/248/142
f 343/60/316 345/62/317 346/469/317
f 342/470/315 344/468/316 138/241/138
f 341/58/315 343/60/316 344/468/316
f 340/471/314 342/470/315 134/243/134
f 339/55/314 341/58/315 342/470/315
f 338/472/313 340/471/314 130/228/130
f 337/56/313 339/55/314 340/471/314
f 336/473/312 338/472/313 126/230/126
f 335/53/312 337/52/313 338/472/313
f 334/474/311 336/473/312 122/217/122
f 333/47/311 335/50/312 336/473/312
f 332/475/310 334/474/311 118/210/118
f 331/48/310 333/47/311 334/474/311
f 330/476/309 332/477/310 114/203/114
f 329/45/309 331/44/310 332/477/310
f 328/478/308 330/479/309 110/197/110
f 327/39/308 329/42/309 330/479/309
f 326/480/307 328/478/308 106/191/106
f 325/40/307 327/39/308 328/478/308
f 98/37/98 94/34/94 353/34/321
f 323/481/306 325/40/307 326/480/307
f 325/40/307 323/481/306 363/481/322
f 321/33/305 323/481/306 324/482/306
f 320/483/304 322/35/305 94/34/94
f 319/31/304 321/33/305 322/35/305
f 318/484/303 320/483/304 90/169/90
f 317/28/303 319/31/304 320/483/304
f 316/485/302 318/484/303 86/162/86
f 315/29/302 317/28/303 318/484/303
f 314/486/301 316/487/302 82/155/82
f 313/26/301 315/25/302 316/487/302
f 312/488/300 314/489/301 78/149/78
f 311/20/300 313/23/301 314/489/301
f 310/490/299 312/488/300 74/142/74
f 309/21/299 311/20/300 312/488/300
f 308/491/298 310/490/299 70/144/70
f 307/16/298 309/18/299 310/490/299
f 306/492/297 308/491/298 66/129/66
f 305/13/297 307/16/298 308/491/298
f 304/493/296 306/492/297 62/131/62
f 303/14/296 305/13/297 306/492/297
f 302/494/295 304/495/296 58/118/58
f 301/8/295 303/11/296 304/495/296
f 300/496/294 302/494/295 54/111/54
f 299/9/294 301/8/295 302/494/295
f 298/497/293 300/498/294 50/104/50
f 297/6/293 299/5/294 300/498/294
f 292/458/290 296/459/292 42/91/42
f 291/3/290 295/2/292 296/459/292
f 355/36/323 367/36/329 373/480/335
f 364/40/323 376/40/338 370/38/332
f 356/368/324 368/368/330 369/366/331
f 360/482/324 372/482/334 371/35/333
f 322/35/305 324/482/306 360/482/324
f 321/33/305 222/361/222 357/361/325
f 230/38/230 325/40/307 364/40/323
f 323/481/306 321/33/305 362/33/321
f 222/366/222 226/368/226 356/368/324
f 324/482/306 326/480/307 361/480/326
f 226/368/226 230/38/230 358/38/326
f 326/480/307 102/36/102 355/36/323
f 374/33/336 446/504/408 432/499/394
f 375/481/337 432/499/394 418/500/380
f 376/40/338 418/500/380 404/501/366
f 370/38/332 404/501/366 377/502/339
f 363/481/322 362/33/321 374/33/336
f 356/368/324 358/38/326 370/38/332
f 360/482/324 361/480/326 373/480/335
f 354/37/322 353/34/321 365/34/327
f 357/361/325 369/361/331 374/33/336
f 359/35/325 371/35/333 365/34/327
f 363/481/322 375/481/337 376/40/338
f 354/37/322 366/37/328 367/36/329
f 374/33/336 369/361/331 460/503/422
f 368/368/330 377/502/339 460/505/422
f 404/501/366 403/507/365 378/506/340
f 403/507/365 402/509/364 379/508/341
f 402/509/364 401/511/363 380/510/342
f 401/511/363 400/512/362 381/481/343
f 400/512/362 399/514/361 382/513/344
f 399/514/361 398/516/360 383/515/345
f 398/516/360 397/518/359 384/517/346
f 397/518/359 396/520/358 385/519/347
f 396/520/358 395/521/357 386/482/348
f 395/521/357 394/523/356 387/522/349
f 394/523/356 393/525/355 388/524/350
f 393/525/355 392/527/354 389/526/351
f 392/527/354 391/529/353 390/528/352
f 391/529/353 367/36/329 366/37/328
f 418/500/380 417/530/379 403/507/365
f 417/530/379 416/514/378 402/509/364
f 416/514/378 415/531/377 401/511/363
f 415/531/377 414/532/376 400/512/362
f 414/532/376 413/533/375 399/514/361
f 413/533/375 412/545/374 398/516/360
f 398/516/360 412/545/374 411/534/373
f 397/518/359 411/534/373 410/535/372
f 396/520/358 410/535/372 409/536/371
f 395/521/357 409/536/371 408/537/370
f 394/523/356 408/537/370 407/538/369
f 393/525/355 407/538/369 406/539/368
f 392/527/354 406/539/368 405/540/367
f 391/529/353 405/540/367 373/480/335
f 432/499/394 431/541/393 417/530/379
f 431/541/393 430/542/392 416/514/378
f 430/542/392 429/543/391 415/531/377
f 429/543/391 428/544/390 414/532/376
f 428/544/390 427/515/389 413/533/375
f 427/515/389 426/546/388 412/545/374
f 426/546/388 425/547/387 411/534/373
f 425/547/387 424/517/386 410/535/372
f 424/517/386 423/548/385 409/536/371
f 423/548/385 422/549/384 408/537/370
f 422/549/384 421/519/383 407/538/369
f 421/519/383 420/550/382 406/539/368
f 420/550/382 419/551/381 405/540/367
f 419/551/381 372/482/334 373/480/335
f 446/504/408 445/552/407 431/541/393
f 445/552/407 444/553/406 430/542/392
f 444/553/406 443/554/405 429/543/391
f 443/554/405 442/555/404 428/544/390
f 442/555/404 441/556/403 427/515/389
f 441/556/403 440/557/402 426/546/388
f 440/557/402 439/558/401 425/547/387
f 439/558/401 438/559/400 424/517/386
f 438/559/400 437/560/399 423/548/385
f 437/560/399 436/561/398 422/549/384
f 436/561/398 435/562/397 421/519/383
f 435/562/397 434/563/396 420/550/382
f 434/563/396 433/564/395 419/551/381
f 433/564/395 371/35/333 372/482/334
f 446/504/408 460/503/422 459/565/421
f 445/552/407 459/565/421 458/566/420
f 444/553/406 458/566/420 457/567/419
f 443/554/405 457/567/419 456/33/418
f 442/555/404 456/33/418 455/553/417
f 441/556/403 455/553/417 454/556/416
f 454/556/416 453/559/415 439/558/401
f 453/559/415 452/568/414 438/559/400
f 452/568/414 451/35/413 437/560/399
f 451/35/413 450/569/412 436/561/398
f 450/569/412 449/570/411 435/562/397
f 449/570/411 448/571/410 434/563/396
f 448/571/410 447/572/409 433/564/395
f 447/572/409 365/34/327 371/35/333
f 377/502/339 378/506/340 459/565/421
f 378/506/340 379/508/341 458/566/420
f 379/508/341 380/510/342 457/567/419
f 380/510/342 381/481/343 456/33/418
f 381/481/343 382/513/344 455/553/417
f 382/513/344 383/515/345 454/573/416
f 383/515/345 384/517/346 453/574/415
f 384/517/346 385/519/347 452/562/414
f 385/519/347 386/482/348 451/35/413
f 386/482/348 387/522/349 450/569/412
f 387/522/349 388/524/350 449/570/411
f 388/524/350 389/526/351 448/571/410
f 389/526/351 390/528/352 447/572/409
f 390/528/352 366/37/328 365/34/327
o Circle.005
v -2.335715 -0.918317 -5.376484
v -2.530805 -0.918317 -5.357270
v -2.718398 -0.918317 -5.300364
v -2.891285 -0.918317 -5.207954
v -3.042822 -0.918317 -5.083591
v -3.167184 -0.918317 -4.932055
v -3.259594 -0.918317 -4.759168
v -3.316500 -0.918317 -4.571575
v -3.335715 -0.918317 -4.376484
v -3.316500 -0.918317 -4.181394
v -3.259594 -0.918317 -3.993801
v -3.167184 -0.918317 -3.820914
v -3.042822 -0.918317 -3.669378
v -2.891285 -0.918317 -3.545015
v -2.718398 -0.918317 -3.452605
v -2.530805 -0.918317 -3.395699
v -2.335715 -0.918317 -3.376484
v -2.140625 -0.918317 -3.395699
v -1.953031 -0.918317 -3.452605
v -1.780145 -0.918317 -3.545015
v -1.628608 -0.918317 -3.669378
v -1.504245 -0.918317 -3.820914
v -1.411835 -0.918317 -3.993801
v -1.354930 -0.918317 -4.181394
v -1.335715 -0.918317 -4.376484
v -1.354930 -0.918317 -4.571575
v -1.411835 -0.918317 -4.759168
v -1.504245 -0.918317 -4.932055
v -1.628608 -0.918317 -5.083591
v -1.780145 -0.918317 -5.207954
v -1.953031 -0.918317 -5.300364
v -2.140625 -0.918317 -5.357270
v -2.496494 -0.918317 -5.184773
v -2.335715 -0.918317 -5.200609
v -2.651094 -0.918317 -5.137876
v -2.793574 -0.918317 -5.061719
v -2.918459 -0.918317 -4.959229
v -3.020949 -0.918317 -4.834343
v -3.097106 -0.918317 -4.691863
v -3.144004 -0.918317 -4.537263
v -3.159839 -0.918317 -4.376484
v -3.144004 -0.918317 -4.215706
v -3.097106 -0.918317 -4.061106
v -3.020949 -0.918317 -3.918625
v -2.918459 -0.918317 -3.793740
v -2.793574 -0.918317 -3.691250
v -2.651094 -0.918317 -3.615093
v -2.496494 -0.918317 -3.568195
v -2.335715 -0.918317 -3.552360
v -2.174936 -0.918317 -3.568195
v -2.020336 -0.918317 -3.615093
v -1.877856 -0.918317 -3.691250
v -1.752971 -0.918317 -3.793740
v -1.650480 -0.918317 -3.918625
v -1.574323 -0.918317 -4.061106
v -1.527426 -0.918317 -4.215706
v -1.511590 -0.918317 -4.376484
v -1.527426 -0.918317 -4.537263
v -1.574323 -0.918317 -4.691863
v -1.650480 -0.918317 -4.834343
v -1.752971 -0.918317 -4.959229
v -1.877856 -0.918317 -5.061719
v -2.020336 -0.918317 -5.137876
v -2.174936 -0.918317 -5.184773
v -2.487687 -0.982999 -5.140499
v -2.335715 -0.982999 -5.155466
v -2.633818 -0.982999 -5.096170
v -2.768494 -0.982999 -5.024184
v -2.886538 -0.982999 -4.927308
v -2.983415 -0.982999 -4.809264
v -3.055400 -0.982999 -4.674588
v -3.099729 -0.982999 -4.528456
v -3.114697 -0.982999 -4.376484
v -3.099729 -0.982999 -4.224513
v -3.055400 -0.982999 -4.078381
v -2.983415 -0.982999 -3.943705
v -2.886538 -0.982999 -3.825661
v -2.768494 -0.982999 -3.728785
v -2.633818 -0.982999 -3.656799
v -2.487687 -0.982999 -3.612470
v -2.335715 -0.982999 -3.597502
v -2.183743 -0.982999 -3.612470
v -2.037611 -0.982999 -3.656799
v -1.902936 -0.982999 -3.728785
v -1.784891 -0.982999 -3.825661
v -1.688015 -0.982999 -3.943705
v -1.616029 -0.982999 -4.078381
v -1.571701 -0.982999 -4.224513
v -1.556733 -0.982999 -4.376484
v -1.571701 -0.982999 -4.528456
v -1.616029 -0.982999 -4.674588
v -1.688015 -0.982999 -4.809264
v -1.784891 -0.982999 -4.927308
v -1.902936 -0.982999 -5.024184
v -2.037611 -0.982999 -5.096170
v -2.183743 -0.982999 -5.140499
v -2.496494 -0.982999 -5.184773
v -2.335715 -0.982999 -5.200609
v -2.651094 -0.982999 -5.137876
v -2.793574 -0.982999 -5.061719
v -2.918459 -0.982999 -4.959229
v -3.020949 -0.982999 -4.834343
v -3.097106 -0.982999 -4.691863
v -3.144004 -0.982999 -4.537263
v -3.159839 -0.982999 -4.376484
v -3.144004 -0.982999 -4.215706
v -3.097106 -0.982999 -4.061106
v -3.020949 -0.982999 -3.918625
v -2.918459 -0.982999 -3.793740
v -2.793574 -0.982999 -3.691250
v -2.651094 -0.982999 -3.615093
v -2.496494 -0.982999 -3.568195
v -2.335715 -0.982999 -3.552360
v -2.174936 -0.982999 -3.568195
v -2.020336 -0.982999 -3.615093
v -1.877856 -0.982999 -3.691250
v -1.752971 -0.982999 -3.793740
v -1.650480 -0.982999 -3.918625
v -1.574323 -0.982999 -4.061106
v -1.527426 -0.982999 -4.215706
v -1.511590 -0.982999 -4.376484
v -1.527426 -0.982999 -4.537263
v -1.574323 -0.982999 -4.691863
v -1.650480 -0.982999 -4.834343
v -1.752971 -0.982999 -4.959229
v -1.877856 -0.982999 -5.061719
v -2.020336 -0.982999 -5.137876
v -2.174936 -0.982999 -5.184773
v -2.530805 -0.870348 -5.357270
v -2.335715 -0.870348 -5.376484
v -2.718398 -0.870348 -5.300364
v -2.891285 -0.870348 -5.207954
v -3.042822 -0.870348 -5.083591
v -3.167184 -0.870348 -4.932055
v -3.259594 -0.870348 -4.759168
v -3.316500 -0.870348 -4.571575
v -3.335715 -0.870348 -4.376484
v -3.316500 -0.870348 -4.181394
v -3.259594 -0.870348 -3.993801
v -3.167184 -0.870348 -3.820914
v -3.042822 -0.870348 -3.669378
v -2.891285 -0.870348 -3.545015
v -2.718398 -0.870348 -3.452605
v -2.530805 -0.870348 -3.395699
v -2.335715 -0.870348 -3.376484
v -2.140625 -0.870348 -3.395699
v -1.953031 -0.870348 -3.452605
v -1.780145 -0.870348 -3.545015
v -1.628608 -0.870348 -3.669378
v -1.504245 -0.870348 -3.820914
v -1.411835 -0.870348 -3.993801
v -1.354930 -0.870348 -4.181394
v -1.335715 -0.870348 -4.376484
v -1.354930 -0.870348 -4.571575
v -1.411835 -0.870348 -4.759168
v -1.504245 -0.870348 -4.932055
v -1.628608 -0.870348 -5.083591
v -1.780145 -0.870348 -5.207954
v -1.953031 -0.870348 -5.300364
v -2.140625 -0.870348 -5.357270
v -2.496494 -0.870348 -5.184773
v -2.335715 -0.870348 -5.200609
v -2.651094 -0.870348 -5.137876
v -2.793574 -0.870348 -5.061719
v -2.918459 -0.870348 -4.959229
v -3.020949 -0.870348 -4.834343
v -3.097106 -0.870348 -4.691863
v -3.144004 -0.870348 -4.537263
v -3.159839 -0.870348 -4.376484
v -3.144004 -0.870348 -4.215706
v -3.097106 -0.870348 -4.061106
v -3.020949 -0.870348 -3.918625
v -2.918459 -0.870348 -3.793740
v -2.793574 -0.870348 -3.691250
v -2.651094 -0.870348 -3.615093
v -2.496494 -0.870348 -3.568195
v -2.335715 -0.870348 -3.552360
v -2.174936 -0.870348 -3.568195
v -2.020336 -0.870348 -3.615093
v -1.877856 -0.870348 -3.691250
v -1.752971 -0.870348 -3.793740
v -1.650480 -0.870348 -3.918625
v -1.574323 -0.870348 -4.061106
v -1.527426 -0.870348 -4.215706
v -1.511590 -0.870348 -4.376484
v -1.527426 -0.870348 -4.537263
v -1.574323 -0.870348 -4.691863
v -1.650480 -0.870348 -4.834343
v -1.752971 -0.870348 -4.959229
v -1.877856 -0.870348 -5.061719
v -2.020336 -0.870348 -5.137876
v -2.174936 -0.870348 -5.184773
v -2.611441 -0.811843 -5.762667
v -2.617053 -0.774858 -5.790884
v -2.335711 -0.774858 -5.818594
v -2.335712 -0.811843 -5.789824
v -2.876574 -0.811843 -5.682240
v -2.887583 -0.774858 -5.708819
v -3.120921 -0.811843 -5.551633
v -3.136904 -0.774858 -5.575554
v -3.335094 -0.811843 -5.375866
v -3.355437 -0.774858 -5.396210
v -3.510861 -0.811843 -5.161694
v -3.534781 -0.774858 -5.177677
v -3.641468 -0.811843 -4.917346
v -3.668047 -0.774858 -4.928356
v -3.721895 -0.811843 -4.652213
v -3.750111 -0.774858 -4.657826
v -3.749052 -0.811843 -4.376484
v -3.777821 -0.774858 -4.376484
v -3.721895 -0.811843 -4.100755
v -3.750111 -0.774858 -4.095142
v -3.641468 -0.811843 -3.835622
v -3.668047 -0.774858 -3.824613
v -3.510861 -0.811843 -3.591275
v -3.534781 -0.774858 -3.575291
v -3.335094 -0.811843 -3.377102
v -3.355437 -0.774858 -3.356759
v -3.120921 -0.811843 -3.201335
v -3.136904 -0.774858 -3.177414
v -2.876574 -0.811843 -3.070728
v -2.887583 -0.774858 -3.044149
v -2.611441 -0.811843 -2.990301
v -2.617053 -0.774858 -2.962085
v -2.335712 -0.811843 -2.963144
v -2.335711 -0.774858 -2.934375
v -2.059983 -0.811843 -2.990301
v -2.054370 -0.774858 -2.962085
v -1.794850 -0.811843 -3.070728
v -1.783840 -0.774858 -3.044149
v -1.550502 -0.811843 -3.201335
v -1.534518 -0.774858 -3.177414
v -1.336329 -0.811843 -3.377102
v -1.315986 -0.774858 -3.356759
v -1.160562 -0.811843 -3.591274
v -1.136641 -0.774858 -3.575291
v -1.029956 -0.811843 -3.835622
v -1.003376 -0.774858 -3.824613
v -0.949528 -0.811843 -4.100755
v -0.921312 -0.774858 -4.095142
v -0.922372 -0.811843 -4.376484
v -0.893602 -0.774858 -4.376484
v -0.949528 -0.811843 -4.652213
v -0.921312 -0.774858 -4.657826
v -1.029956 -0.811843 -4.917346
v -1.003376 -0.774858 -4.928356
v -1.160562 -0.811843 -5.161694
v -1.136641 -0.774858 -5.177677
v -1.336329 -0.811843 -5.375866
v -1.315986 -0.774858 -5.396210
v -1.550502 -0.811843 -5.551633
v -1.534518 -0.774858 -5.575554
v -1.794850 -0.811843 -5.682240
v -1.783840 -0.774858 -5.708819
v -2.059983 -0.811843 -5.762667
v -2.054370 -0.774858 -5.790884
v -2.617053 -0.786038 -5.790884
v -2.611352 -0.761848 -5.762225
v -2.335711 -0.761848 -5.789373
v -2.335711 -0.786038 -5.818594
v -2.887583 -0.786038 -5.708819
v -2.876401 -0.761848 -5.681823
v -3.136904 -0.786038 -5.575554
v -3.120670 -0.761848 -5.551258
v -3.355437 -0.786038 -5.396210
v -3.334774 -0.761848 -5.375547
v -3.534781 -0.786038 -5.177677
v -3.510486 -0.761848 -5.161443
v -3.668047 -0.786038 -4.928356
v -3.641050 -0.761848 -4.917173
v -3.750111 -0.786038 -4.657826
v -3.721452 -0.761848 -4.652125
v -3.777821 -0.786038 -4.376484
v -3.748600 -0.761848 -4.376484
v -3.750111 -0.786038 -4.095142
v -3.721452 -0.761848 -4.100843
v -3.668047 -0.786038 -3.824613
v -3.641050 -0.761848 -3.835795
v -3.534781 -0.786038 -3.575291
v -3.510486 -0.761848 -3.591525
v -3.355437 -0.786038 -3.356759
v -3.334774 -0.761848 -3.377421
v -3.136904 -0.786038 -3.177414
v -3.120670 -0.761848 -3.201710
v -2.887583 -0.786038 -3.044149
v -2.876401 -0.761848 -3.071146
v -2.617053 -0.786038 -2.962085
v -2.611352 -0.761848 -2.990744
v -2.335711 -0.786038 -2.934375
v -2.335711 -0.761848 -2.963595
v -2.054370 -0.786038 -2.962085
v -2.060071 -0.761848 -2.990744
v -1.783840 -0.786038 -3.044149
v -1.795022 -0.761848 -3.071145
v -1.534518 -0.786038 -3.177414
v -1.550753 -0.761848 -3.201710
v -1.315986 -0.786038 -3.356759
v -1.336648 -0.761848 -3.377421
v -1.136641 -0.786038 -3.575291
v -1.160938 -0.761848 -3.591525
v -1.003376 -0.786038 -3.824613
v -1.030373 -0.761848 -3.835795
v -0.921312 -0.786038 -4.095142
v -0.949971 -0.761848 -4.100843
v -0.893602 -0.786038 -4.376484
v -0.922823 -0.761848 -4.376484
v -0.921312 -0.786038 -4.657826
v -0.949971 -0.761848 -4.652125
v -1.003376 -0.786038 -4.928356
v -1.030373 -0.761848 -4.917173
v -1.136641 -0.786038 -5.177677
v -1.160938 -0.761848 -5.161443
v -1.315986 -0.786038 -5.396210
v -1.336648 -0.761848 -5.375547
v -1.534518 -0.786038 -5.575554
v -1.550753 -0.761848 -5.551258
v -1.783840 -0.786038 -5.708819
v -1.795022 -0.761848 -5.681823
v -2.054370 -0.786038 -5.790884
v -2.060071 -0.761848 -5.762225
vn -0.0000 -0.8147 0.5799
vn 0.1131 -0.8147 0.5687
vn 0.2219 -0.8147 0.5357
vn 0.3221 -0.8147 0.4821
vn 0.4100 -0.8147 0.4100
vn 0.4821 -0.8147 0.3222
vn 0.5357 -0.8147 0.2219
vn 0.5687 -0.8147 0.1131
vn 0.5799 -0.8147 -0.0000
vn 0.5687 -0.8147 -0.1131
vn 0.5357 -0.8147 -0.2219
vn 0.4821 -0.8147 -0.3221
vn 0.4100 -0.8147 -0.4100
vn 0.3222 -0.8147 -0.4821
vn 0.2219 -0.8147 -0.5357
vn 0.1131 -0.8147 -0.5687
vn -0.0000 -0.8147 -0.5799
vn -0.1131 -0.8147 -0.5687
vn -0.2219 -0.8147 -0.5357
vn -0.3221 -0.8147 -0.4821
vn -0.4100 -0.8147 -0.4100
vn -0.4821 -0.8147 -0.3222
vn -0.5357 -0.8147 -0.2219
vn -0.5687 -0.8147 -0.1131
vn -0.5798 -0.8147 -0.0000
vn -0.5687 -0.8147 0.1131
vn -0.5357 -0.8147 0.2219
vn -0.4821 -0.8147 0.3221
vn -0.4100 -0.8147 0.4100
vn -0.3222 -0.8147 0.4821
vn -0.2219 -0.8147 0.5357
vn -0.1131 -0.8147 0.5687
vn 0.1951 -0.0000 0.9808
vn -0.0000 -0.0000 1.0000
vn 0.3827 -0.0000 0.9239
vn 0.5556 -0.0000 0.8315
vn 0.7071 -0.0000 0.7071
vn 0.8315 -0.0000 0.5556
vn 0.9239 -0.0000 0.3827
vn 0.9808 -0.0000 0.1951
vn 1.0000 -0.0000 -0.0000
vn 0.9808 -0.0000 -0.1951
vn 0.9239 -0.0000 -0.3827
vn 0.8315 -0.0000 -0.5556
vn 0.7071 -0.0000 -0.7071
vn 0.5556 -0.0000 -0.8315
vn 0.3827 -0.0000 -0.9239
vn 0.1951 -0.0000 -0.9808
vn -0.0000 -0.0000 -1.0000
vn -0.1951 -0.0000 -0.9808
vn -0.3827 -0.0000 -0.9239
vn -0.5556 -0.0000 -0.8315
vn -0.7071 -0.0000 -0.7071
vn -0.8315 -0.0000 -0.5556
vn -0.9239 -0.0000 -0.3827
vn -0.9808 -0.0000 -0.1951
vn -1.0000 -0.0000 -0.0000
vn -0.9808 -0.0000 0.1951
vn -0.9239 -0.0000 0.3827
vn -0.8315 -0.0000 0.5556
vn -0.7071 -0.0000 0.7071
vn -0.5556 -0.0000 0.8315
vn -0.3827 -0.0000 0.9239
vn -0.1951 -0.0000 0.9808
vn -0.0000 1.0000 -0.0000
vn 0.1420 0.6857 0.7139
vn -0.0000 0.6857 0.7279
vn 0.2785 0.6857 0.6725
vn 0.4044 0.6857 0.6052
vn 0.5147 0.6857 0.5147
vn 0.6052 0.6857 0.4044
vn 0.6725 0.6857 0.2786
vn 0.7139 0.6857 0.1420
vn 0.7279 0.6857 -0.0000
vn 0.7139 0.6857 -0.1420
vn 0.6725 0.6857 -0.2785
vn 0.6052 0.6857 -0.4044
vn 0.5147 0.6857 -0.5147
vn 0.4044 0.6857 -0.6052
vn 0.2786 0.6857 -0.6725
vn 0.1420 0.6857 -0.7139
vn -0.0000 0.6857 -0.7279
vn -0.1420 0.6857 -0.7139
vn -0.2785 0.6857 -0.6725
vn -0.4044 0.6857 -0.6052
vn -0.5147 0.6857 -0.5147
vn -0.6052 0.6857 -0.4044
vn -0.6725 0.6857 -0.2786
vn -0.7139 0.6857 -0.1420
vn -0.7279 0.6857 -0.0000
vn -0.7139 0.6857 0.1420
vn -0.6725 0.6857 0.2785
vn -0.6052 0.6857 0.4044
vn -0.5147 0.6857 0.5147
vn -0.4044 0.6857 0.6052
vn -0.2786 0.6857 0.6725
vn -0.1420 0.6857 0.7139
vn 0.1420 -0.6857 0.7139
vn -0.0000 -0.6857 0.7279
vn 0.2786 -0.6857 0.6725
vn 0.4044 -0.6857 0.6052
vn 0.5147 -0.6857 0.5147
vn 0.6052 -0.6857 0.4044
vn 0.6725 -0.6857 0.2786
vn 0.7139 -0.6857 0.1420
vn 0.7279 -0.6857 -0.0000
vn 0.7139 -0.6857 -0.1420
vn 0.6725 -0.6857 -0.2786
vn 0.6052 -0.6857 -0.4044
vn 0.5147 -0.6857 -0.5147
vn 0.4044 -0.6857 -0.6052
vn 0.2786 -0.6857 -0.6725
vn 0.1420 -0.6857 -0.7139
vn -0.0000 -0.6857 -0.7279
vn -0.1420 -0.6857 -0.7139
vn -0.2786 -0.6857 -0.6725
vn -0.4044 -0.6857 -0.6052
vn -0.5147 -0.6857 -0.5147
vn -0.6052 -0.6857 -0.4044
vn -0.6725 -0.6857 -0.2786
vn -0.7139 -0.6857 -0.1420
vn -0.7279 -0.6857 -0.0000
vn -0.7139 -0.6857 0.1420
vn -0.6725 -0.6857 0.2786
vn -0.6052 -0.6857 0.4044
vn -0.5147 -0.6857 0.5147
vn -0.4044 -0.6857 0.6052
vn -0.2786 -0.6857 0.6725
vn -0.1420 -0.6857 0.7139
vn 0.1465 0.6602 0.7367
vn -0.0000 0.6602 0.7511
vn 0.2874 0.6602 0.6939
vn 0.4173 0.6602 0.6245
vn 0.5311 0.6602 0.5311
vn 0.6245 0.6602 0.4173
vn 0.6939 0.6602 0.2874
vn 0.7367 0.6602 0.1465
vn 0.7511 0.6602 -0.0000
vn 0.7367 0.6602 -0.1465
vn 0.6939 0.6602 -0.2874
vn 0.6245 0.6602 -0.4173
vn 0.5311 0.6602 -0.5311
vn 0.4173 0.6602 -0.6245
vn 0.2874 0.6602 -0.6939
vn 0.1465 0.6602 -0.7367
vn -0.0000 0.6602 -0.7511
vn -0.1465 0.6602 -0.7367
vn -0.2874 0.6602 -0.6939
vn -0.4173 0.6602 -0.6245
vn -0.5311 0.6602 -0.5311
vn -0.6245 0.6602 -0.4173
vn -0.6939 0.6602 -0.2874
vn -0.7367 0.6602 -0.1465
vn -0.7511 0.6602 -0.0000
vn -0.7367 0.6602 0.1465
vn -0.6939 0.6602 0.2874
vn -0.6245 0.6602 0.4173
vn -0.5311 0.6602 0.5311
vn -0.4173 0.6602 0.6245
vn -0.2874 0.6602 0.6939
vn -0.1465 0.6602 0.7367
vn -0.1098 -0.8267 -0.5518
vn 0.0732 -0.9269 0.3682
vn -0.0000 -0.9269 0.3754
vn -0.0000 -0.8267 -0.5626
vn -0.2153 -0.8267 -0.5198
vn 0.1437 -0.9269 0.3468
vn -0.3125 -0.8267 -0.4678
vn 0.2086 -0.9269 0.3121
vn -0.3978 -0.8267 -0.3978
vn 0.2654 -0.9269 0.2654
vn -0.4678 -0.8267 -0.3125
vn 0.3121 -0.9269 0.2086
vn -0.5198 -0.8267 -0.2153
vn 0.3468 -0.9269 0.1437
vn -0.5518 -0.8267 -0.1098
vn 0.3682 -0.9269 0.0732
vn -0.5626 -0.8267 -0.0000
vn 0.3754 -0.9269 -0.0000
vn -0.5518 -0.8267 0.1098
vn 0.3682 -0.9269 -0.0732
vn -0.5198 -0.8267 0.2153
vn 0.3468 -0.9269 -0.1437
vn -0.4678 -0.8267 0.3125
vn 0.3121 -0.9269 -0.2086
vn -0.3978 -0.8267 0.3978
vn 0.2654 -0.9269 -0.2654
vn -0.3126 -0.8267 0.4678
vn 0.2086 -0.9269 -0.3121
vn -0.2153 -0.8267 0.5197
vn 0.1437 -0.9269 -0.3468
vn -0.1098 -0.8267 0.5518
vn 0.0732 -0.9269 -0.3682
vn -0.0000 -0.8267 0.5626
vn -0.0000 -0.9269 -0.3754
vn 0.1098 -0.8267 0.5518
vn -0.0732 -0.9269 -0.3682
vn 0.2153 -0.8267 0.5197
vn -0.1437 -0.9269 -0.3468
vn 0.3125 -0.8267 0.4678
vn -0.2086 -0.9269 -0.3121
vn 0.3978 -0.8267 0.3978
vn -0.2654 -0.9269 -0.2654
vn 0.4678 -0.8267 0.3125
vn -0.3121 -0.9269 -0.2086
vn 0.5197 -0.8267 0.2153
vn -0.3468 -0.9269 -0.1437
vn 0.5518 -0.8267 0.1098
vn -0.3682 -0.9269 -0.0732
vn 0.5626 -0.8268 -0.0000
vn -0.3753 -0.9269 -0.0000
vn 0.5518 -0.8268 -0.1098
vn -0.3682 -0.9269 0.0732
vn 0.5197 -0.8267 -0.2153
vn -0.3468 -0.9269 0.1436
vn 0.4678 -0.8267 -0.3125
vn -0.3121 -0.9269 0.2086
vn 0.3978 -0.8267 -0.3978
vn -0.2654 -0.9269 0.2654
vn 0.3125 -0.8267 -0.4678
vn -0.2086 -0.9269 0.3121
vn 0.2153 -0.8267 -0.5197
vn -0.1437 -0.9269 0.3468
vn 0.1098 -0.8267 -0.5518
vn -0.0732 -0.9269 0.3682
vn 0.0916 0.8828 0.4607
vn -0.0539 0.9611 -0.2710
vn -0.0000 0.9611 -0.2763
vn -0.0000 0.8828 0.4697
vn 0.1798 0.8828 0.4340
vn -0.1057 0.9611 -0.2553
vn 0.2610 0.8828 0.3906
vn -0.1535 0.9611 -0.2297
vn 0.3322 0.8828 0.3322
vn -0.1954 0.9611 -0.1954
vn 0.3906 0.8828 0.2610
vn -0.2297 0.9611 -0.1535
vn 0.4340 0.8828 0.1798
vn -0.2553 0.9611 -0.1057
vn 0.4607 0.8828 0.0916
vn -0.2710 0.9611 -0.0539
vn 0.4697 0.8828 -0.0000
vn -0.2763 0.9611 -0.0000
vn 0.4607 0.8828 -0.0916
vn -0.2710 0.9611 0.0539
vn 0.4340 0.8828 -0.1798
vn -0.2553 0.9611 0.1057
vn 0.3906 0.8828 -0.2610
vn -0.2297 0.9611 0.1535
vn 0.3322 0.8828 -0.3322
vn -0.1954 0.9611 0.1954
vn 0.2610 0.8828 -0.3906
vn -0.1535 0.9611 0.2297
vn 0.1798 0.8828 -0.4340
vn -0.1057 0.9611 0.2553
vn 0.0916 0.8828 -0.4607
vn -0.0539 0.9611 0.2710
vn -0.0000 0.8828 -0.4697
vn -0.0000 0.9611 0.2763
vn -0.0916 0.8828 -0.4607
vn 0.0539 0.9611 0.2710
vn -0.1798 0.8828 -0.4340
vn 0.1057 0.9611 0.2553
vn -0.2610 0.8828 -0.3906
vn 0.1535 0.9611 0.2297
vn -0.3322 0.8828 -0.3322
vn 0.1954 0.9611 0.1954
vn -0.3906 0.8828 -0.2610
vn 0.2297 0.9611 0.1535
vn -0.4340 0.8828 -0.1798
vn 0.2553 0.9611 0.1057
vn -0.4607 0.8828 -0.0916
vn 0.2710 0.9611 0.0539
vn -0.4697 0.8828 -0.0000
vn 0.2763 0.9611 -0.0000
vn -0.4607 0.8828 0.0916
vn 0.2710 0.9611 -0.0539
vn -0.4340 0.8828 0.1798
vn 0.2553 0.9611 -0.1057
vn -0.3906 0.8828 0.2610
vn 0.2297 0.9611 -0.1535
vn -0.3322 0.8828 0.3322
vn 0.1954 0.9611 -0.1954
vn -0.2610 0.8828 0.3906
vn 0.1535 0.9611 -0.2297
vn -0.1798 0.8828 0.4340
vn 0.1057 0.9611 -0.2553
vn -0.0916 0.8828 0.4607
vn 0.0539 0.9611 -0.2710
vt 0.000000 0.000000
s 1
usemtl Material
f 662/639/593 723/639/654 660/639/591
f 517/639/479 580/639/511 516/639/478
f 708/639/639 769/639/700 706/639/637
f 682/639/613 743/639/674 680/639/611
f 710/639/641 771/639/702 708/639/639
f 682/639/613 747/639/678 745/639/676
f 658/639/589 717/639/648 654/639/585
f 712/639/643 773/639/704 710/639/641
f 686/639/617 747/639/678 684/639/615
f 655/639/586 779/639/710 716/639/647
f 714/639/645 775/639/706 712/639/643
f 688/639/619 749/639/680 686/639/617
f 660/639/591 721/639/652 658/639/589
f 716/639/647 777/639/708 714/639/645
f 690/639/621 751/639/682 688/639/619
f 664/639/595 725/639/656 662/639/593
f 622/639/553 718/639/649 621/639/552
f 692/639/623 753/639/684 690/639/621
f 666/639/597 727/639/658 664/639/595
f 463/639/425 659/639/590 657/639/588
f 694/639/625 755/639/686 692/639/623
f 668/639/599 729/639/660 666/639/597
f 696/639/627 757/639/688 694/639/625
f 670/639/601 731/639/662 668/639/599
f 698/639/629 759/639/690 696/639/627
f 672/639/603 733/639/664 670/639/601
f 700/639/631 761/639/692 698/639/629
f 674/639/605 735/639/666 672/639/603
f 702/639/633 763/639/694 700/639/631
f 676/639/607 737/639/668 674/639/605
f 704/639/635 765/639/696 702/639/633
f 678/639/609 739/639/670 676/639/607
f 706/639/637 767/639/698 704/639/635
f 680/639/611 741/639/672 678/639/609
f 489/639/451 711/639/642 709/639/640
f 510/639/472 637/639/568 638/639/569
f 468/639/430 597/639/528 469/639/431
f 462/639/424 657/639/588 653/639/584
f 488/639/450 709/639/640 707/639/638
f 508/639/470 637/639/568 509/639/471
f 467/639/429 596/639/527 468/639/430
f 461/639/423 653/639/584 656/639/587
f 487/639/449 707/639/638 705/639/636
f 508/639/470 635/639/566 636/639/567
f 466/639/428 595/639/526 467/639/429
f 492/639/454 590/639/521 461/639/423
f 486/639/448 705/639/636 703/639/634
f 507/639/469 634/639/565 635/639/566
f 465/639/427 594/639/525 466/639/428
f 491/639/453 620/639/551 492/639/454
f 485/639/447 703/639/634 701/639/632
f 505/639/467 634/639/565 506/639/468
f 464/639/426 593/639/524 465/639/427
f 490/639/452 619/639/550 491/639/453
f 485/639/447 699/639/630 484/639/446
f 504/639/466 633/639/564 505/639/467
f 463/639/425 592/639/523 464/639/426
f 489/639/451 618/639/549 490/639/452
f 484/639/446 697/639/628 483/639/445
f 503/639/465 632/639/563 504/639/466
f 462/639/424 591/639/522 463/639/425
f 488/639/450 617/639/548 489/639/451
f 483/639/445 695/639/626 482/639/444
f 502/639/464 631/639/562 503/639/465
f 461/639/423 589/639/520 462/639/424
f 487/639/449 616/639/547 488/639/450
f 541/639/487 549/639/487 526/639/487
f 504/639/466 567/639/498 503/639/465
f 518/639/480 581/639/512 517/639/479
f 505/639/467 568/639/499 504/639/466
f 519/639/481 582/639/513 518/639/480
f 506/639/468 569/639/500 505/639/467
f 520/639/482 583/639/514 519/639/481
f 507/639/469 570/639/501 506/639/468
f 493/639/455 558/639/489 494/639/456
f 521/639/483 584/639/515 520/639/482
f 508/639/470 571/639/502 507/639/469
f 495/639/457 557/639/488 493/639/455
f 522/639/484 585/639/516 521/639/483
f 509/639/471 572/639/503 508/639/470
f 496/639/458 559/639/490 495/639/457
f 523/639/485 586/639/517 522/639/484
f 510/639/472 573/639/504 509/639/471
f 497/639/459 560/639/491 496/639/458
f 524/639/486 587/639/518 523/639/485
f 511/639/473 574/639/505 510/639/472
f 498/639/460 561/639/492 497/639/459
f 494/639/456 588/639/519 524/639/486
f 512/639/474 575/639/506 511/639/473
f 499/639/461 562/639/493 498/639/460
f 513/639/475 576/639/507 512/639/474
f 500/639/462 563/639/494 499/639/461
f 514/639/476 577/639/508 513/639/475
f 501/639/463 564/639/495 500/639/462
f 515/639/477 578/639/509 514/639/476
f 502/639/464 565/639/496 501/639/463
f 516/639/478 579/639/510 515/639/477
f 503/639/465 566/639/497 502/639/464
f 526/639/487 557/639/488 525/639/487
f 525/639/487 559/639/490 527/639/487
f 527/639/487 560/639/491 528/639/487
f 528/639/487 561/639/492 529/639/487
f 529/639/487 562/639/493 530/639/487
f 530/639/487 563/639/494 531/639/487
f 532/639/487 563/639/494 564/639/495
f 532/639/487 565/639/496 533/639/487
f 533/639/487 566/639/497 534/639/487
f 534/639/487 567/639/498 535/639/487
f 535/639/487 568/639/499 536/639/487
f 536/639/487 569/639/500 537/639/487
f 537/639/487 570/639/501 538/639/487
f 538/639/487 571/639/502 539/639/487
f 540/639/487 571/639/502 572/639/503
f 540/639/487 573/639/504 541/639/487
f 541/639/487 574/639/505 542/639/487
f 542/639/487 575/639/506 543/639/487
f 543/639/487 576/639/507 544/639/487
f 544/639/487 577/639/508 545/639/487
f 545/639/487 578/639/509 546/639/487
f 546/639/487 579/639/510 547/639/487
f 548/639/487 579/639/510 580/639/511
f 548/639/487 581/639/512 549/639/487
f 549/639/487 582/639/513 550/639/487
f 550/639/487 583/639/514 551/639/487
f 551/639/487 584/639/515 552/639/487
f 552/639/487 585/639/516 553/639/487
f 553/639/487 586/639/517 554/639/487
f 554/639/487 587/639/518 555/639/487
f 556/639/487 587/639/518 588/639/519
f 556/639/487 558/639/489 526/639/487
f 607/639/538 599/639/530 591/639/522
f 621/639/552 722/639/653 623/639/554
f 652/639/583 719/639/650 622/639/553
f 624/639/555 726/639/657 625/639/556
f 625/639/556 728/639/659 626/639/557
f 626/639/557 730/639/661 627/639/558
f 627/639/558 732/639/663 628/639/559
f 628/639/559 734/639/665 629/639/560
f 630/639/561 734/639/665 736/639/667
f 631/639/562 736/639/667 738/639/669
f 632/639/563 738/639/669 740/639/671
f 633/639/564 740/639/671 742/639/673
f 634/639/565 742/639/673 744/639/675
f 635/639/566 744/639/675 746/639/677
f 636/639/567 746/639/677 748/639/679
f 637/639/568 748/639/679 750/639/681
f 638/639/569 750/639/681 752/639/683
f 639/639/570 752/639/683 754/639/685
f 640/639/571 754/639/685 756/639/687
f 641/639/572 756/639/687 758/639/689
f 642/639/573 758/639/689 760/639/691
f 643/639/574 760/639/691 762/639/693
f 644/639/575 762/639/693 764/639/695
f 644/639/575 766/639/697 645/639/576
f 645/639/576 768/639/699 646/639/577
f 646/639/577 770/639/701 647/639/578
f 647/639/578 772/639/703 648/639/579
f 648/639/579 774/639/705 649/639/580
f 649/639/580 776/639/707 650/639/581
f 650/639/581 778/639/709 651/639/582
f 651/639/582 780/639/711 652/639/583
f 623/639/554 724/639/655 624/639/555
f 469/639/431 598/639/529 470/639/432
f 511/639/473 638/639/569 639/639/570
f 490/639/452 713/639/644 711/639/642
f 464/639/426 661/639/592 659/639/590
f 470/639/432 599/639/530 471/639/433
f 512/639/474 639/639/570 640/639/571
f 491/639/453 715/639/646 713/639/644
f 465/639/427 663/639/594 661/639/592
f 471/639/433 600/639/531 472/639/434
f 512/639/474 641/639/572 513/639/475
f 492/639/454 656/639/587 715/639/646
f 466/639/428 665/639/596 663/639/594
f 472/639/434 601/639/532 473/639/435
f 513/639/475 642/639/573 514/639/476
f 467/639/429 667/639/598 665/639/596
f 473/639/435 602/639/533 474/639/436
f 514/639/476 643/639/574 515/639/477
f 469/639/431 667/639/598 468/639/430
f 474/639/436 603/639/534 475/639/437
f 515/639/477 644/639/575 516/639/478
f 470/639/432 669/639/600 469/639/431
f 476/639/438 603/639/534 604/639/535
f 516/639/478 645/639/576 517/639/479
f 471/639/433 671/639/602 470/639/432
f 477/639/439 604/639/535 605/639/536
f 517/639/479 646/639/577 518/639/480
f 472/639/434 673/639/604 471/639/433
f 478/639/440 605/639/536 606/639/537
f 518/639/480 647/639/578 519/639/481
f 473/639/435 675/639/606 472/639/434
f 479/639/441 606/639/537 607/639/538
f 519/639/481 648/639/579 520/639/482
f 494/639/456 621/639/552 493/639/455
f 474/639/436 677/639/608 473/639/435
f 480/639/442 607/639/538 608/639/539
f 520/639/482 649/639/580 521/639/483
f 493/639/455 623/639/554 495/639/457
f 475/639/437 679/639/610 474/639/436
f 480/639/442 609/639/540 481/639/443
f 521/639/483 650/639/581 522/639/484
f 495/639/457 624/639/555 496/639/458
f 476/639/438 681/639/612 475/639/437
f 481/639/443 610/639/541 482/639/444
f 522/639/484 651/639/582 523/639/485
f 496/639/458 625/639/556 497/639/459
f 477/639/439 683/639/614 476/639/438
f 482/639/444 611/639/542 483/639/445
f 523/639/485 652/639/583 524/639/486
f 497/639/459 626/639/557 498/639/460
f 478/639/440 685/639/616 477/639/439
f 483/639/445 612/639/543 484/639/446
f 524/639/486 622/639/553 494/639/456
f 498/639/460 627/639/558 499/639/461
f 479/639/441 687/639/618 478/639/440
f 484/639/446 613/639/544 485/639/447
f 499/639/461 628/639/559 500/639/462
f 480/639/442 689/639/620 479/639/441
f 485/639/447 614/639/545 486/639/448
f 500/639/462 629/639/560 501/639/463
f 481/639/443 691/639/622 480/639/442
f 486/639/448 615/639/546 487/639/449
f 501/639/463 630/639/561 502/639/464
f 482/639/444 693/639/624 481/639/443
f 654/639/585 656/639/587 653/639/584
f 658/639/589 653/639/584 657/639/588
f 660/639/591 657/639/588 659/639/590
f 662/639/593 659/639/590 661/639/592
f 664/639/595 661/639/592 663/639/594
f 666/639/597 663/639/594 665/639/596
f 668/639/599 665/639/596 667/639/598
f 670/639/601 667/639/598 669/639/600
f 670/639/601 671/639/602 672/639/603
f 672/639/603 673/639/604 674/639/605
f 674/639/605 675/639/606 676/639/607
f 676/639/607 677/639/608 678/639/609
f 678/639/609 679/639/610 680/639/611
f 680/639/611 681/639/612 682/639/613
f 682/639/613 683/639/614 684/639/615
f 684/639/615 685/639/616 686/639/617
f 686/639/617 687/639/618 688/639/619
f 688/639/619 689/639/620 690/639/621
f 690/639/621 691/639/622 692/639/623
f 692/639/623 693/639/624 694/639/625
f 694/639/625 695/639/626 696/639/627
f 696/639/627 697/639/628 698/639/629
f 698/639/629 699/639/630 700/639/631
f 700/639/631 701/639/632 702/639/633
f 704/639/635 701/639/632 703/639/634
f 704/639/635 705/639/636 706/639/637
f 708/639/639 705/639/636 707/639/638
f 710/639/641 707/639/638 709/639/640
f 712/639/643 709/639/640 711/639/642
f 714/639/645 711/639/642 713/639/644
f 716/639/647 713/639/644 715/639/646
f 655/639/586 715/639/646 656/639/587
f 719/639/650 717/639/648 718/639/649
f 718/639/649 721/639/652 722/639/653
f 722/639/653 723/639/654 724/639/655
f 724/639/655 725/639/656 726/639/657
f 726/639/657 727/639/658 728/639/659
f 728/639/659 729/639/660 730/639/661
f 730/639/661 731/639/662 732/639/663
f 732/639/663 733/639/664 734/639/665
f 734/639/665 735/639/666 736/639/667
f 738/639/669 735/639/666 737/639/668
f 740/639/671 737/639/668 739/639/670
f 742/639/673 739/639/670 741/639/672
f 744/639/675 741/639/672 743/639/674
f 746/639/677 743/639/674 745/639/676
f 748/639/679 745/639/676 747/639/678
f 750/639/681 747/639/678 749/639/680
f 752/639/683 749/639/680 751/639/682
f 754/639/685 751/639/682 753/639/684
f 756/639/687 753/639/684 755/639/686
f 758/639/689 755/639/686 757/639/688
f 760/639/691 757/639/688 759/639/690
f 762/639/693 759/639/690 761/639/692
f 764/639/695 761/639/692 763/639/694
f 764/639/695 765/639/696 766/639/697
f 766/639/697 767/639/698 768/639/699
f 768/639/699 769/639/700 770/639/701
f 770/639/701 771/639/702 772/639/703
f 772/639/703 773/639/704 774/639/705
f 774/639/705 775/639/706 776/639/707
f 776/639/707 777/639/708 778/639/709
f 778/639/709 779/639/710 780/639/711
f 780/639/711 720/639/651 719/639/650
f 654/639/585 720/639/651 655/639/586
f 662/639/593 725/639/656 723/639/654
f 517/639/479 581/639/512 580/639/511
f 708/639/639 771/639/702 769/639/700
f 682/639/613 745/639/676 743/639/674
f 710/639/641 773/639/704 771/639/702
f 682/639/613 684/639/615 747/639/678
f 658/639/589 721/639/652 717/639/648
f 712/639/643 775/639/706 773/639/704
f 686/639/617 749/639/680 747/639/678
f 655/639/586 720/639/651 779/639/710
f 714/639/645 777/639/708 775/639/706
f 688/639/619 751/639/682 749/639/680
f 660/639/591 723/639/654 721/639/652
f 716/639/647 779/639/710 777/639/708
f 690/639/621 753/639/684 751/639/682
f 664/639/595 727/639/658 725/639/656
f 622/639/553 719/639/650 718/639/649
f 692/639/623 755/639/686 753/639/684
f 666/639/597 729/639/660 727/639/658
f 463/639/425 464/639/426 659/639/590
f 694/639/625 757/639/688 755/639/686
f 668/639/599 731/639/662 729/639/660
f 696/639/627 759/639/690 757/639/688
f 670/639/601 733/639/664 731/639/662
f 698/639/629 761/639/692 759/639/690
f 672/639/603 735/639/666 733/639/664
f 700/639/631 763/639/694 761/639/692
f 674/639/605 737/639/668 735/639/666
f 702/639/633 765/639/696 763/639/694
f 676/639/607 739/639/670 737/639/668
f 704/639/635 767/639/698 765/639/696
f 678/639/609 741/639/672 739/639/670
f 706/639/637 769/639/700 767/639/698
f 680/639/611 743/639/674 741/639/672
f 489/639/451 490/639/452 711/639/642
f 510/639/472 509/639/471 637/639/568
f 468/639/430 596/639/527 597/639/528
f 462/639/424 463/639/425 657/639/588
f 488/639/450 489/639/451 709/639/640
f 508/639/470 636/639/567 637/639/568
f 467/639/429 595/639/526 596/639/527
f 461/639/423 462/639/424 653/639/584
f 487/639/449 488/639/450 707/639/638
f 508/639/470 507/639/469 635/639/566
f 466/639/428 594/639/525 595/639/526
f 492/639/454 620/639/551 590/639/521
f 486/639/448 487/639/449 705/639/636
f 507/639/469 506/639/468 634/639/565
f 465/639/427 593/639/524 594/639/525
f 491/639/453 619/639/550 620/639/551
f 485/639/447 486/639/448 703/639/634
f 505/639/467 633/639/564 634/639/565
f 464/639/426 592/639/523 593/639/524
f 490/639/452 618/639/549 619/639/550
f 485/639/447 701/639/632 699/639/630
f 504/639/466 632/639/563 633/639/564
f 463/639/425 591/639/522 592/639/523
f 489/639/451 617/639/548 618/639/549
f 484/639/446 699/639/630 697/639/628
f 503/639/465 631/639/562 632/639/563
f 462/639/424 589/639/520 591/639/522
f 488/639/450 616/639/547 617/639/548
f 483/639/445 697/639/628 695/639/626
f 502/639/464 630/639/561 631/639/562
f 461/639/423 590/639/521 589/639/520
f 487/639/449 615/639/546 616/639/547
f 526/639/487 525/639/487 527/639/487
f 527/639/487 528/639/487 529/639/487
f 529/639/487 530/639/487 531/639/487
f 531/639/487 532/639/487 533/639/487
f 533/639/487 534/639/487 535/639/487
f 535/639/487 536/639/487 537/639/487
f 537/639/487 538/639/487 539/639/487
f 539/639/487 540/639/487 541/639/487
f 541/639/487 542/639/487 543/639/487
f 543/639/487 544/639/487 545/639/487
f 545/639/487 546/639/487 547/639/487
f 547/639/487 548/639/487 549/639/487
f 549/639/487 550/639/487 551/639/487
f 551/639/487 552/639/487 553/639/487
f 553/639/487 554/639/487 555/639/487
f 555/639/487 556/639/487 526/639/487
f 526/639/487 527/639/487 529/639/487
f 529/639/487 531/639/487 533/639/487
f 533/639/487 535/639/487 537/639/487
f 537/639/487 539/639/487 541/639/487
f 541/639/487 543/639/487 545/639/487
f 545/639/487 547/639/487 549/639/487
f 549/639/487 551/639/487 553/639/487
f 553/639/487 555/639/487 526/639/487
f 526/639/487 529/639/487 533/639/487
f 533/639/487 537/639/487 541/639/487
f 541/639/487 545/639/487 549/639/487
f 549/639/487 553/639/487 526/639/487
f 526/639/487 533/639/487 541/639/487
f 504/639/466 568/639/499 567/639/498
f 518/639/480 582/639/513 581/639/512
f 505/639/467 569/639/500 568/639/499
f 519/639/481 583/639/514 582/639/513
f 506/639/468 570/639/501 569/639/500
f 520/639/482 584/639/515 583/639/514
f 507/639/469 571/639/502 570/639/501
f 493/639/455 557/639/488 558/639/489
f 521/639/483 585/639/516 584/639/515
f 508/639/470 572/639/503 571/639/502
f 495/639/457 559/639/490 557/639/488
f 522/639/484 586/639/517 585/639/516
f 509/639/471 573/639/504 572/639/503
f 496/639/458 560/639/491 559/639/490
f 523/639/485 587/639/518 586/639/517
f 510/639/472 574/639/505 573/639/504
f 497/639/459 561/639/492 560/639/491
f 524/639/486 588/639/519 587/639/518
f 511/639/473 575/639/506 574/639/505
f 498/639/460 562/639/493 561/639/492
f 494/639/456 558/639/489 588/639/519
f 512/639/474 576/639/507 575/639/506
f 499/639/461 563/639/494 562/639/493
f 513/639/475 577/639/508 576/639/507
f 500/639/462 564/639/495 563/639/494
f 514/639/476 578/639/509 577/639/508
f 501/639/463 565/639/496 564/639/495
f 515/639/477 579/639/510 578/639/509
f 502/639/464 566/639/497 565/639/496
f 516/639/478 580/639/511 579/639/510
f 503/639/465 567/639/498 566/639/497
f 526/639/487 558/639/489 557/639/488
f 525/639/487 557/639/488 559/639/490
f 527/639/487 559/639/490 560/639/491
f 528/639/487 560/639/491 561/639/492
f 529/639/487 561/639/492 562/639/493
f 530/639/487 562/639/493 563/639/494
f 532/639/487 531/639/487 563/639/494
f 532/639/487 564/639/495 565/639/496
f 533/639/487 565/639/496 566/639/497
f 534/639/487 566/639/497 567/639/498
f 535/639/487 567/639/498 568/639/499
f 536/639/487 568/639/499 569/639/500
f 537/639/487 569/639/500 570/639/501
f 538/639/487 570/639/501 571/639/502
f 540/639/487 539/639/487 571/639/502
f 540/639/487 572/639/503 573/639/504
f 541/639/487 573/639/504 574/639/505
f 542/639/487 574/639/505 575/639/506
f 543/639/487 575/639/506 576/639/507
f 544/639/487 576/639/507 577/639/508
f 545/639/487 577/639/508 578/639/509
f 546/639/487 578/639/509 579/639/510
f 548/639/487 547/639/487 579/639/510
f 548/639/487 580/639/511 581/639/512
f 549/639/487 581/639/512 582/639/513
f 550/639/487 582/639/513 583/639/514
f 551/639/487 583/639/514 584/639/515
f 552/639/487 584/639/515 585/639/516
f 553/639/487 585/639/516 586/639/517
f 554/639/487 586/639/517 587/639/518
f 556/639/487 555/639/487 587/639/518
f 556/639/487 588/639/519 558/639/489
f 591/639/522 589/639/520 590/639/521
f 590/639/521 620/639/551 619/639/550
f 619/639/550 618/639/549 617/639/548
f 617/639/548 616/639/547 615/639/546
f 615/639/546 614/639/545 613/639/544
f 613/639/544 612/639/543 611/639/542
f 611/639/542 610/639/541 609/639/540
f 609/639/540 608/639/539 607/639/538
f 607/639/538 606/639/537 605/639/536
f 605/639/536 604/639/535 603/639/534
f 603/639/534 602/639/533 601/639/532
f 601/639/532 600/639/531 599/639/530
f 599/639/530 598/639/529 597/639/528
f 597/639/528 596/639/527 595/639/526
f 595/639/526 594/639/525 593/639/524
f 593/639/524 592/639/523 591/639/522
f 591/639/522 590/639/521 619/639/550
f 619/639/550 617/639/548 615/639/546
f 615/639/546 613/639/544 611/639/542
f 611/639/542 609/639/540 607/639/538
f 607/639/538 605/639/536 603/639/534
f 603/639/534 601/639/532 599/639/530
f 599/639/530 597/639/528 595/639/526
f 595/639/526 593/639/524 591/639/522
f 591/639/522 619/639/550 615/639/546
f 615/639/546 611/639/542 607/639/538
f 607/639/538 603/639/534 599/639/530
f 599/639/530 595/639/526 591/639/522
f 591/639/522 615/639/546 607/639/538
f 621/639/552 718/639/649 722/639/653
f 652/639/583 780/639/711 719/639/650
f 624/639/555 724/639/655 726/639/657
f 625/639/556 726/639/657 728/639/659
f 626/639/557 728/639/659 730/639/661
f 627/639/558 730/639/661 732/639/663
f 628/639/559 732/639/663 734/639/665
f 630/639/561 629/639/560 734/639/665
f 631/639/562 630/639/561 736/639/667
f 632/639/563 631/639/562 738/639/669
f 633/639/564 632/639/563 740/639/671
f 634/639/565 633/639/564 742/639/673
f 635/639/566 634/639/565 744/639/675
f 636/639/567 635/639/566 746/639/677
f 637/639/568 636/639/567 748/639/679
f 638/639/569 637/639/568 750/639/681
f 639/639/570 638/639/569 752/639/683
f 640/639/571 639/639/570 754/639/685
f 641/639/572 640/639/571 756/639/687
f 642/639/573 641/639/572 758/639/689
f 643/639/574 642/639/573 760/639/691
f 644/639/575 643/639/574 762/639/693
f 644/639/575 764/639/695 766/639/697
f 645/639/576 766/639/697 768/639/699
f 646/639/577 768/639/699 770/639/701
f 647/639/578 770/639/701 772/639/703
f 648/639/579 772/639/703 774/639/705
f 649/639/580 774/639/705 776/639/707
f 650/639/581 776/639/707 778/639/709
f 651/639/582 778/639/709 780/639/711
f 623/639/554 722/639/653 724/639/655
f 469/639/431 597/639/528 598/639/529
f 511/639/473 510/639/472 638/639/569
f 490/639/452 491/639/453 713/639/644
f 464/639/426 465/639/427 661/639/592
f 470/639/432 598/639/529 599/639/530
f 512/639/474 511/639/473 639/639/570
f 491/639/453 492/639/454 715/639/646
f 465/639/427 466/639/428 663/639/594
f 471/639/433 599/639/530 600/639/531
f 512/639/474 640/639/571 641/639/572
f 492/639/454 461/639/423 656/639/587
f 466/639/428 467/639/429 665/639/596
f 472/639/434 600/639/531 601/639/532
f 513/639/475 641/639/572 642/639/573
f 467/639/429 468/639/430 667/639/598
f 473/639/435 601/639/532 602/639/533
f 514/639/476 642/639/573 643/639/574
f 469/639/431 669/639/600 667/639/598
f 474/639/436 602/639/533 603/639/534
f 515/639/477 643/639/574 644/639/575
f 470/639/432 671/639/602 669/639/600
f 476/639/438 475/639/437 603/639/534
f 516/639/478 644/639/575 645/639/576
f 471/639/433 673/639/604 671/639/602
f 477/639/439 476/639/438 604/639/535
f 517/639/479 645/639/576 646/639/577
f 472/639/434 675/639/606 673/639/604
f 478/639/440 477/639/439 605/639/536
f 518/639/480 646/639/577 647/639/578
f 473/639/435 677/639/608 675/639/606
f 479/639/441 478/639/440 606/639/537
f 519/639/481 647/639/578 648/639/579
f 494/639/456 622/639/553 621/639/552
f 474/639/436 679/639/610 677/639/608
f 480/639/442 479/639/441 607/639/538
f 520/639/482 648/639/579 649/639/580
f 493/639/455 621/639/552 623/639/554
f 475/639/437 681/639/612 679/639/610
f 480/639/442 608/639/539 609/639/540
f 521/639/483 649/639/580 650/639/581
f 495/639/457 623/639/554 624/639/555
f 476/639/438 683/639/614 681/639/612
f 481/639/443 609/639/540 610/639/541
f 522/639/484 650/639/581 651/639/582
f 496/639/458 624/639/555 625/639/556
f 477/639/439 685/639/616 683/639/614
f 482/639/444 610/639/541 611/639/542
f 523/639/485 651/639/582 652/639/583
f 497/639/459 625/639/556 626/639/557
f 478/639/440 687/639/618 685/639/616
f 483/639/445 611/639/542 612/639/543
f 524/639/486 652/639/583 622/639/553
f 498/639/460 626/639/557 627/639/558
f 479/639/441 689/639/620 687/639/618
f 484/639/446 612/639/543 613/639/544
f 499/639/461 627/639/558 628/639/559
f 480/639/442 691/639/622 689/639/620
f 485/639/447 613/639/544 614/639/545
f 500/639/462 628/639/559 629/639/560
f 481/639/443 693/639/624 691/639/622
f 486/639/448 614/639/545 615/639/546
f 501/639/463 629/639/560 630/639/561
f 482/639/444 695/639/626 693/639/624
f 654/639/585 655/639/586 656/639/587
f 658/639/589 654/639/585 653/639/584
f 660/639/591 658/639/589 657/639/588
f 662/639/593 660/639/591 659/639/590
f 664/639/595 662/639/593 661/639/592
f 666/639/597 664/639/595 663/639/594
f 668/639/599 666/639/597 665/639/596
f 670/639/601 668/639/599 667/639/598
f 670/639/601 669/639/600 671/639/602
f 672/639/603 671/639/602 673/639/604
f 674/639/605 673/639/604 675/639/606
f 676/639/607 675/639/606 677/639/608
f 678/639/609 677/639/608 679/639/610
f 680/639/611 679/639/610 681/639/612
f 682/639/613 681/639/612 683/639/614
f 684/639/615 683/639/614 685/639/616
f 686/639/617 685/639/616 687/639/618
f 688/639/619 687/639/618 689/639/620
f 690/639/621 689/639/620 691/639/622
f 692/639/623 691/639/622 693/639/624
f 694/639/625 693/639/624 695/639/626
f 696/639/627 695/639/626 697/639/628
f 698/639/629 697/639/628 699/639/630
f 700/639/631 699/639/630 701/639/632
f 704/639/635 702/639/633 701/639/632
f 704/639/635 703/639/634 705/639/636
f 708/639/639 706/639/637 705/639/636
f 710/639/641 708/639/639 707/639/638
f 712/639/643 710/639/641 709/639/640
f 714/639/645 712/639/643 711/639/642
f 716/639/647 714/639/645 713/639/644
f 655/639/586 716/639/647 715/639/646
f 719/639/650 720/639/651 717/639/648
f 718/639/649 717/639/648 721/639/652
f 722/639/653 721/639/652 723/639/654
f 724/639/655 723/639/654 725/639/656
f 726/639/657 725/639/656 727/639/658
f 728/639/659 727/639/658 729/639/660
f 730/639/661 729/639/660 731/639/662
f 732/639/663 731/639/662 733/639/664
f 734/639/665 733/639/664 735/639/666
f 738/639/669 736/639/667 735/639/666
f 740/639/671 738/639/669 737/639/668
f 742/639/673 740/639/671 739/639/670
f 744/639/675 742/639/673 741/639/672
f 746/639/677 744/639/675 743/639/674
f 748/639/679 746/639/677 745/639/676
f 750/639/681 748/639/679 747/639/678
f 752/639/683 750/639/681 749/639/680
f 754/639/685 752/639/683 751/639/682
f 756/639/687 754/639/685 753/639/684
f 758/639/689 756/639/687 755/639/686
f 760/639/691 758/639/689 757/639/688
f 762/639/693 760/639/691 759/639/690
f 764/639/695 762/639/693 761/639/692
f 764/639/695 763/639/694 765/639/696
f 766/639/697 765/639/696 767/639/698
f 768/639/699 767/639/698 769/639/700
f 770/639/701 769/639/700 771/639/702
f 772/639/703 771/639/702 773/639/704
f 774/639/705 773/639/704 775/639/706
f 776/639/707 775/639/706 777/639/708
f 778/639/709 777/639/708 779/639/710
f 780/639/711 779/639/710 720/639/651
f 654/639/585 717/639/648 720/639/651
