# Blender 4.1.1
# www.blender.org
mtllib OpenCoffee.mtl
o Cylinder.047
v -50.156387 0.617763 -1.590222
v -50.395966 0.824300 -1.621376
v -49.926018 0.419163 -1.497956
v -49.713707 0.236132 -1.348125
v -49.527615 0.075705 -1.146486
v -49.374893 -0.055955 -0.900788
v -49.261410 -0.153787 -0.620474
v -49.191528 -0.214032 -0.316315
v -49.167931 -0.234374 0.000000
v -49.191528 -0.214032 0.316315
v -49.261410 -0.153787 0.620474
v -49.374893 -0.055955 0.900788
v -49.527615 0.075705 1.146486
v -49.713707 0.236132 1.348125
v -49.926018 0.419163 1.497956
v -50.156387 0.617763 1.590222
v -50.395966 0.824300 1.621376
v -50.635544 1.030837 1.590222
v -50.865913 1.229437 1.497956
v -51.078224 1.412468 1.348125
v -51.264317 1.572895 1.146486
v -51.417038 1.704555 0.900788
v -51.530521 1.802387 0.620474
v -51.600403 1.862632 0.316315
v -51.624001 1.882974 0.000000
v -51.600403 1.862632 -0.316315
v -51.530521 1.802387 -0.620474
v -51.417038 1.704555 -0.900788
v -51.264317 1.572895 -1.146486
v -51.078224 1.412468 -1.348125
v -50.865913 1.229437 -1.497956
v -50.635544 1.030837 -1.590222
v -50.145695 0.644279 1.543895
v -50.159836 0.658068 1.444787
v -49.922035 0.451465 1.454318
v -49.950535 0.477632 1.360960
v -49.715908 0.273766 1.308851
v -49.757641 0.311340 1.224831
v -49.535240 0.118012 1.113086
v -49.588566 0.165584 1.041633
v -49.386967 -0.009812 0.874546
v -49.449814 0.045966 0.818406
v -49.276791 -0.104794 0.602398
v -49.346706 -0.042919 0.563728
v -49.208942 -0.163284 0.307100
v -49.283218 -0.097654 0.287386
v -49.186035 -0.183033 0.000000
v -49.261780 -0.116136 0.000000
v -49.208942 -0.163284 -0.307100
v -49.283218 -0.097654 -0.287386
v -49.276791 -0.104794 -0.602398
v -49.346706 -0.042919 -0.563728
v -49.386967 -0.009812 -0.874546
v -49.449814 0.045966 -0.818406
v -49.535240 0.118012 -1.113086
v -49.588566 0.165584 -1.041633
v -49.715908 0.273766 -1.308851
v -49.757641 0.311340 -1.224831
v -49.922035 0.451465 -1.454318
v -49.950535 0.477632 -1.360960
v -50.377502 0.845716 -1.473092
v -50.378292 0.844799 -1.574142
v -50.145695 0.644279 -1.543895
v -50.159836 0.658068 -1.444787
v -50.227917 0.532259 -1.598535
v -50.468746 0.739876 -1.629852
v -49.996342 0.332621 -1.505787
v -49.782921 0.148633 -1.355172
v -49.595856 -0.012633 -1.152479
v -49.442337 -0.144981 -0.905497
v -49.328259 -0.243324 -0.623717
v -49.258011 -0.303884 -0.317968
v -49.234291 -0.324332 0.000000
v -49.258011 -0.303884 0.317968
v -49.328259 -0.243324 0.623717
v -49.442337 -0.144981 0.905497
v -49.595856 -0.012633 1.152479
v -49.782921 0.148633 1.355172
v -49.996342 0.332621 1.505787
v -50.227917 0.532259 1.598535
v -50.468746 0.739876 1.629852
v -50.709576 0.947492 1.598535
v -50.941151 1.147130 1.505787
v -51.154572 1.331118 1.355172
v -51.341637 1.492384 1.152479
v -51.495159 1.624732 0.905497
v -51.609234 1.723076 0.623717
v -51.679482 1.783635 0.317968
v -51.703201 1.804083 0.000000
v -51.679482 1.783635 -0.317968
v -51.609234 1.723076 -0.623717
v -51.495159 1.624732 -0.905497
v -51.341637 1.492384 -1.152479
v -51.154572 1.331118 -1.355172
v -50.941151 1.147130 -1.505787
v -50.709576 0.947492 -1.598535
v -50.178501 0.636827 -1.443435
v -50.162781 0.624873 -1.542543
v -50.395176 0.825217 -1.572763
v -50.395966 0.824300 -1.471714
v -49.969395 0.456560 -1.359686
v -49.939316 0.432227 -1.453044
v -49.776684 0.290424 -1.223685
v -49.733372 0.254684 -1.307705
v -49.607769 0.144804 -1.040659
v -49.552860 0.099066 -1.112112
v -49.469143 0.025298 -0.817640
v -49.404716 -0.028646 -0.873781
v -49.366135 -0.063504 -0.563200
v -49.294636 -0.123544 -0.601871
v -49.302704 -0.118187 -0.287117
v -49.226849 -0.181983 -0.306831
v -49.281284 -0.136652 0.000000
v -49.203960 -0.201715 0.000000
v -49.302704 -0.118187 0.287117
v -49.226849 -0.181983 0.306831
v -49.366135 -0.063504 0.563200
v -49.294636 -0.123545 0.601871
v -49.469143 0.025298 0.817640
v -49.404716 -0.028646 0.873781
v -49.607769 0.144804 1.040659
v -49.552860 0.099066 1.112112
v -49.776684 0.290424 1.223685
v -49.733372 0.254684 1.307705
v -49.969395 0.456560 1.359686
v -49.939316 0.432227 1.453044
v -50.178501 0.636827 1.443435
v -50.162781 0.624873 1.542543
v -50.395966 0.824300 1.471714
v -50.395176 0.825217 1.572763
v -50.613430 1.011772 1.443435
v -50.627571 1.025562 1.542543
v -50.822536 1.192040 1.359686
v -50.851032 1.218207 1.453044
v -51.015251 1.358176 1.223685
v -51.056980 1.395750 1.307705
v -51.184162 1.503795 1.040659
v -51.237492 1.551368 1.112112
v -51.322788 1.623302 0.817640
v -51.385635 1.679080 0.873781
v -51.425797 1.712104 0.563200
v -51.495716 1.773979 0.601871
v -51.489227 1.766787 0.287117
v -51.563503 1.832417 0.306831
v -51.510647 1.785252 -0.000000
v -51.586391 1.852149 0.000000
v -51.489227 1.766787 -0.287117
v -51.563503 1.832417 -0.306831
v -51.425797 1.712104 -0.563200
v -51.495716 1.773979 -0.601871
v -51.322788 1.623302 -0.817640
v -51.385635 1.679080 -0.873781
v -51.184162 1.503795 -1.040659
v -51.237492 1.551368 -1.112112
v -51.015251 1.358176 -1.223685
v -51.056980 1.395750 -1.307705
v -50.822536 1.192040 -1.359686
v -50.851032 1.218207 -1.453044
v -50.613430 1.011772 -1.443435
v -50.627571 1.025562 -1.542543
v -50.377502 0.845716 1.473092
v -50.378292 0.844799 1.574142
v -50.595169 1.033364 1.444787
v -50.610893 1.045319 1.543895
v -50.804474 1.213801 1.360960
v -50.834553 1.238134 1.454318
v -50.997368 1.380093 1.224831
v -51.040676 1.415832 1.308851
v -51.166439 1.525848 1.041633
v -51.221348 1.571586 1.113086
v -51.305195 1.645467 0.818406
v -51.369621 1.699410 0.874546
v -51.408298 1.734352 0.563728
v -51.479797 1.794392 0.602398
v -51.471790 1.789086 0.287386
v -51.547646 1.852882 0.307100
v -51.493229 1.807568 -0.000000
v -51.570553 1.872631 0.000000
v -51.471790 1.789086 -0.287386
v -51.547646 1.852882 -0.307100
v -51.408298 1.734352 -0.563728
v -51.479797 1.794392 -0.602398
v -51.305195 1.645467 -0.818406
v -51.369621 1.699410 -0.874546
v -51.166439 1.525848 -1.041633
v -51.221348 1.571586 -1.113086
v -50.997368 1.380093 -1.224831
v -51.040676 1.415832 -1.308851
v -50.804474 1.213801 -1.360960
v -50.834553 1.238134 -1.454318
v -50.595169 1.033364 -1.444787
v -50.610893 1.045319 -1.543895
v -52.719501 -1.360373 -1.427120
v -52.724724 1.361603 -1.442296
v -52.440681 -1.360125 -1.399439
v -52.442879 1.361835 -1.414830
v -52.172699 -1.359878 -1.317922
v -52.171806 1.362061 -1.332901
v -51.925877 -1.359639 -1.185758
v -51.921963 1.362275 -1.199664
v -51.709686 -1.359419 -1.008096
v -51.702980 1.362468 -1.020262
v -51.532402 -1.359230 -0.791824
v -51.523277 1.362632 -0.801619
v -51.400761 -1.359083 -0.545284
v -51.389759 1.362757 -0.552160
v -51.319740 -1.358990 -0.277938
v -51.307549 1.362836 -0.281486
v -51.292393 -1.358958 0.000000
v -51.279793 1.362863 0.000000
v -51.319740 -1.358990 0.277938
v -51.307549 1.362836 0.281486
v -51.400761 -1.359083 0.545284
v -51.389759 1.362757 0.552160
v -51.532402 -1.359230 0.791824
v -51.523277 1.362632 0.801619
v -51.709686 -1.359419 1.008096
v -51.702980 1.362468 1.020262
v -51.925877 -1.359639 1.185758
v -51.921963 1.362275 1.199664
v -52.172699 -1.359878 1.317922
v -52.171806 1.362061 1.332901
v -52.440681 -1.360125 1.399439
v -52.442879 1.361835 1.414830
v -52.719501 -1.360373 1.427120
v -52.724724 1.361603 1.442296
v -52.998398 -1.360615 1.399865
v -53.006470 1.361373 1.414256
v -53.266602 -1.360844 1.318716
v -53.277252 1.361152 1.331826
v -53.513771 -1.361053 1.186811
v -53.526646 1.360945 1.198233
v -53.730373 -1.361238 1.009255
v -53.745079 1.360760 1.018677
v -53.908092 -1.361391 0.792912
v -53.924202 1.360606 0.800119
v -54.040112 -1.361506 0.546129
v -54.057205 1.360488 0.550989
v -54.121387 -1.361578 0.278400
v -54.139061 1.360414 0.280843
v -54.148827 -1.361602 0.000000
v -54.166691 1.360389 0.000000
v -54.121387 -1.361577 -0.278400
v -54.139061 1.360415 -0.280843
v -54.040112 -1.361506 -0.546129
v -54.057205 1.360488 -0.550989
v -53.908092 -1.361391 -0.792912
v -53.924202 1.360606 -0.800119
v -53.730373 -1.361238 -1.009255
v -53.745079 1.360760 -1.018677
v -53.513771 -1.361053 -1.186811
v -53.526646 1.360945 -1.198233
v -53.266602 -1.360844 -1.318716
v -53.277252 1.361152 -1.331826
v -52.998398 -1.360615 -1.399865
v -53.006470 1.361373 -1.414256
v -52.721882 -1.340412 -1.552916
v -52.419487 -1.341088 -1.523132
v -52.128662 -1.341745 -1.434907
v -51.860535 -1.342361 -1.291586
v -51.625404 -1.342916 -1.098613
v -51.432331 -1.343384 -0.863344
v -51.288788 -1.343741 -0.594783
v -51.200359 -1.343966 -0.303253
v -51.170490 -1.344043 -0.000000
v -51.200359 -1.343966 0.303253
v -51.288788 -1.343741 0.594783
v -51.432331 -1.343384 0.863344
v -51.625404 -1.342916 1.098613
v -51.860535 -1.342361 1.291586
v -52.128662 -1.341745 1.434907
v -52.419487 -1.341088 1.523132
v -52.721882 -1.340412 1.552916
v -53.024277 -1.339737 1.523132
v -53.315102 -1.339081 1.434907
v -53.583229 -1.338464 1.291586
v -53.818359 -1.337909 1.098613
v -54.011433 -1.337441 0.863344
v -54.154976 -1.337084 0.594783
v -54.243404 -1.336859 0.303253
v -54.273273 -1.336782 0.000000
v -54.243404 -1.336859 -0.303253
v -54.154976 -1.337084 -0.594783
v -54.011433 -1.337441 -0.863344
v -53.818359 -1.337909 -1.098613
v -53.583229 -1.338464 -1.291586
v -53.315102 -1.339081 -1.434907
v -53.024277 -1.339737 -1.523132
v -52.683659 -1.405986 -1.508922
v -52.762939 -1.405856 -1.508861
v -52.720501 -1.394969 -1.550354
v -52.468403 -1.406006 -1.487733
v -52.418610 -1.395419 -1.520429
v -52.390614 -1.406153 -1.472333
v -52.183590 -1.406175 -1.409547
v -52.128334 -1.395872 -1.432172
v -52.110245 -1.406332 -1.379252
v -51.860786 -1.396309 -1.288952
v -51.853291 -1.406515 -1.233185
v -51.919395 -1.406356 -1.277258
v -51.626228 -1.396710 -1.096232
v -51.629635 -1.406685 -1.039665
v -51.685951 -1.406538 -1.095872
v -51.433674 -1.397053 -0.861374
v -51.447922 -1.406831 -0.806061
v -51.492249 -1.406707 -0.872280
v -51.290550 -1.397316 -0.593371
v -51.315216 -1.406939 -0.541316
v -51.345798 -1.406848 -0.615019
v -51.252308 -1.406950 -0.333961
v -51.202396 -1.397483 -0.302515
v -51.236702 -1.406998 -0.255628
v -51.215454 -1.407002 -0.039949
v -51.172623 -1.397539 -0.000000
v -51.215458 -1.407002 0.039949
v -51.236702 -1.406998 0.255629
v -51.202396 -1.397483 0.302515
v -51.252308 -1.406950 0.333960
v -51.315216 -1.406939 0.541316
v -51.290550 -1.397316 0.593371
v -51.345798 -1.406848 0.615019
v -51.447922 -1.406831 0.806061
v -51.433674 -1.397053 0.861374
v -51.492249 -1.406707 0.872280
v -51.626228 -1.396710 1.096232
v -51.685951 -1.406538 1.095872
v -51.629635 -1.406685 1.039665
v -51.860786 -1.396309 1.288952
v -51.919395 -1.406356 1.277258
v -51.853291 -1.406515 1.233185
v -52.128334 -1.395872 1.432172
v -52.183590 -1.406175 1.409547
v -52.110241 -1.406332 1.379251
v -52.418610 -1.395419 1.520429
v -52.468403 -1.406006 1.487733
v -52.390614 -1.406153 1.472333
v -52.683659 -1.405985 1.508922
v -52.720501 -1.394969 1.550354
v -52.762939 -1.405856 1.508861
v -52.978180 -1.405839 1.487652
v -53.022457 -1.394537 1.520796
v -53.055946 -1.405734 1.472134
v -53.262924 -1.405720 1.409341
v -53.312916 -1.394137 1.432859
v -53.336231 -1.405640 1.378938
v -53.527008 -1.405629 1.276959
v -53.580750 -1.393780 1.289864
v -53.593056 -1.405574 1.232797
v -53.760311 -1.405566 1.095531
v -53.815655 -1.393474 1.097238
v -53.816566 -1.405532 1.039256
v -54.008568 -1.393228 0.862321
v -53.998131 -1.405508 0.805687
v -53.953865 -1.405526 0.871953
v -54.152008 -1.393048 0.594108
v -54.130718 -1.405499 0.541032
v -54.100182 -1.405505 0.614761
v -54.240379 -1.392938 0.302918
v -54.209156 -1.405495 0.255474
v -54.193573 -1.405497 0.333821
v -54.270229 -1.392900 0.000000
v -54.230385 -1.405495 -0.039954
v -54.230385 -1.405495 0.039954
v -54.209156 -1.405495 -0.255474
v -54.240379 -1.392938 -0.302918
v -54.193573 -1.405497 -0.333821
v -54.130718 -1.405499 -0.541032
v -54.152008 -1.393048 -0.594108
v -54.100182 -1.405506 -0.614761
v -53.998131 -1.405509 -0.805687
v -54.008568 -1.393228 -0.862321
v -53.953865 -1.405526 -0.871953
v -53.816566 -1.405532 -1.039256
v -53.815655 -1.393474 -1.097238
v -53.760311 -1.405566 -1.095531
v -53.580750 -1.393780 -1.289864
v -53.527008 -1.405629 -1.276959
v -53.593056 -1.405574 -1.232797
v -53.312916 -1.394137 -1.432859
v -53.262924 -1.405720 -1.409341
v -53.336227 -1.405640 -1.378938
v -53.022457 -1.394537 -1.520796
v -52.978180 -1.405839 -1.487652
v -53.055946 -1.405734 -1.472134
v -52.687153 -1.406020 -1.455146
v -52.720341 -1.394939 -1.421168
v -52.759232 -1.406147 -1.455099
v -52.474064 -1.406000 -1.434165
v -52.403381 -1.405897 -1.420143
v -52.442577 -1.394481 -1.393583
v -52.198490 -1.405883 -1.357994
v -52.131962 -1.405806 -1.330466
v -52.175610 -1.394061 -1.312382
v -51.943161 -1.405796 -1.229552
v -51.883362 -1.405744 -1.189616
v -51.929729 -1.393690 -1.180746
v -51.717915 -1.405739 -1.053839
v -51.667137 -1.405708 -1.003076
v -51.714378 -1.393376 -1.003807
v -51.531399 -1.405706 -0.837678
v -51.491573 -1.405691 -0.778082
v -51.537788 -1.393125 -0.788432
v -51.390739 -1.405691 -0.589434
v -51.363346 -1.405686 -0.523309
v -51.406673 -1.392944 -0.542935
v -51.301266 -1.405687 -0.318661
v -51.287315 -1.405685 -0.248535
v -51.325981 -1.392833 -0.276735
v -51.266357 -1.405686 -0.035737
v -51.266357 -1.405686 0.035737
v -51.298744 -1.392796 0.000000
v -51.287315 -1.405685 0.248535
v -51.301266 -1.405686 0.318661
v -51.325981 -1.392833 0.276735
v -51.363346 -1.405686 0.523309
v -51.390739 -1.405691 0.589434
v -51.406673 -1.392944 0.542935
v -51.491573 -1.405691 0.778082
v -51.531399 -1.405705 0.837678
v -51.537788 -1.393125 0.788432
v -51.667137 -1.405708 1.003077
v -51.717915 -1.405739 1.053839
v -51.714378 -1.393376 1.003807
v -51.883362 -1.405744 1.189615
v -51.943161 -1.405796 1.229552
v -51.929729 -1.393690 1.180746
v -52.131962 -1.405806 1.330466
v -52.198490 -1.405883 1.357994
v -52.175610 -1.394061 1.312382
v -52.403381 -1.405897 1.420143
v -52.474064 -1.406000 1.434165
v -52.442577 -1.394481 1.393583
v -52.687153 -1.406020 1.455146
v -52.759232 -1.406147 1.455099
v -52.720341 -1.394939 1.421168
v -52.972305 -1.406171 1.434105
v -53.042973 -1.406316 1.419992
v -52.998180 -1.395421 1.394040
v -53.247822 -1.406345 1.357842
v -53.314323 -1.406500 1.330230
v -53.265369 -1.395910 1.313239
v -53.503059 -1.406532 1.229336
v -53.562824 -1.406687 1.189326
v -53.511597 -1.396386 1.181889
v -53.728195 -1.406719 1.053596
v -53.778934 -1.406865 1.002773
v -53.727379 -1.396827 1.005076
v -53.914597 -1.406895 0.837453
v -53.954391 -1.407018 0.777806
v -53.904423 -1.397206 0.789635
v -54.055161 -1.407042 0.589264
v -54.082527 -1.407130 0.523096
v -54.035942 -1.397500 0.543876
v -54.144562 -1.407147 0.318578
v -54.158501 -1.407193 0.248413
v -54.116917 -1.397686 0.277253
v -54.179443 -1.407198 0.035755
v -54.179443 -1.407198 -0.035755
v -54.144253 -1.397750 0.000000
v -54.158501 -1.407193 -0.248413
v -54.144562 -1.407147 -0.318578
v -54.116917 -1.397686 -0.277253
v -54.082527 -1.407130 -0.523096
v -54.055161 -1.407041 -0.589263
v -54.035942 -1.397500 -0.543876
v -53.954391 -1.407018 -0.777805
v -53.914597 -1.406895 -0.837453
v -53.904423 -1.397206 -0.789635
v -53.778934 -1.406865 -1.002774
v -53.728195 -1.406720 -1.053597
v -53.727379 -1.396827 -1.005076
v -53.562824 -1.406687 -1.189326
v -53.503059 -1.406532 -1.229336
v -53.511597 -1.396386 -1.181889
v -53.314323 -1.406500 -1.330230
v -53.247818 -1.406345 -1.357842
v -53.265369 -1.395910 -1.313239
v -53.042969 -1.406316 -1.419992
v -52.972305 -1.406171 -1.434105
v -52.998180 -1.395421 -1.394040
v -52.428699 1.369487 -1.492530
v -52.725582 1.369487 -1.521770
v -52.143223 1.369487 -1.405932
v -51.880131 1.369487 -1.265306
v -51.649529 1.369487 -1.076054
v -51.460274 1.369487 -0.845450
v -51.319649 1.369487 -0.582356
v -51.233051 1.369487 -0.296883
v -51.203812 1.369487 0.000000
v -51.233051 1.369487 0.296883
v -51.319649 1.369487 0.582356
v -51.460274 1.369487 0.845450
v -51.649525 1.369487 1.076054
v -51.880131 1.369487 1.265306
v -52.143223 1.369487 1.405932
v -52.428699 1.369487 1.492530
v -52.725582 1.369487 1.521770
v -53.022465 1.369487 1.492530
v -53.307938 1.369487 1.405932
v -53.571030 1.369487 1.265306
v -53.801636 1.369487 1.076054
v -53.990887 1.369487 0.845450
v -54.131512 1.369487 0.582356
v -54.218109 1.369487 0.296883
v -54.247349 1.369487 0.000000
v -54.218109 1.369487 -0.296883
v -54.131512 1.369487 -0.582356
v -53.990887 1.369487 -0.845450
v -53.801636 1.369487 -1.076054
v -53.571030 1.369487 -1.265306
v -53.307938 1.369487 -1.405932
v -53.022465 1.369487 -1.492530
v -52.442665 1.316606 -1.413454
v -52.724262 1.316364 -1.440975
v -52.171860 1.316834 -1.331517
v -51.922298 1.317044 -1.198331
v -51.703590 1.317229 -1.019052
v -51.524151 1.317382 -0.800610
v -51.390854 1.317497 -0.551431
v -51.308788 1.317568 -0.281103
v -51.281082 1.317592 0.000000
v -51.308788 1.317568 0.281103
v -51.390854 1.317497 0.551431
v -51.524151 1.317382 0.800610
v -51.703590 1.317229 1.019052
v -51.922298 1.317044 1.198331
v -52.171860 1.316834 1.331517
v -52.442665 1.316606 1.413454
v -52.724262 1.316364 1.440975
v -53.005783 1.316116 1.413028
v -53.276367 1.315868 1.330722
v -53.525585 1.315629 1.197279
v -53.743874 1.315410 1.017894
v -53.922882 1.315221 0.799522
v -54.055805 1.315074 0.550586
v -54.137611 1.314981 0.280641
v -54.165230 1.314949 0.000000
v -54.137611 1.314981 -0.280641
v -54.055805 1.315074 -0.550586
v -53.922882 1.315221 -0.799522
v -53.743874 1.315410 -1.017894
v -53.525585 1.315629 -1.197279
v -53.276367 1.315868 -1.330722
v -53.005783 1.316116 -1.413028
v -52.463821 1.317826 -1.309540
v -52.724728 1.317594 -1.334942
v -52.212891 1.318052 -1.233719
v -51.981606 1.318266 -1.110402
v -51.778889 1.318459 -0.944351
v -51.612537 1.318622 -0.741976
v -51.488941 1.318748 -0.511077
v -51.412842 1.318826 -0.260542
v -51.387146 1.318853 0.000000
v -51.412842 1.318826 0.260542
v -51.488941 1.318748 0.511077
v -51.612537 1.318622 0.741976
v -51.778889 1.318459 0.944351
v -51.981606 1.318266 1.110402
v -52.212891 1.318052 1.233719
v -52.463821 1.317826 1.309540
v -52.724728 1.317594 1.334942
v -52.985527 1.317364 1.308965
v -53.236172 1.317143 1.232644
v -53.467003 1.316936 1.108971
v -53.669167 1.316751 0.942766
v -53.834938 1.316596 0.740477
v -53.958023 1.316479 0.509906
v -54.033768 1.316405 0.259899
v -54.059338 1.316380 0.000000
v -54.033768 1.316405 -0.259899
v -53.958023 1.316479 -0.509906
v -53.834938 1.316596 -0.740477
v -53.669167 1.316751 -0.942766
v -53.467003 1.316936 -1.108971
v -53.236172 1.317143 -1.232644
v -52.985527 1.317364 -1.308965
v -52.458237 1.141114 -1.308966
v -52.719040 1.140885 -1.334942
v -52.207592 1.141336 -1.232644
v -51.976761 1.141543 -1.108971
v -51.774597 1.141728 -0.942767
v -51.608826 1.141883 -0.740477
v -51.485741 1.142001 -0.509906
v -51.409996 1.142074 -0.259899
v -51.384426 1.142099 0.000000
v -51.409996 1.142074 0.259899
v -51.485741 1.142001 0.509906
v -51.608826 1.141883 0.740477
v -51.774597 1.141728 0.942767
v -51.976761 1.141543 1.108971
v -52.207592 1.141336 1.232644
v -52.458237 1.141114 1.308966
v -52.719040 1.140885 1.334942
v -52.979942 1.140654 1.309539
v -53.230873 1.140427 1.233719
v -53.462158 1.140213 1.110403
v -53.664875 1.140021 0.944351
v -53.831226 1.139857 0.741975
v -53.954823 1.139732 0.511077
v -54.030922 1.139653 0.260542
v -54.056618 1.139626 0.000000
v -54.030922 1.139653 -0.260542
v -53.954823 1.139732 -0.511077
v -53.831226 1.139857 -0.741975
v -53.664875 1.140021 -0.944351
v -53.462158 1.140213 -1.110403
v -53.230873 1.140427 -1.233719
v -52.979942 1.140654 -1.309539
v -52.458572 1.142363 -1.309500
v -52.719501 1.142115 -1.335418
v -52.207790 1.142611 -1.233201
v -51.976822 1.142850 -1.109511
v -51.774529 1.143070 -0.943254
v -51.608650 1.143259 -0.740877
v -51.485481 1.143406 -0.510191
v -51.409679 1.143499 -0.260048
v -51.384094 1.143530 0.000000
v -51.409679 1.143499 0.260048
v -51.485481 1.143405 0.510191
v -51.608650 1.143259 0.740877
v -51.774529 1.143070 0.943254
v -51.976822 1.142850 1.109511
v -52.207790 1.142611 1.233201
v -52.458572 1.142363 1.309500
v -52.719501 1.142115 1.335418
v -52.980507 1.141874 1.309925
v -53.231510 1.141644 1.233996
v -53.462822 1.141435 1.110564
v -53.665531 1.141251 0.944411
v -53.831844 1.141098 0.741964
v -53.955387 1.140983 0.511036
v -54.031448 1.140912 0.260509
v -54.057125 1.140887 0.000000
v -54.031448 1.140912 -0.260509
v -53.955387 1.140983 -0.511036
v -53.831844 1.141098 -0.741964
v -53.665531 1.141251 -0.944411
v -53.462822 1.141435 -1.110564
v -53.231510 1.141644 -1.233996
v -52.980507 1.141874 -1.309925
v -52.463257 -0.950587 -1.309926
v -52.724262 -0.950829 -1.335418
v -52.212254 -0.950358 -1.233995
v -51.980942 -0.950148 -1.110564
v -51.778233 -0.949964 -0.944412
v -51.611919 -0.949811 -0.741965
v -51.488373 -0.949696 -0.511036
v -51.412315 -0.949624 -0.260509
v -51.386639 -0.949600 0.000000
v -51.412315 -0.949624 0.260509
v -51.488373 -0.949696 0.511036
v -51.611919 -0.949811 0.741965
v -51.778233 -0.949964 0.944412
v -51.980942 -0.950148 1.110564
v -52.212254 -0.950358 1.233995
v -52.463257 -0.950587 1.309926
v -52.724262 -0.950829 1.335418
v -52.985191 -0.951077 1.309500
v -53.235970 -0.951325 1.233201
v -53.466942 -0.951564 1.109511
v -53.669235 -0.951783 0.943254
v -53.835114 -0.951972 0.740877
v -53.958282 -0.952118 0.510191
v -54.034084 -0.952212 0.260048
v -54.059669 -0.952244 0.000000
v -54.034084 -0.952212 -0.260048
v -53.958282 -0.952118 -0.510191
v -53.835114 -0.951972 -0.740877
v -53.669235 -0.951783 -0.943254
v -53.466942 -0.951564 -1.109511
v -53.235970 -0.951325 -1.233201
v -52.985191 -0.951077 -1.309500
v -52.721882 -0.000000 -1.552916
v -52.419487 -0.000675 -1.523132
v -52.128662 -0.001332 -1.434907
v -51.860535 -0.001949 -1.291586
v -51.625404 -0.002503 -1.098613
v -51.432331 -0.002972 -0.863344
v -51.288788 -0.003329 -0.594783
v -51.200359 -0.003554 -0.303253
v -51.170490 -0.003631 -0.000000
v -51.200359 -0.003554 0.303253
v -51.288788 -0.003329 0.594783
v -51.432331 -0.002972 0.863344
v -51.625404 -0.002503 1.098613
v -51.860535 -0.001949 1.291586
v -52.128662 -0.001332 1.434907
v -52.419487 -0.000675 1.523132
v -52.721882 -0.000000 1.552916
v -53.024277 0.000675 1.523132
v -53.315102 0.001331 1.434907
v -53.583229 0.001948 1.291586
v -53.818359 0.002503 1.098613
v -54.011433 0.002971 0.863344
v -54.154976 0.003329 0.594783
v -54.243404 0.003553 0.303253
v -54.273273 0.003631 -0.000000
v -54.243404 0.003553 -0.303253
v -54.154976 0.003329 -0.594783
v -54.011433 0.002971 -0.863344
v -53.818359 0.002503 -1.098613
v -53.583229 0.001948 -1.291586
v -53.315102 0.001331 -1.434907
v -53.024277 0.000675 -1.523132
v -52.719040 1.266564 -1.543095
v -52.418465 1.266332 -1.513197
v -52.129498 1.266106 -1.425241
v -51.863205 1.265892 -1.282598
v -51.629795 1.265699 -1.090728
v -51.438225 1.265535 -0.856976
v -51.295860 1.265410 -0.590300
v -51.208187 1.265331 -0.300935
v -51.178581 1.265304 -0.000000
v -51.208187 1.265331 0.300935
v -51.295860 1.265410 0.590300
v -51.438225 1.265535 0.856976
v -51.629795 1.265699 1.090728
v -51.863205 1.265892 1.282598
v -52.129498 1.266106 1.425241
v -52.418465 1.266332 1.513197
v -52.719040 1.266564 1.543095
v -53.019714 1.266793 1.513771
v -53.308971 1.267015 1.426315
v -53.575710 1.267222 1.284029
v -53.809673 1.267406 1.092313
v -54.001823 1.267561 0.858475
v -54.144699 1.267679 0.591471
v -54.232731 1.267752 0.301578
v -54.262463 1.267778 -0.000000
v -54.232731 1.267752 -0.301578
v -54.144699 1.267679 -0.591471
v -54.001823 1.267561 -0.858475
v -53.809673 1.267406 -1.092313
v -53.575710 1.267222 -1.284029
v -53.308971 1.267015 -1.426315
v -53.019714 1.266793 -1.513771
v -52.418751 1.360125 -1.538193
v -52.724262 1.360373 -1.568064
v -52.719501 1.267794 -1.568064
v -52.124855 1.359877 -1.449267
v -51.853855 1.359638 -1.304646
v -51.616161 1.359419 -1.109818
v -51.420959 1.359230 -0.872211
v -51.275818 1.359083 -0.600923
v -51.186394 1.358990 -0.306393
v -51.156189 1.358958 0.000000
v -51.186394 1.358990 0.306393
v -51.275818 1.359083 0.600923
v -51.420959 1.359230 0.872211
v -51.616161 1.359419 1.109818
v -51.853855 1.359638 1.304646
v -52.124855 1.359877 1.449267
v -52.418751 1.360125 1.538193
v -52.724262 1.360373 1.568064
v -53.029697 1.360615 1.537766
v -53.323368 1.360844 1.448472
v -53.594028 1.361053 1.303593
v -53.831303 1.361238 1.108660
v -54.026077 1.361391 0.871123
v -54.170841 1.361506 0.600078
v -54.260006 1.361577 0.305932
v -54.290119 1.361602 0.000000
v -54.260006 1.361577 -0.305932
v -54.170841 1.361506 -0.600078
v -54.026077 1.361391 -0.871123
v -53.831303 1.361238 -1.108660
v -53.594028 1.361053 -1.303593
v -53.323368 1.360844 -1.448472
v -53.029697 1.360615 -1.537766
v -52.414066 1.267552 -1.537766
v -52.120396 1.267323 -1.448472
v -51.849735 1.267113 -1.303593
v -51.612461 1.266929 -1.108660
v -51.417686 1.266776 -0.871123
v -51.272923 1.266661 -0.600078
v -51.183758 1.266589 -0.305932
v -51.153645 1.266565 -0.000000
v -51.183758 1.266589 0.305932
v -51.272923 1.266661 0.600078
v -51.417686 1.266776 0.871123
v -51.612461 1.266929 1.108660
v -51.849735 1.267113 1.303593
v -52.120396 1.267323 1.448472
v -52.414066 1.267552 1.537766
v -52.719501 1.267794 1.568064
v -53.025013 1.268042 1.538193
v -53.318909 1.268290 1.449267
v -53.589912 1.268528 1.304646
v -53.827602 1.268748 1.109818
v -54.022804 1.268937 0.872211
v -54.167946 1.269084 0.600923
v -54.257370 1.269177 0.306393
v -54.287575 1.269209 0.000000
v -54.257370 1.269177 -0.306393
v -54.167946 1.269084 -0.600923
v -54.022804 1.268937 -0.872211
v -53.827602 1.268748 -1.109818
v -53.589912 1.268528 -1.304646
v -53.318909 1.268290 -1.449267
v -53.025013 1.268042 -1.538193
v -52.722103 -1.043538 -1.568133
v -52.416733 -1.044214 -1.538099
v -52.123032 -1.044873 -1.449046
v -51.852242 -1.045494 -1.304346
v -51.614765 -1.046053 -1.109494
v -51.419758 -1.046527 -0.871914
v -51.274769 -1.046889 -0.600698
v -51.185444 -1.047118 -0.306273
v -51.155273 -1.047195 -0.000000
v -51.185444 -1.047118 0.306273
v -51.274769 -1.046889 0.600698
v -51.419758 -1.046527 0.871914
v -51.614765 -1.046053 1.109494
v -51.852242 -1.045494 1.304346
v -52.123032 -1.044873 1.449046
v -52.416733 -1.044214 1.538099
v -52.722103 -1.043538 1.568133
v -53.027458 -1.042863 1.538014
v -53.321121 -1.042210 1.448886
v -53.591846 -1.041597 1.304130
v -53.829243 -1.041047 1.109251
v -54.024162 -1.040584 0.871681
v -54.169071 -1.040231 0.600513
v -54.258343 -1.040010 0.306170
v -54.288490 -1.039934 -0.000000
v -54.258343 -1.040010 -0.306170
v -54.169071 -1.040231 -0.600513
v -54.024162 -1.040584 -0.871681
v -53.829243 -1.041047 -1.109251
v -53.591846 -1.041597 -1.304130
v -53.321121 -1.042210 -1.448886
v -53.027458 -1.042863 -1.538014
v -52.416306 1.042861 -1.538014
v -52.721661 1.043535 -1.568133
v -52.122643 1.042207 -1.448886
v -51.851917 1.041594 -1.304130
v -51.614521 1.041044 -1.109251
v -51.419601 1.040581 -0.871681
v -51.274693 1.040229 -0.600513
v -51.185421 1.040007 -0.306170
v -51.155273 1.039932 -0.000000
v -51.185421 1.040007 0.306170
v -51.274693 1.040229 0.600513
v -51.419601 1.040581 0.871681
v -51.614521 1.041044 1.109251
v -51.851917 1.041594 1.304130
v -52.122643 1.042207 1.448886
v -52.416306 1.042861 1.538014
v -52.721661 1.043535 1.568133
v -53.027031 1.044212 1.538099
v -53.320732 1.044870 1.449046
v -53.591522 1.045491 1.304346
v -53.828999 1.046050 1.109494
v -54.024006 1.046524 0.871914
v -54.168995 1.046887 0.600698
v -54.258320 1.047115 0.306273
v -54.288490 1.047193 -0.000000
v -54.258320 1.047115 -0.306273
v -54.168995 1.046887 -0.600698
v -54.024006 1.046524 -0.871914
v -53.828999 1.046050 -1.109494
v -53.591522 1.045491 -1.304346
v -53.320732 1.044870 -1.449046
v -53.027031 1.044212 -1.538099
v -52.460636 0.675951 -1.331969
v -52.725578 0.675951 -1.358064
v -52.205872 0.675951 -1.254688
v -51.971081 0.675951 -1.129189
v -51.765285 0.675951 -0.960296
v -51.596390 0.675951 -0.754500
v -51.470894 0.675951 -0.519709
v -51.393612 0.675951 -0.264945
v -51.367516 0.675951 -0.000000
v -51.393612 0.675951 0.264945
v -51.470894 0.675951 0.519709
v -51.596390 0.675951 0.754500
v -51.765285 0.675951 0.960296
v -51.971081 0.675951 1.129189
v -52.205872 0.675951 1.254688
v -52.460636 0.675951 1.331969
v -52.725578 0.675951 1.358064
v -52.990524 0.675951 1.331969
v -53.245289 0.675951 1.254688
v -53.480080 0.675951 1.129189
v -53.685875 0.675951 0.960296
v -53.854771 0.675951 0.754500
v -53.980267 0.675951 0.519709
v -54.057549 0.675951 0.264945
v -54.083645 0.675951 -0.000000
v -54.057549 0.675951 -0.264945
v -53.980267 0.675951 -0.519709
v -53.854771 0.675951 -0.754500
v -53.685875 0.675951 -0.960296
v -53.480080 0.675951 -1.129189
v -53.245289 0.675951 -1.254688
v -52.990524 0.675951 -1.331969
v -50.172020 0.606403 -1.567987
v -50.408249 0.810052 -1.598706
v -49.944870 0.410580 -1.477011
v -49.735527 0.230108 -1.329275
v -49.552040 0.071924 -1.130456
v -49.401451 -0.057895 -0.888193
v -49.289555 -0.154359 -0.611798
v -49.220650 -0.213761 -0.311892
v -49.197384 -0.233819 0.000000
v -49.220650 -0.213761 0.311892
v -49.289555 -0.154359 0.611798
v -49.401451 -0.057895 0.888193
v -49.552040 0.071924 1.130456
v -49.735527 0.230108 1.329275
v -49.944870 0.410580 1.477011
v -50.172020 0.606403 1.567987
v -50.408249 0.810052 1.598706
v -50.644478 1.013701 1.567987
v -50.871628 1.209524 1.477011
v -51.080971 1.389996 1.329275
v -51.264458 1.548180 1.130456
v -51.415047 1.677999 0.888193
v -51.526943 1.774463 0.611798
v -51.595848 1.833865 0.311892
v -51.619114 1.853923 0.000000
v -51.595848 1.833865 -0.311892
v -51.526943 1.774463 -0.611798
v -51.415047 1.677999 -0.888193
v -51.264458 1.548180 -1.130456
v -51.080971 1.389996 -1.329275
v -50.871628 1.209524 -1.477011
v -50.644478 1.013701 -1.567987
v -50.161327 0.632919 1.521660
v -50.169765 0.640191 1.465670
v -49.940891 0.442881 1.433373
v -49.957436 0.457146 1.380631
v -49.737732 0.267742 1.290001
v -49.761753 0.288451 1.242535
v -49.559662 0.114231 1.097056
v -49.590237 0.140588 1.056689
v -49.413525 -0.011752 0.861951
v -49.449478 0.019241 0.830236
v -49.304935 -0.105366 0.593722
v -49.344883 -0.070929 0.571876
v -49.238068 -0.163013 0.302677
v -49.280476 -0.126455 0.291540
v -49.215488 -0.182479 0.000000
v -49.258724 -0.145204 0.000000
v -49.238068 -0.163013 -0.302677
v -49.280476 -0.126455 -0.291540
v -49.304935 -0.105366 -0.593722
v -49.344883 -0.070929 -0.571876
v -49.413525 -0.011752 -0.861951
v -49.449478 0.019241 -0.830236
v -49.559662 0.114231 -1.097056
v -49.590237 0.140588 -1.056689
v -49.737732 0.267742 -1.290001
v -49.761753 0.288451 -1.242535
v -49.940891 0.442881 -1.433373
v -49.957436 0.457146 -1.380631
v -50.390575 0.830551 -1.494384
v -50.390575 0.830551 -1.551471
v -50.161327 0.632919 -1.521660
v -50.169765 0.640191 -1.465670
v -50.232517 0.536227 -1.567987
v -50.468746 0.739876 -1.598706
v -50.005367 0.340403 -1.477011
v -49.796028 0.159932 -1.329275
v -49.612537 0.001747 -1.130456
v -49.461948 -0.128071 -0.888193
v -49.350056 -0.224535 -0.611798
v -49.281151 -0.283938 -0.311892
v -49.257881 -0.303995 0.000000
v -49.281151 -0.283938 0.311892
v -49.350056 -0.224535 0.611798
v -49.461948 -0.128071 0.888193
v -49.612537 0.001747 1.130456
v -49.796028 0.159932 1.329275
v -50.005367 0.340403 1.477011
v -50.232517 0.536227 1.567987
v -50.468746 0.739876 1.598706
v -50.704975 0.943525 1.567987
v -50.932125 1.139348 1.477011
v -51.141468 1.319819 1.329275
v -51.324959 1.478004 1.130456
v -51.475544 1.607823 0.888193
v -51.587440 1.704287 0.611798
v -51.656345 1.763689 0.311892
v -51.679611 1.783747 0.000000
v -51.656345 1.763689 -0.311892
v -51.587440 1.704287 -0.611798
v -51.475544 1.607823 -0.888193
v -51.324959 1.478004 -1.130456
v -51.141468 1.319819 -1.329275
v -50.932125 1.139348 -1.477011
v -50.704975 0.943525 -1.567987
v -50.187435 0.619692 -1.465670
v -50.179001 0.612420 -1.521660
v -50.408249 0.810052 -1.551471
v -50.408249 0.810052 -1.494384
v -49.975109 0.436647 -1.380631
v -49.958561 0.422382 -1.433373
v -49.779427 0.267952 -1.242535
v -49.755405 0.247243 -1.290001
v -49.607910 0.120089 -1.056689
v -49.577335 0.093732 -1.097056
v -49.467148 -0.001258 -0.830236
v -49.431198 -0.032251 -0.861951
v -49.362556 -0.091428 -0.571876
v -49.322609 -0.125865 -0.593722
v -49.298145 -0.146954 -0.291540
v -49.255737 -0.183513 -0.302677
v -49.276398 -0.165703 0.000000
v -49.233158 -0.202978 0.000000
v -49.298145 -0.146954 0.291540
v -49.255737 -0.183513 0.302677
v -49.362556 -0.091428 0.571876
v -49.322609 -0.125865 0.593722
v -49.467148 -0.001258 0.830236
v -49.431198 -0.032251 0.861951
v -49.607910 0.120089 1.056689
v -49.577335 0.093732 1.097056
v -49.779427 0.267952 1.242535
v -49.755405 0.247243 1.290001
v -49.975109 0.436647 1.380631
v -49.958561 0.422382 1.433373
v -50.187435 0.619692 1.465670
v -50.179001 0.612420 1.521660
v -50.408249 0.810052 1.494384
v -50.408249 0.810052 1.551471
v -50.629063 1.000412 1.465670
v -50.637497 1.007684 1.521660
v -50.841389 1.183457 1.380631
v -50.857937 1.197722 1.433373
v -51.037071 1.352152 1.242535
v -51.061092 1.372861 1.290001
v -51.208588 1.500015 1.056689
v -51.239162 1.526372 1.097056
v -51.349350 1.621362 0.830236
v -51.385300 1.652355 0.861951
v -51.453941 1.711532 0.571876
v -51.493889 1.745969 0.593722
v -51.518353 1.767058 0.291540
v -51.560760 1.803616 0.302677
v -51.540100 1.785807 0.000000
v -51.583340 1.823081 0.000000
v -51.518353 1.767058 -0.291540
v -51.560760 1.803616 -0.302677
v -51.453941 1.711532 -0.571876
v -51.493889 1.745969 -0.593722
v -51.349350 1.621362 -0.830236
v -51.385300 1.652355 -0.861951
v -51.208588 1.500015 -1.056689
v -51.239162 1.526372 -1.097056
v -51.037071 1.352152 -1.242535
v -51.061092 1.372861 -1.290001
v -50.841389 1.183457 -1.380631
v -50.857937 1.197722 -1.433373
v -50.629063 1.000412 -1.465670
v -50.637497 1.007684 -1.521660
v -50.390575 0.830551 1.494384
v -50.390575 0.830551 1.551471
v -50.611389 1.020911 1.465670
v -50.619827 1.028183 1.521660
v -50.823719 1.203956 1.380631
v -50.840263 1.218221 1.433373
v -51.019402 1.372651 1.242535
v -51.043423 1.393360 1.290001
v -51.190918 1.520514 1.056689
v -51.221489 1.546871 1.097056
v -51.331676 1.641861 0.830236
v -51.367626 1.672854 0.861951
v -51.436272 1.732031 0.571876
v -51.476219 1.766468 0.593722
v -51.500679 1.787557 0.291540
v -51.543087 1.824116 0.302677
v -51.522427 1.806306 0.000000
v -51.565666 1.843581 0.000000
v -51.500679 1.787557 -0.291540
v -51.543087 1.824116 -0.302677
v -51.436272 1.732031 -0.571876
v -51.476219 1.766468 -0.593722
v -51.331676 1.641861 -0.830236
v -51.367626 1.672854 -0.861951
v -51.190918 1.520514 -1.056689
v -51.221489 1.546871 -1.097056
v -51.019402 1.372651 -1.242535
v -51.043423 1.393360 -1.290001
v -50.823719 1.203956 -1.380631
v -50.840263 1.218221 -1.433373
v -50.611389 1.020911 -1.465670
v -50.619827 1.028183 -1.521660
v -52.721882 -1.340412 -1.449766
v -52.721882 1.340412 -1.463621
v -52.439045 -1.340413 -1.421909
v -52.436344 1.340412 -1.435498
v -52.167080 -1.340413 -1.339409
v -52.161777 1.340412 -1.352209
v -51.916435 -1.340413 -1.205436
v -51.908737 1.340412 -1.216956
v -51.696743 -1.340413 -1.025139
v -51.686947 1.340412 -1.034936
v -51.516445 -1.340413 -0.805447
v -51.504925 1.340412 -0.813144
v -51.382473 -1.340413 -0.554801
v -51.369671 1.340412 -0.560103
v -51.299973 -1.340413 -0.282835
v -51.286385 1.340412 -0.285538
v -51.272118 -1.340413 0.000000
v -51.258263 1.340412 0.000000
v -51.299973 -1.340413 0.282835
v -51.286385 1.340412 0.285538
v -51.382473 -1.340413 0.554801
v -51.369671 1.340412 0.560103
v -51.516445 -1.340413 0.805447
v -51.504925 1.340412 0.813144
v -51.696743 -1.340413 1.025139
v -51.686947 1.340412 1.034936
v -51.916435 -1.340413 1.205436
v -51.908737 1.340412 1.216956
v -52.167080 -1.340413 1.339409
v -52.161777 1.340412 1.352209
v -52.439045 -1.340413 1.421909
v -52.436344 1.340412 1.435498
v -52.721882 -1.340412 1.449766
v -52.721882 1.340412 1.463621
v -53.004719 -1.340412 1.421909
v -53.007420 1.340412 1.435498
v -53.276684 -1.340413 1.339409
v -53.281986 1.340412 1.352209
v -53.527328 -1.340413 1.205436
v -53.535027 1.340412 1.216956
v -53.747021 -1.340412 1.025139
v -53.756817 1.340412 1.034936
v -53.927319 -1.340413 0.805447
v -53.938839 1.340412 0.813144
v -54.061291 -1.340413 0.554801
v -54.074093 1.340412 0.560103
v -54.143791 -1.340413 0.282835
v -54.157379 1.340412 0.285538
v -54.171646 -1.340413 0.000000
v -54.185501 1.340412 0.000000
v -54.143791 -1.340413 -0.282835
v -54.157379 1.340412 -0.285538
v -54.061291 -1.340413 -0.554801
v -54.074093 1.340412 -0.560103
v -53.927319 -1.340413 -0.805447
v -53.938839 1.340412 -0.813144
v -53.747021 -1.340412 -1.025139
v -53.756817 1.340412 -1.034936
v -53.527328 -1.340413 -1.205436
v -53.535027 1.340412 -1.216956
v -53.276684 -1.340413 -1.339409
v -53.281986 1.340412 -1.352209
v -53.004719 -1.340412 -1.421909
v -53.007420 1.340412 -1.435498
v -52.721882 -1.340412 -1.521770
v -52.424999 -1.340413 -1.492530
v -52.139526 -1.340413 -1.405932
v -51.876431 -1.340413 -1.265306
v -51.645828 -1.340413 -1.076054
v -51.456577 -1.340413 -0.845450
v -51.315948 -1.340413 -0.582356
v -51.229351 -1.340413 -0.296883
v -51.200111 -1.340413 0.000000
v -51.229351 -1.340413 0.296883
v -51.315948 -1.340413 0.582356
v -51.456577 -1.340413 0.845450
v -51.645828 -1.340413 1.076054
v -51.876431 -1.340413 1.265306
v -52.139526 -1.340413 1.405932
v -52.424999 -1.340413 1.492530
v -52.721882 -1.340412 1.521770
v -53.018764 -1.340412 1.492530
v -53.304237 -1.340413 1.405932
v -53.567333 -1.340413 1.265306
v -53.797935 -1.340412 1.076054
v -53.987186 -1.340413 0.845450
v -54.127815 -1.340413 0.582356
v -54.214413 -1.340413 0.296883
v -54.243652 -1.340413 0.000000
v -54.214413 -1.340413 -0.296883
v -54.127815 -1.340413 -0.582356
v -53.987186 -1.340413 -0.845450
v -53.797935 -1.340412 -1.076054
v -53.567333 -1.340413 -1.265306
v -53.304237 -1.340413 -1.405932
v -53.018764 -1.340412 -1.492530
v -52.684063 -1.416733 -1.480043
v -52.759701 -1.416733 -1.480043
v -52.721882 -1.383421 -1.521770
v -52.470230 -1.416733 -1.458983
v -52.424999 -1.383421 -1.492530
v -52.396049 -1.416733 -1.444227
v -52.190434 -1.416733 -1.381854
v -52.139526 -1.383421 -1.405932
v -52.120552 -1.416733 -1.352909
v -51.876431 -1.383421 -1.265306
v -51.868168 -1.416733 -1.209600
v -51.931061 -1.416733 -1.251622
v -51.645828 -1.383421 -1.076054
v -51.648590 -1.416734 -1.019807
v -51.702076 -1.416733 -1.073291
v -51.456577 -1.383421 -0.845450
v -51.470261 -1.416733 -0.790823
v -51.512283 -1.416733 -0.853713
v -51.315948 -1.383421 -0.582356
v -51.340027 -1.416733 -0.531448
v -51.368973 -1.416734 -0.601328
v -51.277657 -1.416733 -0.325834
v -51.229351 -1.383421 -0.296883
v -51.262897 -1.416733 -0.251650
v -51.241840 -1.416733 -0.037819
v -51.200111 -1.383421 0.000000
v -51.241840 -1.416733 0.037819
v -51.262897 -1.416733 0.251650
v -51.229351 -1.383421 0.296883
v -51.277657 -1.416733 0.325834
v -51.340027 -1.416733 0.531448
v -51.315948 -1.383421 0.582356
v -51.368973 -1.416734 0.601328
v -51.470261 -1.416733 0.790823
v -51.456577 -1.383421 0.845450
v -51.512283 -1.416733 0.853713
v -51.645828 -1.383421 1.076054
v -51.702076 -1.416733 1.073291
v -51.648590 -1.416734 1.019807
v -51.876431 -1.383421 1.265306
v -51.931061 -1.416733 1.251622
v -51.868168 -1.416733 1.209600
v -52.139526 -1.383421 1.405932
v -52.190434 -1.416733 1.381854
v -52.120552 -1.416733 1.352909
v -52.424999 -1.383421 1.492530
v -52.470230 -1.416733 1.458983
v -52.396049 -1.416733 1.444227
v -52.684063 -1.416733 1.480043
v -52.721882 -1.383421 1.521770
v -52.759701 -1.416733 1.480043
v -52.973530 -1.416733 1.458983
v -53.018764 -1.383421 1.492530
v -53.047718 -1.416733 1.444227
v -53.253330 -1.416733 1.381854
v -53.304237 -1.383421 1.405932
v -53.323212 -1.416733 1.352909
v -53.512703 -1.416733 1.251622
v -53.567333 -1.383421 1.265306
v -53.575596 -1.416733 1.209600
v -53.741688 -1.416733 1.073291
v -53.797935 -1.383421 1.076054
v -53.795174 -1.416733 1.019807
v -53.987186 -1.383421 0.845450
v -53.973503 -1.416733 0.790823
v -53.931480 -1.416733 0.853713
v -54.127815 -1.383421 0.582356
v -54.103737 -1.416733 0.531448
v -54.074791 -1.416733 0.601328
v -54.214413 -1.383421 0.296883
v -54.180862 -1.416733 0.251650
v -54.166107 -1.416733 0.325834
v -54.243652 -1.383421 0.000000
v -54.201923 -1.416733 -0.037819
v -54.201923 -1.416733 0.037819
v -54.180862 -1.416733 -0.251650
v -54.214413 -1.383421 -0.296883
v -54.166107 -1.416733 -0.325834
v -54.103737 -1.416733 -0.531448
v -54.127815 -1.383421 -0.582356
v -54.074791 -1.416733 -0.601328
v -53.973503 -1.416733 -0.790823
v -53.987186 -1.383421 -0.845450
v -53.931480 -1.416733 -0.853713
v -53.795174 -1.416733 -1.019807
v -53.797935 -1.383421 -1.076054
v -53.741688 -1.416733 -1.073291
v -53.567333 -1.383421 -1.265306
v -53.512703 -1.416733 -1.251622
v -53.575596 -1.416733 -1.209600
v -53.304237 -1.383421 -1.405932
v -53.253330 -1.416733 -1.381854
v -53.323212 -1.416733 -1.352909
v -53.018764 -1.383421 -1.492530
v -52.973530 -1.416733 -1.458983
v -53.047718 -1.416733 -1.444227
v -52.684063 -1.416733 -1.484043
v -52.721882 -1.383421 -1.449766
v -52.759701 -1.416733 -1.484043
v -52.469452 -1.416734 -1.462906
v -52.395267 -1.416733 -1.448149
v -52.439045 -1.383421 -1.421909
v -52.188904 -1.416733 -1.385550
v -52.119022 -1.416733 -1.356604
v -52.167080 -1.383421 -1.339409
v -51.928837 -1.416733 -1.254948
v -51.865948 -1.416733 -1.212925
v -51.916435 -1.383421 -1.205436
v -51.699245 -1.416733 -1.076119
v -51.645763 -1.416733 -1.022635
v -51.696743 -1.383421 -1.025139
v -51.508957 -1.416733 -0.855936
v -51.466934 -1.416733 -0.793045
v -51.516445 -1.383421 -0.805447
v -51.365276 -1.416733 -0.602859
v -51.336334 -1.416734 -0.532978
v -51.382473 -1.383421 -0.554801
v -51.273731 -1.416733 -0.326615
v -51.258976 -1.416733 -0.252430
v -51.299973 -1.383421 -0.282835
v -51.237839 -1.416734 -0.037819
v -51.237839 -1.416734 0.037819
v -51.272118 -1.383421 0.000000
v -51.258976 -1.416733 0.252430
v -51.273731 -1.416733 0.326615
v -51.299973 -1.383421 0.282835
v -51.336334 -1.416734 0.532978
v -51.365276 -1.416733 0.602859
v -51.382473 -1.383421 0.554801
v -51.466934 -1.416733 0.793045
v -51.508957 -1.416733 0.855936
v -51.516445 -1.383421 0.805447
v -51.645763 -1.416733 1.022635
v -51.699245 -1.416733 1.076119
v -51.696743 -1.383421 1.025139
v -51.865948 -1.416733 1.212925
v -51.928837 -1.416733 1.254948
v -51.916435 -1.383421 1.205436
v -52.119022 -1.416733 1.356604
v -52.188904 -1.416733 1.385550
v -52.167080 -1.383421 1.339409
v -52.395267 -1.416733 1.448149
v -52.469452 -1.416734 1.462906
v -52.439045 -1.383421 1.421909
v -52.684063 -1.416733 1.484043
v -52.759701 -1.416733 1.484043
v -52.721882 -1.383421 1.449766
v -52.974312 -1.416733 1.462906
v -53.048496 -1.416733 1.448149
v -53.004719 -1.383421 1.421909
v -53.254860 -1.416733 1.385550
v -53.324741 -1.416733 1.356604
v -53.276684 -1.383421 1.339409
v -53.514927 -1.416733 1.254948
v -53.577816 -1.416734 1.212925
v -53.527328 -1.383421 1.205436
v -53.744514 -1.416733 1.076119
v -53.798000 -1.416733 1.022635
v -53.747021 -1.383421 1.025139
v -53.934807 -1.416733 0.855936
v -53.976830 -1.416733 0.793045
v -53.927319 -1.383421 0.805447
v -54.078487 -1.416733 0.602859
v -54.107430 -1.416733 0.532978
v -54.061291 -1.383421 0.554801
v -54.170033 -1.416733 0.326615
v -54.184788 -1.416733 0.252430
v -54.143791 -1.383421 0.282835
v -54.205925 -1.416733 0.037819
v -54.205925 -1.416733 -0.037819
v -54.171646 -1.383421 0.000000
v -54.184788 -1.416733 -0.252430
v -54.170033 -1.416733 -0.326615
v -54.143791 -1.383421 -0.282835
v -54.107430 -1.416733 -0.532978
v -54.078487 -1.416733 -0.602859
v -54.061291 -1.383421 -0.554801
v -53.976830 -1.416733 -0.793045
v -53.934807 -1.416733 -0.855936
v -53.927319 -1.383421 -0.805447
v -53.798000 -1.416733 -1.022635
v -53.744514 -1.416733 -1.076119
v -53.747021 -1.383421 -1.025139
v -53.577816 -1.416734 -1.212925
v -53.514927 -1.416733 -1.254948
v -53.527328 -1.383421 -1.205436
v -53.324741 -1.416733 -1.356604
v -53.254860 -1.416733 -1.385550
v -53.276684 -1.383421 -1.339409
v -53.048496 -1.416733 -1.448149
v -52.974312 -1.416733 -1.462906
v -53.004719 -1.383421 -1.421909
v -52.424999 1.340412 -1.492530
v -52.721882 1.340412 -1.521770
v -52.139526 1.340412 -1.405932
v -51.876431 1.340412 -1.265306
v -51.645828 1.340412 -1.076054
v -51.456577 1.340412 -0.845450
v -51.315948 1.340412 -0.582356
v -51.229351 1.340412 -0.296883
v -51.200111 1.340412 0.000000
v -51.229351 1.340412 0.296883
v -51.315948 1.340412 0.582356
v -51.456577 1.340412 0.845450
v -51.645828 1.340412 1.076054
v -51.876431 1.340412 1.265306
v -52.139526 1.340412 1.405932
v -52.424999 1.340412 1.492530
v -52.721882 1.340412 1.521770
v -53.018764 1.340412 1.492530
v -53.304237 1.340412 1.405932
v -53.567333 1.340412 1.265306
v -53.797935 1.340412 1.076054
v -53.987186 1.340412 0.845450
v -54.127815 1.340412 0.582356
v -54.214413 1.340412 0.296883
v -54.243652 1.340412 0.000000
v -54.214413 1.340412 -0.296883
v -54.127815 1.340412 -0.582356
v -53.987186 1.340412 -0.845450
v -53.797935 1.340412 -1.076054
v -53.567333 1.340412 -1.265306
v -53.304237 1.340412 -1.405932
v -53.018764 1.340412 -1.492530
v -52.436344 1.296403 -1.435498
v -52.721882 1.296403 -1.463621
v -52.161777 1.296403 -1.352209
v -51.908737 1.296403 -1.216956
v -51.686947 1.296403 -1.034936
v -51.504925 1.296403 -0.813144
v -51.369671 1.296403 -0.560103
v -51.286385 1.296403 -0.285538
v -51.258263 1.296403 0.000000
v -51.286385 1.296403 0.285538
v -51.369671 1.296403 0.560103
v -51.504925 1.296403 0.813144
v -51.686947 1.296403 1.034936
v -51.908737 1.296403 1.216956
v -52.161777 1.296403 1.352209
v -52.436344 1.296403 1.435498
v -52.721882 1.296403 1.463621
v -53.007420 1.296403 1.435498
v -53.281986 1.296403 1.352209
v -53.535027 1.296403 1.216956
v -53.756817 1.296403 1.034936
v -53.938839 1.296403 0.813144
v -54.074089 1.296403 0.560103
v -54.157379 1.296403 0.285538
v -54.185501 1.296403 0.000000
v -54.157379 1.296403 -0.285538
v -54.074089 1.296403 -0.560103
v -53.938839 1.296403 -0.813144
v -53.756817 1.296403 -1.034936
v -53.535027 1.296403 -1.216956
v -53.281986 1.296403 -1.352209
v -53.007420 1.296403 -1.435498
v -52.457287 1.296403 -1.330207
v -52.721882 1.296403 -1.356267
v -52.202862 1.296403 -1.253027
v -51.968380 1.296403 -1.127695
v -51.762856 1.296403 -0.959026
v -51.594189 1.296403 -0.753502
v -51.468853 1.296403 -0.519021
v -51.391674 1.296403 -0.264595
v -51.365616 1.296403 0.000000
v -51.391674 1.296403 0.264595
v -51.468853 1.296403 0.519021
v -51.594189 1.296403 0.753502
v -51.762856 1.296403 0.959026
v -51.968380 1.296403 1.127695
v -52.202862 1.296403 1.253027
v -52.457287 1.296403 1.330207
v -52.721882 1.296403 1.356267
v -52.986477 1.296403 1.330207
v -53.240902 1.296403 1.253027
v -53.475384 1.296403 1.127695
v -53.680908 1.296403 0.959026
v -53.849575 1.296403 0.753502
v -53.974911 1.296403 0.519021
v -54.052090 1.296403 0.264595
v -54.078148 1.296403 0.000000
v -54.052090 1.296403 -0.264595
v -53.974911 1.296403 -0.519021
v -53.849575 1.296403 -0.753502
v -53.680908 1.296403 -0.959026
v -53.475384 1.296403 -1.127695
v -53.240902 1.296403 -1.253027
v -52.986477 1.296403 -1.330207
v -52.457287 1.162076 -1.330207
v -52.721882 1.162076 -1.356267
v -52.202862 1.162076 -1.253027
v -51.968380 1.162076 -1.127695
v -51.762856 1.162076 -0.959026
v -51.594189 1.162076 -0.753502
v -51.468853 1.162076 -0.519021
v -51.391674 1.162076 -0.264595
v -51.365616 1.162076 0.000000
v -51.391674 1.162076 0.264595
v -51.468853 1.162076 0.519021
v -51.594189 1.162076 0.753502
v -51.762856 1.162076 0.959026
v -51.968380 1.162076 1.127695
v -52.202862 1.162076 1.253027
v -52.457287 1.162076 1.330207
v -52.721882 1.162076 1.356267
v -52.986477 1.162076 1.330207
v -53.240902 1.162076 1.253027
v -53.475384 1.162076 1.127695
v -53.680908 1.162076 0.959026
v -53.849575 1.162076 0.753502
v -53.974911 1.162076 0.519021
v -54.052090 1.162076 0.264595
v -54.078148 1.162076 0.000000
v -54.052090 1.162076 -0.264595
v -53.974911 1.162076 -0.519021
v -53.849575 1.162076 -0.753502
v -53.680908 1.162076 -0.959026
v -53.475384 1.162076 -1.127695
v -53.240902 1.162076 -1.253027
v -52.986477 1.162076 -1.330207
v -52.456936 1.162076 -1.331969
v -52.721882 1.162076 -1.358064
v -52.202171 1.162076 -1.254688
v -51.967381 1.162076 -1.129189
v -51.761585 1.162076 -0.960296
v -51.592693 1.162076 -0.754500
v -51.467194 1.162076 -0.519709
v -51.389912 1.162076 -0.264945
v -51.363819 1.162076 0.000000
v -51.389912 1.162076 0.264945
v -51.467194 1.162076 0.519709
v -51.592693 1.162076 0.754500
v -51.761585 1.162076 0.960296
v -51.967381 1.162076 1.129189
v -52.202171 1.162076 1.254688
v -52.456936 1.162076 1.331969
v -52.721882 1.162076 1.358064
v -52.986828 1.162076 1.331969
v -53.241592 1.162076 1.254688
v -53.476383 1.162076 1.129189
v -53.682178 1.162076 0.960296
v -53.851070 1.162076 0.754500
v -53.976570 1.162076 0.519709
v -54.053852 1.162076 0.264945
v -54.079945 1.162076 0.000000
v -54.053852 1.162076 -0.264945
v -53.976570 1.162076 -0.519709
v -53.851070 1.162076 -0.754500
v -53.682178 1.162076 -0.960296
v -53.476383 1.162076 -1.129189
v -53.241592 1.162076 -1.254688
v -52.986828 1.162076 -1.331969
v -52.456936 -0.970789 -1.331969
v -52.721882 -0.970790 -1.358064
v -52.202171 -0.970789 -1.254688
v -51.967381 -0.970789 -1.129189
v -51.761585 -0.970789 -0.960296
v -51.592693 -0.970789 -0.754500
v -51.467194 -0.970789 -0.519709
v -51.389912 -0.970789 -0.264945
v -51.363819 -0.970789 0.000000
v -51.389912 -0.970789 0.264945
v -51.467194 -0.970789 0.519709
v -51.592693 -0.970789 0.754500
v -51.761585 -0.970789 0.960296
v -51.967381 -0.970789 1.129189
v -52.202171 -0.970789 1.254688
v -52.456936 -0.970789 1.331969
v -52.721882 -0.970790 1.358064
v -52.986828 -0.970790 1.331969
v -53.241589 -0.970789 1.254688
v -53.476383 -0.970789 1.129189
v -53.682178 -0.970789 0.960296
v -53.851070 -0.970789 0.754500
v -53.976570 -0.970789 0.519709
v -54.053852 -0.970789 0.264945
v -54.079945 -0.970789 0.000000
v -54.053852 -0.970789 -0.264945
v -53.976570 -0.970789 -0.519709
v -53.851070 -0.970789 -0.754500
v -53.682178 -0.970789 -0.960296
v -53.476383 -0.970789 -1.129189
v -53.241589 -0.970789 -1.254688
v -52.986828 -0.970790 -1.331969
v -52.721882 -0.000000 -1.521770
v -52.424999 -0.000000 -1.492530
v -52.139526 -0.000000 -1.405932
v -51.876431 -0.000000 -1.265306
v -51.645828 -0.000000 -1.076054
v -51.456577 -0.000000 -0.845450
v -51.315948 -0.000000 -0.582356
v -51.229351 -0.000000 -0.296883
v -51.200111 -0.000000 0.000000
v -51.229351 -0.000000 0.296883
v -51.315948 -0.000000 0.582356
v -51.456577 -0.000000 0.845450
v -51.645828 -0.000000 1.076054
v -51.876431 -0.000000 1.265306
v -52.139526 -0.000000 1.405932
v -52.424999 -0.000000 1.492530
v -52.721882 -0.000000 1.521770
v -53.018764 -0.000000 1.492530
v -53.304237 -0.000000 1.405932
v -53.567333 -0.000000 1.265306
v -53.797935 -0.000000 1.076054
v -53.987186 0.000000 0.845450
v -54.127815 -0.000000 0.582356
v -54.214413 -0.000000 0.296883
v -54.243652 0.000000 0.000000
v -54.214413 -0.000000 -0.296883
v -54.127815 -0.000000 -0.582356
v -53.987186 0.000000 -0.845450
v -53.797935 -0.000000 -1.076054
v -53.567333 -0.000000 -1.265306
v -53.304237 -0.000000 -1.405932
v -53.018764 -0.000000 -1.492530
v -52.721882 1.287755 -1.521770
v -52.424999 1.287754 -1.492530
v -52.139526 1.287755 -1.405932
v -51.876431 1.287754 -1.265306
v -51.645828 1.287754 -1.076054
v -51.456577 1.287754 -0.845450
v -51.315948 1.287754 -0.582356
v -51.229351 1.287754 -0.296883
v -51.200111 1.287754 0.000000
v -51.229351 1.287754 0.296883
v -51.315948 1.287754 0.582356
v -51.456577 1.287754 0.845450
v -51.645828 1.287754 1.076054
v -51.876431 1.287754 1.265306
v -52.139526 1.287755 1.405932
v -52.424999 1.287754 1.492530
v -52.721882 1.287755 1.521770
v -53.018764 1.287754 1.492530
v -53.304237 1.287754 1.405932
v -53.567333 1.287754 1.265306
v -53.797935 1.287755 1.076054
v -53.987186 1.287754 0.845450
v -54.127815 1.287754 0.582356
v -54.214413 1.287754 0.296883
v -54.243652 1.287755 0.000000
v -54.214413 1.287754 -0.296883
v -54.127815 1.287754 -0.582356
v -53.987186 1.287754 -0.845450
v -53.797935 1.287755 -1.076054
v -53.567333 1.287754 -1.265306
v -53.304237 1.287754 -1.405932
v -53.018764 1.287754 -1.492530
v -52.420387 1.340412 -1.515723
v -52.721882 1.340412 -1.545418
v -52.721882 1.287755 -1.545418
v -52.130478 1.340412 -1.427780
v -51.863293 1.340412 -1.284968
v -51.629105 1.340412 -1.092775
v -51.436913 1.340412 -0.858588
v -51.294102 1.340412 -0.591406
v -51.206158 1.340412 -0.301496
v -51.176464 1.340412 0.000000
v -51.206158 1.340412 0.301496
v -51.294102 1.340412 0.591406
v -51.436913 1.340412 0.858588
v -51.629105 1.340412 1.092775
v -51.863293 1.340412 1.284968
v -52.130478 1.340412 1.427780
v -52.420387 1.340412 1.515723
v -52.721882 1.340412 1.545418
v -53.023376 1.340412 1.515723
v -53.313286 1.340412 1.427780
v -53.580471 1.340412 1.284968
v -53.814659 1.340412 1.092775
v -54.006851 1.340412 0.858588
v -54.149662 1.340412 0.591406
v -54.237606 1.340412 0.301496
v -54.267300 1.340412 0.000000
v -54.237606 1.340412 -0.301496
v -54.149662 1.340412 -0.591406
v -54.006851 1.340412 -0.858588
v -53.814659 1.340412 -1.092775
v -53.580471 1.340412 -1.284968
v -53.313286 1.340412 -1.427780
v -53.023376 1.340412 -1.515723
v -52.420387 1.287754 -1.515723
v -52.130478 1.287754 -1.427780
v -51.863293 1.287754 -1.284968
v -51.629105 1.287754 -1.092775
v -51.436913 1.287754 -0.858588
v -51.294102 1.287754 -0.591406
v -51.206158 1.287754 -0.301496
v -51.176464 1.287755 0.000000
v -51.206158 1.287754 0.301496
v -51.294102 1.287754 0.591406
v -51.436913 1.287754 0.858588
v -51.629105 1.287754 1.092775
v -51.863293 1.287754 1.284968
v -52.130478 1.287754 1.427780
v -52.420387 1.287754 1.515723
v -52.721882 1.287755 1.545418
v -53.023376 1.287754 1.515723
v -53.313286 1.287755 1.427780
v -53.580471 1.287755 1.284968
v -53.814659 1.287755 1.092775
v -54.006851 1.287755 0.858588
v -54.149662 1.287755 0.591406
v -54.237606 1.287754 0.301496
v -54.267300 1.287754 0.000000
v -54.237606 1.287754 -0.301496
v -54.149662 1.287755 -0.591406
v -54.006851 1.287755 -0.858588
v -53.814659 1.287755 -1.092775
v -53.580471 1.287755 -1.284968
v -53.313286 1.287755 -1.427780
v -53.023376 1.287754 -1.515723
v -52.721882 -1.043565 -1.536988
v -52.422031 -1.043565 -1.507455
v -52.133701 -1.043565 -1.419992
v -51.867977 -1.043565 -1.277959
v -51.635067 -1.043565 -1.086815
v -51.443924 -1.043565 -0.853905
v -51.301891 -1.043565 -0.588180
v -51.214428 -1.043565 -0.299851
v -51.184895 -1.043565 -0.000000
v -51.214428 -1.043565 0.299851
v -51.301891 -1.043565 0.588180
v -51.443924 -1.043565 0.853905
v -51.635067 -1.043565 1.086815
v -51.867977 -1.043565 1.277959
v -52.133701 -1.043565 1.419992
v -52.422031 -1.043565 1.507455
v -52.721882 -1.043565 1.536988
v -53.021732 -1.043565 1.507455
v -53.310062 -1.043565 1.419992
v -53.575787 -1.043565 1.277959
v -53.808697 -1.043565 1.086815
v -53.999840 -1.043565 0.853905
v -54.141872 -1.043565 0.588180
v -54.229336 -1.043565 0.299851
v -54.258869 -1.043565 -0.000000
v -54.229336 -1.043565 -0.299851
v -54.141872 -1.043565 -0.588180
v -53.999840 -1.043565 -0.853905
v -53.808697 -1.043565 -1.086815
v -53.575787 -1.043565 -1.277959
v -53.310062 -1.043565 -1.419992
v -53.021732 -1.043565 -1.507455
v -52.422031 1.043562 -1.507455
v -52.721882 1.043562 -1.536988
v -52.133701 1.043562 -1.419992
v -51.867977 1.043562 -1.277959
v -51.635067 1.043562 -1.086815
v -51.443924 1.043562 -0.853905
v -51.301891 1.043562 -0.588180
v -51.214428 1.043562 -0.299851
v -51.184895 1.043562 -0.000000
v -51.214428 1.043562 0.299851
v -51.301891 1.043562 0.588180
v -51.443924 1.043562 0.853905
v -51.635067 1.043562 1.086815
v -51.867977 1.043562 1.277959
v -52.133701 1.043562 1.419992
v -52.422031 1.043562 1.507455
v -52.721882 1.043562 1.536988
v -53.021732 1.043562 1.507455
v -53.310062 1.043562 1.419992
v -53.575787 1.043562 1.277959
v -53.808697 1.043562 1.086815
v -53.999840 1.043562 0.853905
v -54.141872 1.043562 0.588180
v -54.229336 1.043562 0.299851
v -54.258869 1.043562 -0.000000
v -54.229336 1.043562 -0.299851
v -54.141872 1.043562 -0.588180
v -53.999840 1.043562 -0.853905
v -53.808697 1.043562 -1.086815
v -53.575787 1.043562 -1.277959
v -53.310062 1.043562 -1.419992
v -53.021732 1.043562 -1.507455
v -52.456936 0.646876 -1.331969
v -52.721882 0.646876 -1.358064
v -52.202171 0.646876 -1.254688
v -51.967381 0.646876 -1.129189
v -51.761585 0.646876 -0.960296
v -51.592693 0.646876 -0.754500
v -51.467194 0.646876 -0.519709
v -51.389912 0.646876 -0.264945
v -51.363819 0.646876 0.000000
v -51.389912 0.646876 0.264945
v -51.467194 0.646876 0.519709
v -51.592693 0.646876 0.754500
v -51.761585 0.646876 0.960296
v -51.967381 0.646876 1.129189
v -52.202171 0.646876 1.254688
v -52.456936 0.646876 1.331969
v -52.721882 0.646876 1.358064
v -52.986828 0.646876 1.331969
v -53.241589 0.646876 1.254688
v -53.476379 0.646876 1.129189
v -53.682178 0.646876 0.960296
v -53.851070 0.646876 0.754500
v -53.976570 0.646876 0.519709
v -54.053852 0.646876 0.264945
v -54.079945 0.646876 0.000000
v -54.053852 0.646876 -0.264945
v -53.976570 0.646876 -0.519709
v -53.851070 0.646876 -0.754500
v -53.682178 0.646876 -0.960296
v -53.476379 0.646876 -1.129189
v -53.241589 0.646876 -1.254688
v -52.986828 0.646876 -1.331969
vn 0.6600 0.7509 -0.0230
vn 0.6564 0.7540 -0.0244
vn 0.6529 0.7574 -0.0000
vn 0.6527 0.7572 -0.0249
vn 0.6491 0.7603 -0.0244
vn 0.6661 0.7457 -0.0176
vn 0.6632 0.7481 -0.0207
vn 0.6684 0.7437 -0.0138
vn 0.6702 0.7421 -0.0095
vn 0.6712 0.7412 -0.0049
vn 0.6716 0.7409 -0.0000
vn 0.6712 0.7412 0.0049
vn 0.6702 0.7421 0.0095
vn 0.6684 0.7437 0.0138
vn 0.6661 0.7457 0.0176
vn 0.6632 0.7481 0.0207
vn 0.6600 0.7509 0.0230
vn 0.6564 0.7540 0.0244
vn 0.6527 0.7572 0.0249
vn 0.6491 0.7603 0.0244
vn 0.6455 0.7634 0.0230
vn 0.6423 0.7662 0.0207
vn 0.6394 0.7687 0.0176
vn 0.6371 0.7707 0.0138
vn 0.6353 0.7722 0.0095
vn 0.6342 0.7731 0.0049
vn 0.6339 0.7734 -0.0000
vn 0.6342 0.7731 -0.0049
vn 0.6353 0.7722 -0.0095
vn 0.6371 0.7707 -0.0138
vn 0.6394 0.7687 -0.0176
vn 0.6423 0.7662 -0.0207
vn 0.6455 0.7634 -0.0230
vn 0.6547 0.7558 -0.0118
vn 0.6529 0.7573 -0.0120
vn -0.6482 0.6589 -0.3816
vn -0.9070 -0.1518 -0.3928
vn -0.9565 -0.1092 -0.2706
vn 0.3385 -0.1917 0.9212
vn -0.1643 -0.7921 0.5878
vn 0.4691 -0.3043 0.8291
vn 0.1968 -0.0696 -0.9780
vn -0.4618 -0.5357 -0.7070
vn 0.0495 0.0574 -0.9971
vn -0.4845 0.5178 -0.7051
vn -0.5784 0.5988 -0.5540
vn 0.1968 -0.0696 0.9780
vn -0.2569 -0.7123 0.6532
vn -0.2569 -0.7123 -0.6532
vn -0.3573 -0.6257 -0.6934
vn -0.7593 -0.2792 -0.5878
vn -0.8404 -0.2092 -0.4999
vn 0.0495 0.0574 0.9971
vn -0.3573 -0.6257 0.6934
vn 0.3385 -0.1917 -0.9212
vn -0.1643 -0.7921 -0.5878
vn -0.2395 0.3066 -0.9212
vn -0.3701 0.4191 -0.8291
vn -0.0978 0.1844 0.9780
vn -0.4618 -0.5357 0.7070
vn 0.5835 -0.4029 -0.7051
vn 0.4691 -0.3043 -0.8291
vn -0.5663 -0.4456 -0.6934
vn -0.6667 -0.3590 -0.6532
vn -0.2395 0.3066 0.9212
vn -0.5662 -0.4456 0.6934
vn 0.6775 -0.4839 -0.5540
vn -0.0831 -0.8621 -0.4999
vn -0.0978 0.1844 -0.9780
vn -0.7593 -0.2792 0.5878
vn -0.6667 -0.3590 0.6532
vn 0.7472 -0.5441 -0.3816
vn -0.0166 -0.9195 -0.3928
vn -0.4845 0.5178 0.7051
vn -0.3701 0.4191 0.8291
vn 0.7902 -0.5811 -0.1945
vn 0.0329 -0.9621 -0.2706
vn -0.5784 0.5988 0.5540
vn -0.8404 -0.2092 0.4999
vn 0.8047 -0.5936 -0.0000
vn 0.0634 -0.9884 -0.1379
vn -0.6482 0.6589 0.3816
vn -0.9070 -0.1518 0.3928
vn 0.7902 -0.5811 0.1945
vn 0.0737 -0.9973 -0.0000
vn -0.6912 0.6960 0.1945
vn -0.9565 -0.1092 0.2706
vn 0.7472 -0.5441 0.3816
vn 0.0634 -0.9884 0.1379
vn -0.9973 -0.0741 -0.0000
vn -0.9870 -0.0829 0.1379
vn -0.0166 -0.9195 0.3928
vn 0.0329 -0.9621 0.2706
vn -0.6912 0.6960 -0.1945
vn -0.7057 0.7085 -0.0000
vn 0.5835 -0.4029 0.7051
vn 0.6775 -0.4839 0.5540
vn -0.9870 -0.0829 -0.1379
vn -0.0831 -0.8621 0.4999
vn 0.5941 -0.5825 0.5548
vn 0.6640 -0.6427 0.3821
vn 0.5667 -0.4243 0.7063
vn 0.6608 -0.5054 0.5549
vn 0.2547 -0.2898 -0.9226
vn 0.1128 -0.1675 -0.9794
vn 0.3213 -0.2127 -0.9228
vn 0.4521 -0.3254 -0.8305
vn -0.6636 0.5018 -0.5548
vn -0.5696 0.4207 -0.7061
vn -0.7102 0.6765 -0.1949
vn -0.6671 0.6394 -0.3822
vn -0.3242 0.2092 0.9226
vn -0.4550 0.3219 0.8303
vn -0.1158 0.1641 0.9796
vn 0.0318 0.0369 0.9988
vn 0.7070 -0.6798 0.1948
vn 0.7307 -0.5656 0.3822
vn 0.1794 -0.0903 -0.9796
vn -0.7335 0.5621 -0.3821
vn -0.0348 -0.0403 -0.9986
vn -0.7247 0.6891 -0.0000
vn -0.1823 0.0869 0.9794
vn 0.7216 -0.6923 -0.0000
vn 0.7738 -0.6028 0.1949
vn 0.0318 0.0369 -0.9988
vn -0.7766 0.5992 -0.1948
vn -0.7102 0.6765 0.1949
vn -0.0348 -0.0403 0.9986
vn 0.7070 -0.6798 -0.1948
vn 0.7883 -0.6153 -0.0000
vn -0.1158 0.1641 -0.9796
vn -0.7911 0.6117 -0.0000
vn -0.6671 0.6394 0.3822
vn 0.1128 -0.1675 0.9794
vn 0.6640 -0.6427 -0.3821
vn 0.7738 -0.6028 -0.1949
vn -0.2577 0.2865 -0.9228
vn -0.7766 0.5992 0.1948
vn -0.5972 0.5791 0.5549
vn 0.6564 0.7544 -0.0111
vn 0.6579 0.7530 -0.0100
vn 0.6593 0.7518 -0.0085
vn 0.6604 0.7508 -0.0067
vn 0.6613 0.7501 -0.0046
vn 0.6618 0.7497 -0.0023
vn 0.6620 0.7495 -0.0000
vn 0.6618 0.7497 0.0023
vn 0.6613 0.7501 0.0046
vn 0.6604 0.7508 0.0067
vn 0.6593 0.7518 0.0085
vn 0.6579 0.7530 0.0100
vn 0.6564 0.7544 0.0111
vn 0.6547 0.7558 0.0118
vn 0.6529 0.7573 0.0120
vn 0.6511 0.7589 0.0118
vn 0.6494 0.7603 0.0111
vn 0.6479 0.7617 0.0100
vn 0.6465 0.7629 0.0085
vn 0.6454 0.7639 0.0067
vn 0.6445 0.7646 0.0046
vn 0.6440 0.7650 0.0023
vn 0.6438 0.7652 -0.0000
vn 0.6440 0.7650 -0.0023
vn 0.6445 0.7646 -0.0046
vn 0.6454 0.7639 -0.0067
vn 0.6465 0.7629 -0.0085
vn 0.6479 0.7617 -0.0100
vn 0.6494 0.7603 -0.0111
vn 0.6511 0.7589 -0.0118
vn -0.2577 0.2865 0.9228
vn -0.5696 0.4207 0.7061
vn -0.5972 0.5791 -0.5549
vn -0.4550 0.3219 -0.8303
vn 0.5667 -0.4243 -0.7063
vn 0.3854 -0.4026 -0.8303
vn 0.4521 -0.3254 0.8305
vn 0.5000 -0.5014 0.7061
vn -0.3885 0.3992 0.8305
vn -0.6636 0.5018 0.5548
vn -0.5031 0.4980 -0.7063
vn -0.3242 0.2092 -0.9226
vn 0.6608 -0.5054 -0.5549
vn 0.5000 -0.5014 -0.7061
vn 0.3213 -0.2127 0.9228
vn 0.3854 -0.4026 0.8303
vn -0.5031 0.4980 0.7063
vn -0.7335 0.5621 0.3821
vn -0.3885 0.3992 -0.8305
vn -0.1823 0.0869 -0.9794
vn 0.7307 -0.5656 -0.3822
vn 0.5941 -0.5825 -0.5548
vn 0.1794 -0.0903 0.9796
vn 0.2547 -0.2898 0.9226
vn 0.0266 -0.9988 -0.0411
vn 0.0181 -0.9988 -0.0452
vn 0.0268 -0.9988 -0.0409
vn -0.1029 0.9826 -0.1548
vn -0.0717 0.9822 -0.1734
vn -0.1031 0.9826 -0.1543
vn -0.0293 -0.9986 -0.0431
vn -0.0203 -0.9987 -0.0467
vn -0.0200 -0.9987 -0.0468
vn 0.0344 -0.9988 -0.0353
vn 0.0346 -0.9988 -0.0351
vn -0.1519 0.9831 0.1020
vn -0.1302 0.9829 0.1300
vn -0.1299 0.9829 0.1306
vn -0.0106 -0.9988 -0.0488
vn -0.0103 -0.9988 -0.0488
vn 0.1751 0.9776 0.1171
vn 0.1474 0.9782 0.1463
vn 0.1758 0.9775 0.1166
vn 0.0410 -0.9988 -0.0281
vn 0.0412 -0.9988 -0.0279
vn 0.1131 0.9790 -0.1693
vn 0.0773 0.9797 -0.1847
vn 0.0766 0.9798 -0.1846
vn -0.0008 -0.9988 -0.0492
vn -0.0007 -0.9988 -0.0492
vn 0.0461 -0.9987 -0.0195
vn 0.0462 -0.9987 -0.0193
vn -0.1299 0.9829 -0.1306
vn -0.1302 0.9829 -0.1300
vn 0.0494 -0.9987 -0.0100
vn 0.0494 -0.9987 -0.0099
vn -0.1031 0.9826 0.1543
vn -0.1029 0.9826 0.1548
vn 0.1971 0.9770 0.0817
vn 0.1976 0.9769 0.0812
vn 0.0505 -0.9987 -0.0000
vn 0.0389 0.9805 -0.1928
vn 0.0385 0.9805 -0.1925
vn 0.0494 -0.9987 0.0099
vn 0.0494 -0.9987 0.0100
vn -0.1519 0.9831 -0.1020
vn -0.1521 0.9832 -0.1014
vn 0.0462 -0.9987 0.0193
vn 0.0461 -0.9987 0.0195
vn -0.0717 0.9822 0.1734
vn -0.0715 0.9822 0.1738
vn 0.2111 0.9766 0.0420
vn 0.2112 0.9765 0.0417
vn 0.0412 -0.9988 0.0279
vn 0.0410 -0.9988 0.0281
vn 0.0346 -0.9988 0.0351
vn 0.0344 -0.9988 0.0353
vn -0.1681 0.9833 -0.0700
vn -0.1681 0.9833 -0.0695
vn 0.0002 0.9812 -0.1932
vn -0.0000 0.9812 -0.1932
vn 0.0268 -0.9988 0.0409
vn 0.0266 -0.9988 0.0411
vn -0.0368 0.9818 0.1865
vn -0.0368 0.9817 0.1868
vn 0.2158 0.9764 -0.0000
vn 0.2159 0.9764 -0.0000
vn 0.0181 -0.9988 0.0452
vn 0.0179 -0.9988 0.0453
vn 0.1891 0.0296 0.9815
vn 0.0081 0.0292 0.9995
vn -0.0064 0.0292 0.9996
vn 0.0089 -0.9988 0.0480
vn 0.0088 -0.9988 0.0480
vn -0.1780 0.9834 -0.0356
vn -0.1780 0.9834 -0.0354
vn 0.0009 -1.0000 -0.0000
vn 0.5427 0.1486 -0.8266
vn 0.3854 0.1555 -0.9095
vn 0.5556 0.1480 -0.8182
vn -0.0137 -0.9998 -0.0127
vn -0.0159 -0.9998 -0.0109
vn -0.0136 -0.9998 -0.0119
vn 0.3697 0.1562 -0.9159
vn 0.2006 0.1628 -0.9660
vn -0.0038 -1.0000 0.0092
vn -0.0063 -0.9999 0.0086
vn -0.0063 -0.9999 0.0094
vn -0.0117 -0.9998 -0.0176
vn -0.0148 -0.9998 -0.0161
vn -0.0117 -0.9998 -0.0165
vn 0.1830 0.1635 -0.9694
vn 0.0083 0.1694 -0.9855
vn -0.0117 -0.9998 0.0176
vn -0.0148 -0.9998 0.0161
vn -0.0150 -0.9997 0.0169
vn -0.0100 0.1700 -0.9854
vn -0.1843 0.1750 -0.9672
vn -0.0188 -0.9998 -0.0114
vn -0.0205 -0.9997 -0.0091
vn -0.0186 -0.9998 -0.0108
vn -0.2018 0.1754 -0.9636
vn -0.3697 0.1792 -0.9117
vn -0.0005 -1.0000 0.0048
vn -0.0027 -1.0000 0.0048
vn -0.0026 -1.0000 0.0058
vn -0.0182 -0.9997 -0.0179
vn -0.0211 -0.9997 -0.0156
vn -0.0181 -0.9997 -0.0170
vn -0.3853 0.1795 -0.9052
vn -0.5409 0.1821 -0.8212
vn -0.0059 -0.9999 0.0151
vn -0.0089 -0.9999 0.0144
vn -0.0090 -0.9998 0.0153
vn -0.5535 0.1823 -0.8126
vn -0.6912 0.1838 -0.6989
vn -0.0230 -0.9997 -0.0082
vn -0.0240 -0.9997 -0.0057
vn -0.0227 -0.9997 -0.0078
vn -0.7004 0.1839 -0.6896
vn -0.8148 0.1845 -0.5495
vn -0.0245 -0.9996 -0.0157
vn -0.0268 -0.9996 -0.0127
vn -0.0243 -0.9996 -0.0150
vn -0.8206 0.1845 -0.5409
vn -0.9069 0.1847 -0.3788
vn 0.0009 -1.0000 -0.0005
vn -0.0009 -1.0000 -0.0000
vn -0.0005 -1.0000 0.0009
vn -0.0017 -0.9999 0.0108
vn -0.0043 -0.9999 0.0108
vn -0.0041 -0.9999 0.0118
vn -0.9096 0.1846 -0.3721
vn -0.9636 0.1846 -0.1932
vn -0.0254 -0.9997 -0.0038
vn -0.0257 -0.9997 -0.0013
vn -0.0253 -0.9997 -0.0036
vn -0.9644 0.1845 -0.1896
vn -0.9828 0.1845 -0.0000
vn -0.0297 -0.9995 -0.0113
vn -0.0312 -0.9995 -0.0079
vn -0.0294 -0.9995 -0.0108
vn -0.9644 0.1845 0.1896
vn -0.0012 -1.0000 0.0069
vn -0.0010 -1.0000 0.0054
vn -0.0016 -1.0000 0.0060
vn -0.9096 0.1846 0.3721
vn -0.9636 0.1846 0.1932
vn -0.2018 0.1754 0.9636
vn -0.3697 0.1792 0.9117
vn -0.3853 0.1795 0.9052
vn -0.0254 -0.9997 0.0038
vn -0.0257 -0.9997 0.0013
vn -0.0258 -0.9997 0.0012
vn -0.8206 0.1845 0.5409
vn -0.9069 0.1847 0.3788
vn 0.1946 -0.0228 -0.9806
vn 0.3775 -0.0443 -0.9249
vn 0.1893 -0.0455 -0.9809
vn 0.3823 -0.0221 -0.9238
vn 0.5513 -0.0431 -0.8332
vn 0.5553 -0.0215 -0.8313
vn 0.7038 -0.0420 -0.7092
vn 0.7070 -0.0209 -0.7069
vn 0.8291 -0.0410 -0.5575
vn 0.8313 -0.0204 -0.5554
vn 0.9224 -0.0403 -0.3842
vn 0.9237 -0.0200 -0.3825
vn 0.9798 -0.0399 -0.1959
vn 0.9806 -0.0198 -0.1950
vn 0.9992 -0.0398 -0.0000
vn 0.9806 -0.0198 0.1950
vn 0.9998 -0.0197 -0.0000
vn 0.9237 -0.0200 0.3825
vn 0.9798 -0.0399 0.1959
vn 0.8313 -0.0204 0.5554
vn 0.9224 -0.0403 0.3842
vn 0.7070 -0.0209 0.7069
vn 0.8291 -0.0410 0.5575
vn 0.5553 -0.0215 0.8313
vn 0.7038 -0.0420 0.7092
vn 0.3823 -0.0221 0.9238
vn 0.5513 -0.0431 0.8332
vn 0.1946 -0.0228 0.9806
vn 0.3775 -0.0443 0.9249
vn -0.0007 -0.0235 0.9997
vn 0.1893 -0.0455 0.9809
vn -0.1959 -0.0242 0.9803
vn -0.0059 -0.0468 0.9989
vn -0.3835 -0.0249 0.9232
vn -0.2008 -0.0482 0.9785
vn -0.5563 -0.0255 0.8306
vn -0.3877 -0.0495 0.9205
vn -0.7076 -0.0261 0.7061
vn -0.5594 -0.0507 0.8273
vn -0.8317 -0.0266 0.5546
vn -0.7096 -0.0518 0.7027
vn -0.9238 -0.0270 0.3819
vn -0.8325 -0.0528 0.5515
vn -0.9805 -0.0273 0.1947
vn -0.9236 -0.0535 0.3796
vn -0.9996 -0.0274 -0.0000
vn -0.9796 -0.0540 0.1934
vn -0.9796 -0.0540 -0.1934
vn -0.9985 -0.0542 -0.0000
vn -0.9805 -0.0273 -0.1947
vn -0.9236 -0.0535 -0.3796
vn -0.9238 -0.0270 -0.3819
vn -0.8325 -0.0528 -0.5515
vn -0.8317 -0.0266 -0.5546
vn -0.7096 -0.0518 -0.7027
vn -0.7076 -0.0261 -0.7061
vn -0.5594 -0.0507 -0.8273
vn -0.5563 -0.0255 -0.8306
vn -0.3877 -0.0495 -0.9205
vn -0.3835 -0.0249 -0.9232
vn -0.2008 -0.0482 -0.9785
vn -0.0100 0.1700 0.9854
vn -0.1843 0.1750 0.9672
vn -0.0007 -0.0235 -0.9997
vn -0.0059 -0.0468 -0.9989
vn -0.0182 -0.9997 0.0179
vn -0.0211 -0.9997 0.0156
vn -0.0214 -0.9996 0.0162
vn 0.6952 0.1414 -0.7048
vn 0.7046 0.1408 -0.6955
vn -0.0059 -0.9999 -0.0151
vn -0.0089 -0.9999 -0.0144
vn -0.0062 -0.9999 -0.0140
vn -0.0084 -0.9999 0.0119
vn -0.0109 -0.9999 0.0107
vn -0.0111 -0.9999 0.0114
vn 0.8209 0.1350 -0.5549
vn 0.8268 0.1346 -0.5462
vn -0.0084 -0.9999 -0.0119
vn -0.0109 -0.9999 -0.0107
vn -0.0085 -0.9999 -0.0110
vn 0.9147 0.1299 -0.3828
vn 0.9175 0.1297 -0.3761
vn -0.0245 -0.9996 0.0157
vn -0.0269 -0.9996 0.0127
vn -0.0271 -0.9995 0.0131
vn 0.9725 0.1267 -0.1953
vn 0.9732 0.1266 -0.1917
vn -0.0017 -0.9999 -0.0108
vn -0.0043 -0.9999 -0.0108
vn -0.0022 -1.0000 -0.0097
vn -0.0137 -0.9998 0.0127
vn -0.0159 -0.9998 0.0109
vn -0.0162 -0.9998 0.0114
vn 0.9921 0.1256 -0.0000
vn -0.0038 -1.0000 -0.0092
vn -0.0063 -0.9999 -0.0086
vn -0.0040 -1.0000 -0.0081
vn 0.9732 0.1266 0.1917
vn 0.9725 0.1267 0.1953
vn -0.0297 -0.9995 0.0113
vn -0.0312 -0.9995 0.0079
vn -0.0314 -0.9995 0.0080
vn 0.9175 0.1297 0.3761
vn 0.9147 0.1299 0.3828
vn -0.0012 -1.0000 -0.0069
vn -0.0010 -1.0000 -0.0054
vn -0.0004 -1.0000 -0.0045
vn -0.0188 -0.9998 0.0114
vn -0.0205 -0.9997 0.0091
vn -0.0208 -0.9997 0.0094
vn 0.8268 0.1346 0.5462
vn 0.8209 0.1350 0.5549
vn -0.0005 -1.0000 -0.0048
vn -0.0027 -1.0000 -0.0048
vn -0.0010 -1.0000 -0.0038
vn 0.7046 0.1408 0.6955
vn 0.6952 0.1414 0.7048
vn 0.1830 0.1635 0.9694
vn 0.0083 0.1694 0.9855
vn -0.0328 -0.9994 0.0052
vn -0.0333 -0.9994 0.0017
vn -0.0333 -0.9994 0.0016
vn 0.5556 0.1480 0.8182
vn 0.5427 0.1486 0.8266
vn -0.5409 0.1821 0.8212
vn -0.5535 0.1823 0.8126
vn -0.0229 -0.9997 0.0082
vn -0.0240 -0.9997 0.0057
vn -0.0242 -0.9997 0.0058
vn 0.3854 0.1555 0.9095
vn 0.3697 0.1562 0.9159
vn -0.6912 0.1838 0.6989
vn -0.7004 0.1839 0.6896
vn 0.0009 -1.0000 0.0005
vn 0.0002 -1.0000 0.0015
vn 0.2006 0.1628 0.9660
vn -0.8148 0.1845 0.5495
vn -0.0328 -0.9994 -0.0052
vn -0.0333 -0.9994 -0.0017
vn -0.0326 -0.9995 -0.0050
vn 0.0197 -0.9617 -0.2732
vn -0.0226 -0.9610 -0.2756
vn -0.0004 -0.9637 -0.2672
vn 0.0304 -0.9635 -0.2661
vn 0.0501 -0.9659 -0.2540
vn 0.0701 -0.9641 -0.2560
vn 0.0792 -0.9657 -0.2471
vn 0.0958 -0.9679 -0.2323
vn 0.1149 -0.9663 -0.2303
vn 0.1355 -0.9697 -0.2033
vn 0.1531 -0.9682 -0.1978
vn 0.1222 -0.9678 -0.2202
vn 0.1683 -0.9712 -0.1686
vn 0.1839 -0.9698 -0.1599
vn 0.1586 -0.9695 -0.1869
vn 0.1939 -0.9724 -0.1298
vn 0.2071 -0.9711 -0.1183
vn 0.1879 -0.9709 -0.1487
vn 0.2121 -0.9733 -0.0880
vn 0.2226 -0.9721 -0.0742
vn 0.2098 -0.9719 -0.1069
vn 0.2241 -0.9725 -0.0627
vn 0.2230 -0.9738 -0.0445
vn 0.2304 -0.9727 -0.0288
vn 0.2309 -0.9728 -0.0171
vn 0.2267 -0.9740 -0.0000
vn 0.2309 -0.9728 0.0171
vn 0.2304 -0.9727 0.0288
vn 0.2230 -0.9738 0.0445
vn 0.2241 -0.9725 0.0627
vn 0.2226 -0.9721 0.0742
vn 0.2121 -0.9733 0.0880
vn 0.2098 -0.9719 0.1069
vn 0.2071 -0.9711 0.1183
vn 0.1939 -0.9724 0.1298
vn 0.1879 -0.9709 0.1487
vn 0.1683 -0.9712 0.1686
vn 0.1586 -0.9695 0.1869
vn 0.1839 -0.9698 0.1599
vn 0.1355 -0.9697 0.2033
vn 0.1222 -0.9678 0.2202
vn 0.1531 -0.9682 0.1978
vn 0.0958 -0.9679 0.2323
vn 0.0792 -0.9657 0.2471
vn 0.1149 -0.9663 0.2303
vn 0.0501 -0.9659 0.2541
vn 0.0304 -0.9635 0.2661
vn 0.0701 -0.9641 0.2560
vn 0.0197 -0.9617 0.2732
vn -0.0004 -0.9637 0.2672
vn -0.0226 -0.9610 0.2756
vn -0.0348 -0.9592 0.2806
vn -0.0542 -0.9612 0.2703
vn -0.0782 -0.9584 0.2746
vn -0.0914 -0.9566 0.2768
vn -0.1092 -0.9588 0.2624
vn -0.1340 -0.9557 0.2620
vn -0.1477 -0.9540 0.2610
vn -0.1629 -0.9563 0.2430
vn -0.1875 -0.9531 0.2376
vn -0.2007 -0.9515 0.2332
vn -0.2125 -0.9539 0.2119
vn -0.2357 -0.9507 0.2015
vn -0.2551 -0.9519 0.1700
vn -0.2757 -0.9487 0.1550
vn -0.2475 -0.9493 0.1937
vn -0.2880 -0.9502 0.1190
vn -0.3050 -0.9471 0.0999
vn -0.2852 -0.9476 0.1441
vn -0.3087 -0.9492 0.0613
vn -0.3213 -0.9462 0.0390
vn -0.3111 -0.9464 0.0866
vn -0.3159 -0.9488 -0.0000
vn -0.3235 -0.9459 -0.0244
vn -0.3235 -0.9459 0.0244
vn -0.3213 -0.9462 -0.0390
vn -0.3087 -0.9492 -0.0613
vn -0.3111 -0.9464 -0.0866
vn -0.3050 -0.9471 -0.0999
vn -0.2880 -0.9502 -0.1190
vn -0.2852 -0.9476 -0.1441
vn -0.2757 -0.9487 -0.1550
vn -0.2551 -0.9519 -0.1700
vn -0.2475 -0.9493 -0.1937
vn -0.2357 -0.9507 -0.2016
vn -0.2125 -0.9539 -0.2119
vn -0.2007 -0.9515 -0.2332
vn -0.1629 -0.9563 -0.2430
vn -0.1477 -0.9540 -0.2610
vn -0.1875 -0.9531 -0.2376
vn -0.1092 -0.9588 -0.2624
vn -0.0914 -0.9566 -0.2768
vn -0.1340 -0.9557 -0.2620
vn -0.0542 -0.9613 -0.2703
vn -0.0348 -0.9592 -0.2806
vn -0.0782 -0.9584 -0.2746
vn -0.0200 -0.9561 0.2923
vn 0.0002 -0.9545 0.2981
vn 0.0229 -0.9570 0.2893
vn -0.0354 -0.9540 0.2978
vn -0.0795 -0.9530 0.2923
vn -0.0600 -0.9513 0.3023
vn -0.0961 -0.9509 0.2943
vn -0.1396 -0.9498 0.2798
vn -0.1217 -0.9481 0.2939
vn -0.1566 -0.9478 0.2779
vn -0.1974 -0.9467 0.2545
vn -0.1820 -0.9448 0.2723
vn -0.2138 -0.9448 0.2483
vn -0.2497 -0.9438 0.2165
vn -0.2376 -0.9419 0.2375
vn -0.2643 -0.9422 0.2062
vn -0.2933 -0.9413 0.1670
vn -0.2853 -0.9393 0.1906
vn -0.3049 -0.9400 0.1531
vn -0.3253 -0.9394 0.1083
vn -0.3220 -0.9373 0.1333
vn -0.3327 -0.9386 0.0915
vn -0.3433 -0.9382 0.0431
vn -0.3451 -0.9360 0.0686
vn -0.3459 -0.9379 0.0248
vn -0.3459 -0.9379 -0.0248
vn -0.3530 -0.9356 -0.0000
vn -0.3433 -0.9382 -0.0431
vn -0.3327 -0.9386 -0.0915
vn -0.3451 -0.9360 -0.0686
vn -0.3253 -0.9394 -0.1083
vn -0.3049 -0.9400 -0.1531
vn -0.3220 -0.9373 -0.1333
vn -0.2933 -0.9413 -0.1670
vn -0.2643 -0.9422 -0.2062
vn -0.2853 -0.9393 -0.1906
vn -0.2497 -0.9438 -0.2165
vn -0.2138 -0.9448 -0.2483
vn -0.2376 -0.9419 -0.2375
vn -0.1974 -0.9467 -0.2545
vn -0.1566 -0.9478 -0.2779
vn -0.1820 -0.9448 -0.2723
vn -0.1396 -0.9498 -0.2798
vn -0.0961 -0.9509 -0.2943
vn -0.1217 -0.9480 -0.2939
vn -0.0795 -0.9530 -0.2923
vn -0.0354 -0.9540 -0.2978
vn -0.0600 -0.9513 -0.3023
vn -0.0200 -0.9561 -0.2923
vn 0.0229 -0.9570 -0.2893
vn 0.0002 -0.9545 -0.2981
vn 0.0364 -0.9591 -0.2809
vn 0.0765 -0.9598 -0.2702
vn 0.0564 -0.9576 -0.2825
vn 0.0878 -0.9617 -0.2596
vn 0.1237 -0.9623 -0.2422
vn 0.1069 -0.9604 -0.2573
vn 0.1328 -0.9641 -0.2300
vn 0.1635 -0.9645 -0.2072
vn 0.1501 -0.9629 -0.2242
vn 0.1703 -0.9661 -0.1941
vn 0.1953 -0.9664 -0.1670
vn 0.1855 -0.9650 -0.1852
vn 0.2000 -0.9677 -0.1535
vn 0.2190 -0.9679 -0.1233
vn 0.2128 -0.9667 -0.1419
vn 0.2220 -0.9689 -0.1097
vn 0.2347 -0.9690 -0.0774
vn 0.2319 -0.9680 -0.0959
vn 0.2363 -0.9696 -0.0639
vn 0.2427 -0.9696 -0.0304
vn 0.2432 -0.9688 -0.0483
vn 0.2432 -0.9698 -0.0169
vn 0.2432 -0.9698 0.0169
vn 0.2469 -0.9690 -0.0000
vn 0.2427 -0.9696 0.0304
vn 0.2363 -0.9696 0.0639
vn 0.2432 -0.9688 0.0483
vn 0.2347 -0.9690 0.0774
vn 0.2220 -0.9689 0.1097
vn 0.2319 -0.9680 0.0959
vn 0.2190 -0.9679 0.1232
vn 0.2000 -0.9677 0.1535
vn 0.2128 -0.9667 0.1419
vn 0.1953 -0.9664 0.1670
vn 0.1703 -0.9661 0.1941
vn 0.1855 -0.9650 0.1852
vn 0.1635 -0.9645 0.2072
vn 0.1328 -0.9641 0.2300
vn 0.1501 -0.9629 0.2242
vn 0.1237 -0.9623 0.2422
vn 0.0879 -0.9617 0.2596
vn 0.1069 -0.9604 0.2573
vn 0.0765 -0.9598 0.2702
vn 0.0364 -0.9591 0.2809
vn 0.0564 -0.9576 0.2825
vn -0.0010 -1.0000 0.0038
vn 0.0002 -1.0000 -0.0015
vn -0.0040 -1.0000 0.0081
vn -0.0085 -0.9999 0.0110
vn -0.0136 -0.9998 0.0119
vn -0.0186 -0.9998 0.0108
vn -0.0227 -0.9997 0.0078
vn -0.0253 -0.9997 0.0036
vn -0.0242 -0.9997 -0.0058
vn -0.0208 -0.9997 -0.0094
vn -0.0162 -0.9998 -0.0114
vn -0.0111 -0.9999 -0.0114
vn -0.0063 -0.9999 -0.0094
vn -0.0026 -1.0000 -0.0058
vn -0.0005 -1.0000 -0.0009
vn -0.0004 -1.0000 0.0045
vn -0.0022 -1.0000 0.0097
vn -0.0062 -0.9999 0.0140
vn -0.0117 -0.9998 0.0165
vn -0.0181 -0.9997 0.0170
vn -0.0243 -0.9996 0.0150
vn -0.0294 -0.9995 0.0108
vn -0.0326 -0.9995 0.0050
vn -0.0333 -0.9994 -0.0016
vn -0.0314 -0.9995 -0.0080
vn -0.0271 -0.9995 -0.0131
vn -0.0214 -0.9996 -0.0162
vn -0.0150 -0.9997 -0.0169
vn -0.0090 -0.9998 -0.0153
vn -0.0041 -0.9999 -0.0118
vn -0.0016 -1.0000 -0.0060
vn -0.1959 -0.0242 -0.9803
vn -0.0191 0.9953 0.0947
vn -0.0006 0.9951 0.0987
vn -0.0007 0.9951 0.0987
vn -0.0363 0.9955 0.0872
vn -0.0192 0.9954 0.0943
vn -0.0515 0.9957 0.0768
vn -0.0364 0.9956 0.0867
vn -0.0642 0.9959 0.0641
vn -0.0516 0.9957 0.0763
vn -0.0741 0.9960 0.0495
vn -0.0642 0.9959 0.0635
vn -0.0813 0.9961 0.0337
vn -0.0741 0.9960 0.0490
vn -0.0855 0.9962 0.0170
vn -0.0812 0.9961 0.0333
vn -0.0869 0.9962 -0.0000
vn -0.0854 0.9962 0.0169
vn -0.0854 0.9962 -0.0169
vn -0.0855 0.9962 -0.0170
vn -0.0812 0.9961 -0.0333
vn -0.0813 0.9961 -0.0337
vn -0.0741 0.9960 -0.0490
vn -0.0741 0.9960 -0.0495
vn -0.0642 0.9959 -0.0635
vn -0.0642 0.9959 -0.0641
vn -0.0516 0.9957 -0.0763
vn -0.0515 0.9957 -0.0768
vn -0.0364 0.9956 -0.0867
vn -0.0363 0.9955 -0.0872
vn -0.0192 0.9954 -0.0943
vn -0.0191 0.9953 -0.0947
vn -0.0006 0.9951 -0.0987
vn 0.0192 0.9949 -0.0990
vn -0.0007 0.9951 -0.0987
vn 0.0390 0.9947 -0.0955
vn 0.0196 0.9949 -0.0993
vn 0.0581 0.9944 -0.0879
vn 0.0396 0.9946 -0.0957
vn 0.0757 0.9942 -0.0764
vn 0.0588 0.9944 -0.0879
vn 0.0907 0.9940 -0.0611
vn 0.0763 0.9942 -0.0762
vn 0.1022 0.9938 -0.0427
vn 0.0912 0.9940 -0.0608
vn 0.1095 0.9937 -0.0219
vn 0.1026 0.9938 -0.0423
vn 0.1120 0.9937 -0.0000
vn 0.1097 0.9937 -0.0217
vn 0.1097 0.9937 0.0217
vn 0.1121 0.9937 -0.0000
vn 0.1095 0.9937 0.0219
vn 0.1026 0.9938 0.0423
vn 0.1022 0.9938 0.0427
vn 0.0912 0.9940 0.0608
vn 0.0907 0.9940 0.0611
vn 0.0763 0.9942 0.0762
vn 0.0757 0.9942 0.0764
vn 0.0588 0.9944 0.0879
vn 0.0581 0.9944 0.0879
vn 0.0396 0.9946 0.0957
vn 0.0390 0.9947 0.0955
vn 0.0196 0.9949 0.0993
vn 0.0192 0.9949 0.0990
vn -0.0112 0.9999 0.0067
vn -0.0124 0.9999 0.0047
vn 0.5513 0.0305 -0.8338
vn 0.3898 0.0300 -0.9204
vn 0.5614 0.0305 -0.8270
vn -0.8334 0.0285 0.5519
vn -0.9224 0.0284 0.3852
vn -0.9246 0.0285 0.3799
vn 0.7039 0.0310 -0.7096
vn 0.7113 0.0310 -0.7022
vn -0.9801 0.0284 0.1965
vn -0.9807 0.0285 0.1936
vn 0.8293 0.0315 -0.5579
vn 0.8339 0.0315 -0.5510
vn -0.9996 0.0284 -0.0000
vn -0.9996 0.0285 -0.0000
vn 0.9226 0.0319 -0.3844
vn 0.9248 0.0318 -0.3792
vn -0.9807 0.0285 -0.1936
vn -0.9801 0.0284 -0.1965
vn 0.9801 0.0321 -0.1960
vn 0.9806 0.0321 -0.1932
vn -0.9246 0.0285 -0.3799
vn -0.9224 0.0284 -0.3852
vn 0.9995 0.0322 -0.0000
vn -0.8334 0.0285 -0.5519
vn -0.8288 0.0284 -0.5588
vn 0.9806 0.0321 0.1932
vn 0.9801 0.0321 0.1960
vn -0.7104 0.0285 -0.7032
vn -0.7030 0.0284 -0.7106
vn 0.9248 0.0318 0.3792
vn 0.9226 0.0319 0.3844
vn -0.5602 0.0286 -0.8279
vn -0.5500 0.0285 -0.8347
vn 0.8339 0.0315 0.5510
vn 0.8293 0.0315 0.5579
vn -0.3883 0.0287 -0.9211
vn -0.3759 0.0287 -0.9262
vn -0.1874 0.0289 0.9819
vn -0.2013 0.0289 0.9791
vn 0.7113 0.0310 0.7022
vn 0.7039 0.0310 0.7096
vn -0.2013 0.0289 -0.9791
vn -0.1874 0.0289 -0.9819
vn -0.3759 0.0287 0.9262
vn -0.3883 0.0287 0.9211
vn 0.5614 0.0305 0.8270
vn 0.5513 0.0305 0.8338
vn -0.0064 0.0292 -0.9996
vn 0.0081 0.0292 -0.9995
vn -0.5500 0.0285 0.8347
vn -0.5602 0.0286 0.8279
vn 0.3898 0.0300 0.9204
vn 0.3774 0.0300 0.9256
vn 0.1891 0.0296 -0.9815
vn 0.2030 0.0296 -0.9787
vn -0.7030 0.0284 0.7106
vn -0.7104 0.0285 0.7032
vn 0.2030 0.0296 0.9787
vn 0.3774 0.0300 -0.9256
vn -0.8288 0.0284 0.5588
vn 0.9999 0.0155 -0.0000
vn 0.9809 0.0150 0.1938
vn 0.9805 0.0153 0.1960
vn 0.0116 0.9999 0.0025
vn 0.0119 0.9999 -0.0000
vn -0.0132 0.9999 0.0024
vn 0.0108 0.9999 0.0048
vn 0.0107 0.9999 0.0049
vn -0.0135 0.9999 -0.0000
vn 0.0095 0.9999 0.0069
vn 0.0094 0.9999 0.0070
vn -0.0132 0.9999 -0.0024
vn 0.0078 0.9999 0.0086
vn 0.0077 0.9999 0.0087
vn -0.0124 0.9999 -0.0047
vn 0.0058 0.9999 0.0100
vn 0.0057 0.9999 0.0100
vn -0.0112 0.9999 -0.0067
vn -0.0111 0.9999 -0.0068
vn 0.0037 0.9999 0.0109
vn 0.0036 0.9999 0.0109
vn -0.0009 0.9999 -0.0116
vn 0.0014 0.9999 -0.0115
vn -0.0095 0.9999 -0.0084
vn -0.0094 0.9999 -0.0085
vn 0.0014 0.9999 0.0115
vn 0.0036 0.9999 -0.0109
vn 0.0037 0.9999 -0.0109
vn -0.0076 0.9999 -0.0098
vn -0.0075 0.9999 -0.0098
vn -0.0009 0.9999 0.0116
vn 0.0057 0.9999 -0.0100
vn 0.0058 0.9999 -0.0100
vn -0.0054 0.9999 -0.0108
vn -0.0031 0.9999 0.0114
vn -0.0032 0.9999 0.0114
vn 0.0077 0.9999 -0.0087
vn 0.0078 0.9999 -0.0086
vn -0.0032 0.9999 -0.0114
vn -0.0031 0.9999 -0.0114
vn -0.0054 0.9999 0.0108
vn 0.0094 0.9999 -0.0070
vn 0.0095 0.9999 -0.0069
vn -0.0075 0.9999 0.0098
vn -0.0076 0.9999 0.0098
vn 0.0107 0.9999 -0.0049
vn 0.0108 0.9999 -0.0048
vn -0.0094 0.9999 0.0085
vn -0.0095 0.9999 0.0084
vn 0.0116 0.9999 -0.0025
vn -0.0111 0.9999 0.0068
vn 0.0149 -0.3558 -0.9344
vn 0.1734 -0.3474 -0.9215
vn 0.1964 -0.3405 -0.9195
vn -0.7102 -0.0105 -0.7039
vn -0.8299 -0.0132 -0.5578
vn -0.7046 -0.0113 -0.7096
vn 0.9247 0.0140 0.3803
vn 0.9231 0.0145 0.3844
vn -0.5598 -0.0081 -0.8286
vn -0.5520 -0.0090 -0.8338
vn 0.8334 0.0125 0.5526
vn 0.8299 0.0132 0.5578
vn -0.3877 -0.0054 -0.9218
vn -0.3782 -0.0063 -0.9257
vn -0.0055 0.0005 1.0000
vn -0.1899 -0.0035 0.9818
vn -0.2006 -0.0025 0.9797
vn 0.7102 0.0105 0.7039
vn 0.7046 0.0113 0.7096
vn -0.2006 -0.0025 -0.9797
vn -0.1899 -0.0035 -0.9818
vn -0.3782 -0.0063 0.9257
vn -0.3877 -0.0054 0.9218
vn 0.5598 0.0081 0.8286
vn 0.5520 0.0090 0.8338
vn -0.0055 0.0005 -1.0000
vn 0.0055 -0.0005 -1.0000
vn -0.5520 -0.0090 0.8338
vn -0.5598 -0.0081 0.8286
vn 0.3877 0.0054 0.9218
vn 0.3782 0.0063 0.9257
vn 0.1899 0.0035 -0.9818
vn 0.2006 0.0025 -0.9797
vn -0.7046 -0.0113 0.7096
vn -0.7102 -0.0105 0.7039
vn 0.2006 0.0025 0.9797
vn 0.1899 0.0035 0.9818
vn 0.3782 0.0063 -0.9257
vn 0.3877 0.0054 -0.9218
vn -0.8299 -0.0132 0.5578
vn -0.8334 -0.0125 0.5526
vn 0.0055 -0.0005 1.0000
vn 0.5520 0.0090 -0.8338
vn 0.5598 0.0081 -0.8286
vn -0.9231 -0.0145 0.3844
vn -0.9247 -0.0140 0.3804
vn 0.7046 0.0113 -0.7096
vn 0.7102 0.0105 -0.7039
vn -0.9805 -0.0153 0.1960
vn -0.9809 -0.0150 0.1938
vn 0.8299 0.0132 -0.5578
vn 0.8334 0.0125 -0.5526
vn -0.9999 -0.0155 -0.0000
vn -0.9999 -0.0154 -0.0000
vn 0.9231 0.0145 -0.3844
vn 0.9247 0.0140 -0.3803
vn -0.9809 -0.0150 -0.1938
vn -0.9805 -0.0153 -0.1960
vn 0.9805 0.0153 -0.1960
vn 0.9809 0.0150 -0.1938
vn -0.9247 -0.0140 -0.3804
vn -0.9231 -0.0145 -0.3844
vn 0.9999 0.0154 -0.0000
vn -0.8334 -0.0125 -0.5526
vn -0.5621 0.0006 0.8270
vn -0.7030 0.0009 0.7112
vn -0.7120 0.0008 0.7022
vn -0.7634 -0.3761 -0.5251
vn -0.6618 -0.3851 -0.6432
vn -0.6443 -0.3770 -0.6654
vn 0.1964 -0.3405 0.9195
vn 0.3544 -0.3269 0.8761
vn 0.1734 -0.3474 0.9215
vn 0.3544 -0.3269 -0.8761
vn 0.3728 -0.3216 -0.8704
vn -0.5242 -0.3860 -0.7591
vn -0.5012 -0.3764 -0.7792
vn 0.0149 -0.3558 0.9344
vn -0.0115 -0.3643 0.9312
vn 0.5244 -0.3037 -0.7955
vn 0.5378 -0.3000 -0.7879
vn -0.3663 -0.3835 -0.8478
vn -0.3396 -0.3733 -0.8633
vn -0.1659 -0.3669 0.9154
vn -0.1936 -0.3766 0.9059
vn 0.6757 -0.2804 -0.6818
vn 0.6846 -0.2780 -0.6739
vn -0.1936 -0.3766 -0.9059
vn -0.1659 -0.3669 -0.9154
vn -0.3396 -0.3733 0.8633
vn -0.3663 -0.3835 0.8478
vn 0.8014 -0.2593 -0.5390
vn 0.8065 -0.2580 -0.5320
vn -0.0115 -0.3643 -0.9312
vn -0.5012 -0.3764 0.7792
vn -0.5242 -0.3860 0.7591
vn 0.8957 -0.2423 -0.3729
vn 0.8979 -0.2418 -0.3678
vn -0.6443 -0.3770 0.6654
vn -0.6618 -0.3851 0.6432
vn 0.9540 -0.2312 -0.1906
vn 0.9546 -0.2310 -0.1880
vn -0.7634 -0.3761 0.5251
vn -0.7747 -0.3817 0.5040
vn 0.9738 -0.2275 -0.0000
vn -0.8528 -0.3753 0.3630
vn -0.8584 -0.3783 0.3465
vn 0.9546 -0.2310 0.1879
vn 0.9540 -0.2312 0.1906
vn -0.9086 -0.3742 0.1856
vn -0.9101 -0.3750 0.1765
vn 0.8979 -0.2417 0.3678
vn 0.8957 -0.2423 0.3729
vn -0.9274 -0.3741 -0.0000
vn -0.9274 -0.3740 -0.0000
vn 0.8065 -0.2580 0.5320
vn 0.8014 -0.2593 0.5390
vn -0.9101 -0.3750 -0.1765
vn -0.9086 -0.3742 -0.1856
vn 0.6846 -0.2780 0.6739
vn 0.6757 -0.2804 0.6818
vn -0.8584 -0.3783 -0.3465
vn -0.8528 -0.3753 -0.3630
vn 0.5379 -0.2999 0.7879
vn 0.5244 -0.3036 0.7955
vn -0.7747 -0.3817 -0.5040
vn 0.3728 -0.3216 0.8704
vn -0.0010 1.0000 -0.0000
vn -0.0009 1.0000 -0.0000
vn 0.3755 -0.0005 0.9268
vn 0.2037 -0.0002 0.9790
vn 0.1868 -0.0003 0.9824
vn 0.3755 -0.0005 -0.9268
vn 0.2037 -0.0002 -0.9790
vn 0.3906 -0.0004 -0.9206
vn -0.8289 0.0011 0.5593
vn -0.8346 0.0010 0.5509
vn 0.0088 0.0001 1.0000
vn -0.0088 -0.0001 1.0000
vn 0.5498 -0.0008 -0.8353
vn 0.5621 -0.0006 -0.8270
vn -0.9227 0.0012 0.3855
vn -0.9254 0.0011 0.3790
vn 0.7030 -0.0009 -0.7112
vn 0.7120 -0.0008 -0.7022
vn -0.9805 0.0012 0.1966
vn -0.9812 0.0012 0.1931
vn 0.8289 -0.0011 -0.5593
vn 0.8346 -0.0010 -0.5509
vn -1.0000 0.0012 -0.0000
vn 0.9227 -0.0012 -0.3855
vn 0.9254 -0.0011 -0.3790
vn -0.9812 0.0012 -0.1931
vn -0.9805 0.0012 -0.1966
vn 0.9805 -0.0012 -0.1966
vn 0.9812 -0.0012 -0.1931
vn -0.9254 0.0011 -0.3790
vn -0.9227 0.0012 -0.3855
vn 1.0000 -0.0012 -0.0000
vn -0.8346 0.0010 -0.5509
vn -0.8289 0.0011 -0.5593
vn 0.9812 -0.0012 0.1931
vn 0.9805 -0.0012 0.1966
vn -0.7120 0.0008 -0.7022
vn -0.7030 0.0009 -0.7112
vn 0.9254 -0.0011 0.3790
vn 0.9227 -0.0012 0.3855
vn -0.5621 0.0006 -0.8270
vn -0.5498 0.0008 -0.8353
vn 0.8346 -0.0010 0.5509
vn 0.8289 -0.0011 0.5593
vn -0.3906 0.0004 -0.9206
vn -0.3755 0.0005 -0.9268
vn -0.1868 0.0003 0.9824
vn -0.2037 0.0002 0.9790
vn 0.7120 -0.0008 0.7022
vn 0.7030 -0.0009 0.7112
vn -0.2037 0.0002 -0.9790
vn -0.1868 0.0003 -0.9824
vn -0.3755 0.0005 0.9268
vn -0.3906 0.0004 0.9206
vn 0.5621 -0.0006 0.8270
vn 0.5498 -0.0008 0.8353
vn -0.0088 -0.0001 -1.0000
vn 0.0088 0.0001 -1.0000
vn -0.5498 0.0008 0.8353
vn 0.3906 -0.0004 0.9206
vn 0.1868 -0.0003 -0.9824
vn -0.1953 0.0039 -0.9807
vn -0.3830 0.0040 -0.9237
vn -0.5560 0.0041 -0.8312
vn -0.7075 0.0041 -0.7067
vn -0.8317 0.0042 -0.5552
vn -0.9240 0.0042 -0.3823
vn -0.9808 0.0042 -0.1949
vn -1.0000 0.0042 -0.0000
vn -0.9808 0.0042 0.1949
vn -0.9240 0.0042 0.3823
vn -0.8317 0.0042 0.5552
vn -0.7075 0.0041 0.7067
vn -0.5560 0.0041 0.8312
vn -0.3830 0.0040 0.9237
vn -0.1953 0.0039 0.9807
vn -0.0000 0.0038 1.0000
vn 0.1952 0.0037 0.9807
vn 0.3830 0.0036 0.9237
vn 0.5559 0.0035 0.8312
vn 0.7074 0.0034 0.7068
vn 0.8317 0.0033 0.5552
vn 0.9240 0.0033 0.3823
vn 0.9808 0.0032 0.1949
vn 0.9808 0.0032 -0.1949
vn 0.9240 0.0032 -0.3823
vn 0.8317 0.0033 -0.5552
vn 0.7074 0.0034 -0.7068
vn 0.5559 0.0035 -0.8312
vn 0.3830 0.0036 -0.9237
vn 0.1952 0.0037 -0.9807
vn -0.0000 0.0038 -1.0000
vn -0.1868 0.0080 -0.9824
vn -0.3754 0.0082 -0.9268
vn -0.5497 0.0083 -0.8353
vn -0.7029 0.0085 -0.7112
vn -0.8289 0.0085 -0.5594
vn -0.9226 0.0086 -0.3856
vn -0.9804 0.0086 -0.1966
vn -1.0000 0.0086 -0.0000
vn -0.9804 0.0086 0.1966
vn -0.9226 0.0086 0.3856
vn -0.8289 0.0085 0.5594
vn -0.7029 0.0085 0.7112
vn -0.5497 0.0083 0.8353
vn -0.3754 0.0082 0.9268
vn -0.1868 0.0080 0.9824
vn 0.0088 0.0078 0.9999
vn 0.2038 0.0076 0.9790
vn 0.3906 0.0074 0.9205
vn 0.5621 0.0071 0.8270
vn 0.7120 0.0069 0.7022
vn 0.8345 0.0067 0.5509
vn 0.9254 0.0065 0.3790
vn 1.0000 0.0032 -0.0000
vn 0.9812 0.0064 0.1931
vn 0.9812 0.0064 -0.1931
vn 0.9254 0.0065 -0.3790
vn 0.8345 0.0067 -0.5509
vn 0.7120 0.0069 -0.7022
vn 0.5621 0.0071 -0.8270
vn 0.3906 0.0074 -0.9205
vn 0.2038 0.0076 -0.9790
vn 0.0088 0.0078 -0.9999
vn 0.0045 -0.0002 -1.0000
vn 0.1909 0.0056 -0.9816
vn -0.0045 0.0002 -1.0000
vn 0.1996 0.0052 -0.9799
vn 0.3791 0.0108 -0.9253
vn 0.3868 0.0103 -0.9221
vn 0.5527 0.0155 -0.8332
vn 0.5590 0.0151 -0.8290
vn 0.7050 0.0197 -0.7090
vn 0.7096 0.0193 -0.7043
vn 0.8300 0.0231 -0.5572
vn 0.8329 0.0227 -0.5529
vn 0.9230 0.0256 -0.3839
vn 0.9244 0.0253 -0.3806
vn 0.9803 0.0271 -0.1958
vn 0.9806 0.0270 -0.1940
vn 0.9996 0.0276 -0.0000
vn 0.9806 0.0270 0.1940
vn 0.9803 0.0271 0.1958
vn 0.9244 0.0253 0.3806
vn 0.9230 0.0256 0.3839
vn 0.8329 0.0227 0.5529
vn 0.8300 0.0231 0.5572
vn 0.7096 0.0193 0.7043
vn 0.7050 0.0197 0.7090
vn 0.5590 0.0151 0.8290
vn 0.5527 0.0155 0.8332
vn 0.3868 0.0103 0.9221
vn 0.3791 0.0108 0.9253
vn 0.1996 0.0052 0.9799
vn 0.1909 0.0056 0.9816
vn 0.0045 -0.0002 1.0000
vn -0.0045 0.0002 1.0000
vn -0.1909 -0.0056 0.9816
vn -0.1996 -0.0052 0.9799
vn -0.3791 -0.0108 0.9253
vn -0.3868 -0.0103 0.9221
vn -0.5527 -0.0155 0.8332
vn -0.5590 -0.0151 0.8290
vn -0.7050 -0.0197 0.7090
vn -0.7096 -0.0193 0.7043
vn -0.8300 -0.0231 0.5572
vn -0.8329 -0.0227 0.5529
vn -0.9230 -0.0256 0.3839
vn -0.9244 -0.0253 0.3806
vn -0.9803 -0.0271 0.1958
vn -0.9806 -0.0270 0.1940
vn -0.9996 -0.0276 -0.0000
vn -0.9996 -0.0275 -0.0000
vn -0.9806 -0.0270 -0.1940
vn -0.9803 -0.0271 -0.1958
vn -0.9244 -0.0253 -0.3806
vn -0.9230 -0.0256 -0.3839
vn -0.8329 -0.0227 -0.5529
vn -0.8300 -0.0231 -0.5572
vn -0.7096 -0.0193 -0.7043
vn -0.7050 -0.0197 -0.7090
vn -0.5590 -0.0151 -0.8290
vn -0.5527 -0.0155 -0.8332
vn -0.3868 -0.0103 -0.9221
vn -0.3791 -0.0108 -0.9253
vn -0.1996 -0.0052 -0.9799
vn -0.1909 -0.0056 -0.9816
vn -0.0381 -0.9986 -0.0375
vn -0.0297 -0.9986 -0.0429
vn 0.1466 0.9783 -0.1466
vn 0.1140 0.9790 -0.1692
vn 0.0179 -0.9988 -0.0453
vn 0.0089 -0.9988 -0.0480
vn 0.1466 0.9783 0.1466
vn 0.1140 0.9790 0.1692
vn -0.0457 -0.9985 -0.0302
vn -0.0384 -0.9986 -0.0373
vn -0.1681 0.9833 0.0700
vn -0.1521 0.9832 0.1014
vn 0.0088 -0.9988 -0.0480
vn -0.0517 -0.9984 -0.0212
vn -0.0460 -0.9985 -0.0299
vn -0.0715 0.9822 -0.1738
vn -0.0368 0.9818 -0.1865
vn 0.1751 0.9776 -0.1171
vn 0.1474 0.9782 -0.1463
vn -0.0556 -0.9984 -0.0109
vn -0.0519 -0.9984 -0.0209
vn 0.1131 0.9790 0.1693
vn 0.0773 0.9797 0.1847
vn -0.0569 -0.9984 -0.0000
vn -0.0556 -0.9984 -0.0108
vn -0.1780 0.9834 0.0356
vn -0.1681 0.9833 0.0695
vn -0.0556 -0.9984 0.0108
vn -0.0368 0.9817 -0.1868
vn -0.0556 -0.9984 0.0109
vn -0.0519 -0.9984 0.0209
vn 0.1971 0.9770 -0.0817
vn 0.1758 0.9775 -0.1166
vn 0.0766 0.9798 0.1846
vn 0.0389 0.9805 0.1928
vn -0.0517 -0.9984 0.0212
vn -0.0460 -0.9985 0.0299
vn -0.1814 0.9834 -0.0000
vn -0.1780 0.9834 0.0354
vn -0.0457 -0.9985 0.0302
vn -0.0384 -0.9986 0.0373
vn -0.0381 -0.9986 0.0375
vn -0.0297 -0.9986 0.0429
vn 0.2111 0.9766 -0.0420
vn 0.1976 0.9769 -0.0812
vn 0.0385 0.9805 0.1925
vn 0.0002 0.9812 0.1932
vn -0.0293 -0.9986 0.0431
vn -0.0203 -0.9987 0.0467
vn -0.1813 0.9834 -0.0000
vn -0.0200 -0.9987 0.0468
vn -0.0106 -0.9988 0.0488
vn -0.0103 -0.9988 0.0488
vn -0.0008 -0.9988 0.0492
vn 0.2112 0.9765 -0.0417
vn -0.0000 0.9812 0.1932
vn -0.0007 -0.9988 0.0492
vn 0.0064 0.7110 -0.7032
vn 0.1298 -0.7177 -0.6842
vn -0.0064 -0.7110 -0.7032
vn 0.1449 0.7031 -0.6962
vn 0.2589 -0.7231 -0.6403
vn 0.2810 0.6943 -0.6625
vn 0.3769 -0.7273 -0.5735
vn 0.4094 0.6852 -0.6025
vn 0.4798 -0.7304 -0.4861
vn 0.5245 0.6761 -0.5175
vn 0.5641 -0.7325 -0.3811
vn 0.6210 0.6680 -0.4101
vn 0.6267 -0.7339 -0.2622
vn 0.6940 0.6615 -0.2844
vn 0.6652 -0.7346 -0.1335
vn 0.7395 0.6573 -0.1456
vn 0.6782 -0.7349 -0.0000
vn 0.7395 0.6573 0.1456
vn 0.6652 -0.7346 0.1335
vn 0.6940 0.6615 0.2844
vn 0.6267 -0.7339 0.2622
vn 0.6210 0.6680 0.4101
vn 0.5641 -0.7325 0.3811
vn 0.5245 0.6761 0.5175
vn 0.4798 -0.7304 0.4861
vn 0.4094 0.6852 0.6025
vn 0.3769 -0.7273 0.5735
vn 0.2810 0.6943 0.6625
vn 0.2589 -0.7231 0.6403
vn 0.1449 0.7031 0.6962
vn 0.1298 -0.7177 0.6842
vn 0.0064 0.7110 0.7032
vn -0.0064 -0.7110 0.7032
vn -0.1298 0.7177 0.6842
vn -0.1449 -0.7031 0.6962
vn -0.2589 0.7231 0.6403
vn -0.2810 -0.6943 0.6625
vn -0.3769 0.7273 0.5735
vn -0.4094 -0.6852 0.6025
vn -0.4798 0.7304 0.4861
vn -0.5245 -0.6761 0.5175
vn -0.5640 0.7325 0.3811
vn -0.6210 -0.6680 0.4101
vn -0.6267 0.7339 0.2622
vn -0.6940 -0.6615 0.2844
vn -0.6652 0.7346 0.1335
vn -0.7395 -0.6573 0.1456
vn -0.6782 0.7349 -0.0000
vn -0.7549 -0.6558 -0.0000
vn -0.7395 -0.6573 -0.1456
vn -0.6652 0.7346 -0.1335
vn -0.6940 -0.6615 -0.2844
vn -0.6267 0.7339 -0.2622
vn -0.6210 -0.6680 -0.4101
vn -0.5640 0.7325 -0.3811
vn -0.5245 -0.6761 -0.5175
vn -0.4798 0.7304 -0.4861
vn -0.4094 -0.6852 -0.6025
vn -0.3769 0.7273 -0.5735
vn -0.2810 -0.6943 -0.6625
vn -0.2589 0.7231 -0.6403
vn -0.1449 -0.7031 -0.6962
vn -0.1298 0.7177 -0.6842
vn -0.0000 1.0000 -0.0000
vn -0.6529 -0.7574 -0.0000
vn -0.0583 -0.9681 0.2435
vn 0.6298 -0.5429 0.5556
vn 0.6997 -0.6032 0.3827
vn -0.7715 -0.3534 -0.5291
vn -0.2898 0.2499 -0.9239
vn -0.4208 0.3628 -0.8315
vn -0.5037 -0.5842 0.6364
vn -0.1478 0.1274 0.9808
vn -0.0000 -0.0000 1.0000
vn -0.1029 -0.9297 0.3536
vn 0.5356 -0.4617 0.7071
vn -0.6881 -0.4252 -0.5879
vn -0.1478 0.1274 -0.9808
vn -0.5977 -0.5032 0.6242
vn -0.2898 0.2499 0.9239
vn -0.1628 -0.8781 0.4500
vn 0.4208 -0.3628 0.8315
vn -0.5977 -0.5032 -0.6242
vn -0.0000 -0.0000 -1.0000
vn -0.6881 -0.4252 0.5879
vn -0.4208 0.3628 0.8315
vn -0.2359 -0.8151 0.5291
vn 0.2898 -0.2499 0.9239
vn -0.5037 -0.5842 -0.6364
vn 0.1478 -0.1274 -0.9808
vn -0.7714 -0.3534 0.5291
vn -0.5356 0.4617 0.7071
vn -0.3192 -0.7433 0.5879
vn 0.1478 -0.1274 0.9808
vn -0.4096 -0.6653 -0.6242
vn 0.2898 -0.2499 -0.9239
vn -0.8445 -0.2904 0.4500
vn -0.6298 0.5429 0.5556
vn -0.4096 -0.6653 0.6242
vn -0.3192 -0.7433 -0.5879
vn 0.4208 -0.3628 -0.8315
vn -0.9044 -0.2387 0.3536
vn -0.6998 0.6032 0.3827
vn -0.2359 -0.8151 -0.5291
vn 0.5356 -0.4617 -0.7071
vn -0.9490 -0.2003 0.2435
vn -0.7429 0.6404 0.1951
vn -0.1628 -0.8781 -0.4500
vn 0.6298 -0.5429 -0.5556
vn -0.9764 -0.1767 0.1242
vn -0.7574 0.6529 -0.0000
vn -0.1029 -0.9297 -0.3536
vn 0.6997 -0.6032 -0.3827
vn -0.9857 -0.1687 -0.0000
vn -0.7428 0.6404 -0.1951
vn -0.0583 -0.9681 -0.2435
vn 0.7429 -0.6404 -0.1951
vn -0.9764 -0.1767 -0.1242
vn -0.6997 0.6032 -0.3827
vn -0.0309 -0.9918 -0.1242
vn 0.7574 -0.6529 -0.0000
vn -0.9490 -0.2003 -0.2435
vn -0.6298 0.5429 -0.5556
vn -0.0217 -0.9998 -0.0000
vn 0.7428 -0.6404 0.1951
vn -0.9044 -0.2387 -0.3536
vn -0.5356 0.4617 -0.7071
vn -0.0309 -0.9918 0.1242
vn -0.8445 -0.2904 -0.4500
vn 0.7428 -0.6404 -0.1951
vn -0.7428 0.6404 0.1951
vn -0.6997 0.6032 0.3827
vn -0.0000 -1.0000 -0.0000
vn -0.0078 -0.0000 -1.0000
vn -0.1877 -0.0000 -0.9822
vn 0.0078 -0.0000 -1.0000
vn -0.5505 -0.0000 0.8349
vn -0.3897 -0.0000 0.9209
vn -0.3763 -0.0000 0.9265
vn -0.2028 -0.0000 0.9792
vn -0.1877 -0.0000 0.9822
vn 0.0001 -1.0000 -0.0000
vn -0.0078 -0.0000 1.0000
vn 0.0078 -0.0000 1.0000
vn 0.1877 -0.0000 0.9822
vn 0.2028 -0.0000 0.9792
vn 0.3763 -0.0000 0.9265
vn 0.3897 -0.0000 0.9209
vn -0.0001 -1.0000 -0.0000
vn 0.5505 -0.0000 0.8349
vn 0.5614 -0.0000 0.8275
vn 0.7034 -0.0000 0.7107
vn 0.7115 -0.0000 0.7027
vn 0.8292 -0.0000 0.5589
vn 0.8342 -0.0000 0.5514
vn 0.9228 -0.0000 0.3852
vn 0.9252 -0.0000 0.3794
vn -0.0000 -1.0000 0.0001
vn 0.9805 -0.0000 0.1965
vn 0.9811 -0.0000 0.1933
vn 1.0000 -0.0000 -0.0000
vn 0.9811 -0.0000 -0.1933
vn 0.9805 -0.0000 -0.1965
vn 0.9252 -0.0000 -0.3794
vn 0.3763 -0.0000 -0.9265
vn 0.2028 -0.0000 -0.9792
vn 0.3897 -0.0000 -0.9209
vn 0.9228 -0.0000 -0.3852
vn 0.8342 -0.0000 -0.5514
vn -0.1953 -0.0000 0.9808
vn -0.3830 -0.0000 0.9238
vn -0.5559 -0.0000 0.8312
vn -0.7034 -0.0000 0.7107
vn -0.7074 -0.0000 0.7068
vn -0.8292 -0.0000 0.5589
vn -0.8317 -0.0000 0.5552
vn -0.9228 -0.0000 0.3852
vn -0.9240 -0.0000 0.3824
vn -0.9805 -0.0000 0.1965
vn -0.9808 -0.0000 0.1949
vn -1.0000 -0.0000 -0.0000
vn -0.9808 -0.0000 -0.1949
vn -0.9805 -0.0000 -0.1965
vn -0.9240 -0.0000 -0.3824
vn -0.9228 -0.0000 -0.3852
vn -0.8317 -0.0000 -0.5552
vn -0.8292 -0.0000 -0.5589
vn -0.7074 -0.0000 -0.7068
vn -0.7034 -0.0000 -0.7107
vn -0.5559 -0.0000 -0.8312
vn -0.5505 -0.0000 -0.8349
vn -0.3830 -0.0000 -0.9238
vn -0.3763 -0.0000 -0.9265
vn -0.1953 -0.0000 -0.9808
vn 0.1953 -0.0000 -0.9808
vn 0.3830 -0.0000 -0.9238
vn 0.5559 -0.0000 -0.8312
vn 0.5614 -0.0000 -0.8275
vn 0.7074 -0.0000 -0.7068
vn 0.7115 -0.0000 -0.7027
vn 0.8317 -0.0000 -0.5552
vn 0.9240 -0.0000 -0.3824
vn 0.9808 -0.0000 -0.1949
vn 0.9808 -0.0000 0.1949
vn 0.9240 -0.0000 0.3824
vn 0.8317 -0.0000 0.5552
vn 0.7074 -0.0000 0.7068
vn 0.5559 -0.0000 0.8312
vn 0.3830 -0.0000 0.9238
vn 0.1953 -0.0000 0.9808
vn 0.1877 -0.0000 -0.9822
vn -0.7035 -0.0000 0.7107
vn -0.5614 -0.0000 0.8275
vn -0.7115 -0.0000 0.7027
vn -0.8342 -0.0000 0.5514
vn -0.9252 -0.0000 0.3794
vn -0.9811 -0.0000 0.1933
vn -0.9811 -0.0000 -0.1933
vn -0.9252 -0.0000 -0.3794
vn -0.8342 -0.0000 -0.5514
vn -0.7115 -0.0000 -0.7027
vn -0.7035 -0.0000 -0.7107
vn -0.5614 -0.0000 -0.8275
vn 0.5505 -0.0000 -0.8349
vn -0.3897 -0.0000 -0.9209
vn 0.7034 -0.0000 -0.7107
vn -0.0000 -1.0000 -0.0001
vn -0.2028 -0.0000 -0.9792
vn 0.8292 -0.0000 -0.5589
vn -0.0446 0.7606 0.6477
vn -0.0021 0.7646 0.6445
vn 0.0469 0.7595 0.6488
vn -0.0805 0.7595 0.6455
vn -0.1697 0.7608 0.6264
vn -0.1283 0.7644 0.6318
vn -0.2050 0.7595 0.6174
vn -0.2883 0.7609 0.5812
vn -0.2495 0.7642 0.5947
vn -0.3609 0.7640 0.5348
vn -0.3216 0.7596 0.5653
vn -0.3959 0.7611 0.5138
vn -0.4584 0.7638 0.4544
vn -0.4258 0.7598 0.4914
vn -0.4884 0.7611 0.4268
vn -0.5382 0.7636 0.3567
vn -0.5135 0.7600 0.3984
vn -0.5623 0.7611 0.3233
vn -0.5974 0.7634 0.2455
vn -0.5814 0.7602 0.2900
vn -0.6147 0.7610 0.2073
vn -0.6266 0.7604 0.1705
vn -0.6435 0.7609 0.0831
vn -0.6338 0.7633 0.1251
vn -0.6476 0.7607 0.0445
vn -0.6476 0.7607 -0.0445
vn -0.6460 0.7633 -0.0000
vn -0.6435 0.7609 -0.0831
vn -0.6266 0.7604 -0.1705
vn -0.6338 0.7633 -0.1251
vn -0.6147 0.7610 -0.2073
vn -0.5814 0.7602 -0.2900
vn -0.5974 0.7634 -0.2455
vn -0.5623 0.7611 -0.3233
vn -0.5135 0.7600 -0.3984
vn -0.5382 0.7636 -0.3567
vn -0.4584 0.7638 -0.4544
vn -0.4884 0.7611 -0.4268
vn -0.4258 0.7598 -0.4914
vn -0.3609 0.7640 -0.5348
vn -0.3959 0.7611 -0.5138
vn -0.3216 0.7596 -0.5653
vn -0.2495 0.7642 -0.5947
vn -0.2883 0.7609 -0.5812
vn -0.2050 0.7595 -0.6174
vn -0.1283 0.7644 -0.6318
vn -0.1697 0.7608 -0.6264
vn -0.0805 0.7595 -0.6455
vn -0.0446 0.7606 -0.6477
vn 0.0469 0.7595 -0.6488
vn -0.0021 0.7646 -0.6445
vn 0.0823 0.7605 -0.6441
vn 0.1725 0.7595 -0.6272
vn 0.1242 0.7647 -0.6323
vn 0.2062 0.7603 -0.6159
vn 0.2913 0.7596 -0.5815
vn 0.2457 0.7647 -0.5957
vn 0.3223 0.7602 -0.5641
vn 0.3988 0.7598 -0.5135
vn 0.3576 0.7647 -0.5361
vn 0.4261 0.7602 -0.4905
vn 0.4911 0.7599 -0.4259
vn 0.4556 0.7646 -0.4558
vn 0.5360 0.7645 -0.3581
vn 0.5136 0.7601 -0.3980
vn 0.5645 0.7600 -0.3220
vn 0.5957 0.7644 -0.2466
vn 0.5814 0.7601 -0.2902
vn 0.6164 0.7601 -0.2058
vn 0.6324 0.7644 -0.1257
vn 0.6268 0.7601 -0.1712
vn 0.6446 0.7601 -0.0817
vn 0.6448 0.7644 -0.0000
vn 0.6482 0.7601 -0.0456
vn 0.6482 0.7601 0.0456
vn 0.6446 0.7601 0.0817
vn 0.6268 0.7601 0.1712
vn 0.6324 0.7644 0.1257
vn 0.6164 0.7601 0.2058
vn 0.5814 0.7601 0.2902
vn 0.5957 0.7644 0.2466
vn 0.5646 0.7600 0.3220
vn 0.5136 0.7601 0.3980
vn 0.5360 0.7645 0.3581
vn 0.4911 0.7599 0.4259
vn 0.4261 0.7602 0.4905
vn 0.4556 0.7646 0.4558
vn 0.3576 0.7647 0.5361
vn 0.3988 0.7598 0.5135
vn 0.3223 0.7602 0.5641
vn 0.2457 0.7647 0.5957
vn 0.2913 0.7596 0.5815
vn 0.2062 0.7603 0.6159
vn 0.1242 0.7647 0.6323
vn 0.1725 0.7595 0.6272
vn 0.0823 0.7605 0.6441
vn 0.0450 0.7408 -0.6703
vn -0.0471 0.7418 -0.6689
vn 0.0024 0.7378 -0.6750
vn 0.0844 0.7418 -0.6653
vn 0.1337 0.7377 -0.6618
vn 0.1752 0.7409 -0.6483
vn 0.2128 0.7417 -0.6361
vn 0.2599 0.7376 -0.6232
vn 0.2985 0.7411 -0.6015
vn 0.3331 0.7416 -0.5824
vn 0.3761 0.7377 -0.5607
vn 0.4102 0.7411 -0.5315
vn 0.4406 0.7414 -0.5061
vn 0.4780 0.7377 -0.4767
vn 0.5060 0.7412 -0.4411
vn 0.5311 0.7413 -0.4103
vn 0.5616 0.7378 -0.3745
vn 0.5823 0.7412 -0.3339
vn 0.6011 0.7412 -0.2987
vn 0.6237 0.7379 -0.2580
vn 0.6363 0.7412 -0.2139
vn 0.6479 0.7412 -0.1756
vn 0.6619 0.7380 -0.1315
vn 0.6658 0.7412 -0.0857
vn 0.6698 0.7412 -0.0458
vn 0.6748 0.7380 -0.0000
vn 0.6698 0.7412 0.0458
vn 0.6658 0.7412 0.0857
vn 0.6619 0.7380 0.1315
vn 0.6479 0.7412 0.1756
vn 0.6363 0.7412 0.2139
vn 0.6237 0.7379 0.2580
vn 0.6011 0.7412 0.2987
vn 0.5823 0.7412 0.3339
vn 0.5616 0.7378 0.3745
vn 0.5311 0.7413 0.4103
vn 0.5060 0.7412 0.4411
vn 0.4780 0.7377 0.4767
vn 0.4406 0.7414 0.5061
vn 0.4102 0.7411 0.5315
vn 0.3761 0.7377 0.5607
vn 0.3331 0.7416 0.5824
vn 0.2985 0.7411 0.6015
vn 0.2599 0.7376 0.6232
vn 0.2128 0.7417 0.6361
vn 0.1752 0.7409 0.6483
vn 0.1337 0.7377 0.6618
vn 0.0844 0.7418 0.6653
vn 0.0450 0.7408 0.6703
vn 0.0024 0.7378 0.6750
vn -0.0471 0.7418 0.6689
vn -0.0870 0.7406 0.6663
vn -0.1290 0.7380 0.6624
vn -0.1768 0.7418 0.6469
vn -0.2158 0.7404 0.6366
vn -0.2555 0.7382 0.6243
vn -0.2995 0.7418 0.6001
vn -0.3362 0.7403 0.5823
vn -0.3723 0.7385 0.5622
vn -0.4107 0.7417 0.5303
vn -0.4435 0.7402 0.5054
vn -0.4747 0.7387 0.4784
vn -0.5062 0.7415 0.4404
vn -0.5337 0.7401 0.4092
vn -0.5590 0.7390 0.3761
vn -0.5823 0.7413 0.3338
vn -0.6031 0.7402 0.2973
vn -0.6216 0.7392 0.2592
vn -0.6364 0.7410 0.2143
vn -0.6493 0.7403 0.1741
vn -0.6603 0.7393 0.1322
vn -0.6662 0.7408 0.0866
vn -0.6706 0.7405 0.0445
vn -0.6733 0.7393 -0.0000
vn -0.6706 0.7405 -0.0445
vn -0.6662 0.7408 -0.0866
vn -0.6603 0.7393 -0.1322
vn -0.6493 0.7403 -0.1741
vn -0.6364 0.7410 -0.2143
vn -0.6216 0.7392 -0.2592
vn -0.6031 0.7402 -0.2973
vn -0.5823 0.7413 -0.3338
vn -0.5590 0.7390 -0.3761
vn -0.5337 0.7401 -0.4092
vn -0.5062 0.7415 -0.4404
vn -0.4747 0.7387 -0.4785
vn -0.4435 0.7402 -0.5054
vn -0.4107 0.7417 -0.5303
vn -0.3723 0.7385 -0.5622
vn -0.3362 0.7403 -0.5823
vn -0.2995 0.7418 -0.6001
vn -0.2555 0.7382 -0.6243
vn -0.2158 0.7404 -0.6366
vn -0.1768 0.7418 -0.6469
vn -0.1290 0.7380 -0.6624
vn -0.0870 0.7406 -0.6663
vn -0.0000 1.0000 0.0001
vn 0.0001 1.0000 -0.0000
vn 0.0001 1.0000 -0.0001
vn -0.0000 1.0000 -0.0001
vn -0.0001 1.0000 -0.0000
vn -0.1266 -0.7428 0.6574
vn -0.0043 0.7517 0.6595
vn 0.0043 -0.7517 0.6595
vn -0.2567 -0.7333 0.6295
vn -0.1312 0.7598 0.6368
vn -0.3808 -0.7236 0.5757
vn -0.2495 0.7670 0.5911
vn -0.4930 -0.7142 0.4968
vn -0.3557 0.7732 0.5250
vn -0.5878 -0.7058 0.3953
vn -0.4463 0.7785 0.4413
vn -0.6600 -0.6992 0.2749
vn -0.5189 0.7828 0.3433
vn -0.7052 -0.6949 0.1411
vn -0.5718 0.7861 0.2347
vn -0.7206 -0.6934 -0.0000
vn -0.6039 0.7881 0.1191
vn -0.6039 0.7881 -0.1191
vn -0.6146 0.7888 -0.0000
vn -0.7052 -0.6949 -0.1411
vn -0.5718 0.7861 -0.2347
vn -0.6600 -0.6992 -0.2749
vn -0.5189 0.7828 -0.3433
vn -0.5878 -0.7058 -0.3953
vn -0.4463 0.7785 -0.4413
vn -0.4930 -0.7142 -0.4968
vn -0.3557 0.7732 -0.5250
vn -0.3808 -0.7236 -0.5757
vn -0.2495 0.7670 -0.5911
vn -0.2567 -0.7333 -0.6295
vn -0.1312 0.7598 -0.6368
vn -0.1266 -0.7428 -0.6574
vn -0.0043 0.7517 -0.6595
vn 0.0043 -0.7517 -0.6595
vn 0.1266 0.7428 -0.6574
vn 0.1312 -0.7598 -0.6368
vn 0.2567 0.7333 -0.6296
vn 0.2495 -0.7670 -0.5911
vn 0.3808 0.7236 -0.5757
vn 0.3557 -0.7732 -0.5250
vn 0.4930 0.7142 -0.4968
vn 0.4463 -0.7785 -0.4413
vn 0.5878 0.7058 -0.3953
vn 0.5189 -0.7828 -0.3433
vn 0.6600 0.6992 -0.2749
vn 0.5718 -0.7861 -0.2347
vn 0.7052 0.6949 -0.1411
vn 0.6039 -0.7881 -0.1191
vn 0.7206 0.6934 -0.0000
vn 0.6039 -0.7881 0.1191
vn 0.6146 -0.7888 -0.0000
vn 0.5718 -0.7861 0.2347
vn 0.7052 0.6949 0.1411
vn 0.5189 -0.7828 0.3433
vn 0.6600 0.6992 0.2749
vn 0.4463 -0.7785 0.4413
vn 0.5878 0.7058 0.3953
vn 0.3557 -0.7732 0.5250
vn 0.4930 0.7142 0.4968
vn 0.2495 -0.7670 0.5911
vn 0.3808 0.7236 0.5757
vn 0.1312 -0.7598 0.6368
vn 0.2567 0.7333 0.6296
vn 0.1266 0.7428 0.6574
vn 0.7549 0.6558 -0.0000
vn 0.1952 0.0248 -0.9804
vn 0.3826 0.0487 -0.9226
vn 0.5546 0.0705 -0.8291
vn 0.7047 0.0896 -0.7039
vn 0.8271 0.1052 -0.5521
vn 0.9177 0.1167 -0.3797
vn 0.9733 0.1238 -0.1934
vn 0.9920 0.1262 -0.0000
vn 0.9733 0.1238 0.1934
vn 0.9177 0.1167 0.3797
vn 0.8271 0.1052 0.5521
vn 0.7047 0.0896 0.7039
vn 0.5546 0.0705 0.8291
vn 0.3826 0.0487 0.9226
vn 0.1952 0.0248 0.9804
vn -0.1952 -0.0248 0.9804
vn -0.3826 -0.0487 0.9226
vn -0.5546 -0.0706 0.8291
vn -0.7046 -0.0896 0.7039
vn -0.8271 -0.1052 0.5520
vn -0.9177 -0.1167 0.3797
vn -0.9733 -0.1238 0.1934
vn -0.9920 -0.1262 -0.0000
vn -0.9733 -0.1238 -0.1934
vn -0.9177 -0.1167 -0.3797
vn -0.8271 -0.1052 -0.5521
vn -0.7047 -0.0896 -0.7039
vn -0.5546 -0.0706 -0.8291
vn -0.3826 -0.0487 -0.9226
vn -0.1952 -0.0248 -0.9804
vn 0.0009 -1.0000 0.0001
vn 0.0009 -1.0000 0.0002
vn 0.0010 -1.0000 0.0001
vn 0.0011 -1.0000 -0.0000
vn 0.0010 -1.0000 -0.0000
vn 0.0012 -1.0000 -0.0000
vn 0.0009 -1.0000 -0.0001
vn 0.0009 -1.0000 -0.0002
vn 0.0008 -1.0000 -0.0000
vn -0.0257 -0.9997 -0.0012
vn -0.0009 1.0000 0.0001
vn -0.0009 1.0000 0.0002
vn -0.0010 1.0000 0.0001
vn -0.0011 1.0000 0.0001
vn -0.0012 1.0000 -0.0000
vn -0.0011 1.0000 -0.0000
vn -0.0011 1.0000 -0.0001
vn -0.0010 1.0000 -0.0001
vn -0.0009 1.0000 -0.0002
vn -0.0009 1.0000 -0.0001
vn 1.0000 0.0064 -0.0000
vn 0.9996 0.0275 -0.0000
vt 0.000000 0.000000
vt 0.906250 0.875000
vt 0.937500 0.875000
vt 0.116663 0.449553
vt 0.158156 0.471731
vt 0.093750 0.875000
vt 0.062500 0.875000
vt 0.875000 0.875000
vt 0.050447 0.116663
vt 0.080294 0.080294
vt 0.031250 0.875000
vt 0.449553 0.116663
vt 0.419706 0.080294
vt 0.843750 0.875000
vt 0.383337 0.449553
vt 0.341844 0.471731
vt 0.000000 0.875000
vt 0.812500 0.875000
vt 0.080294 0.419706
vt 0.781250 0.875000
vt 0.116663 0.050447
vt 0.471731 0.158156
vt 0.750000 0.875000
vt 0.296822 0.485388
vt 0.718750 0.875000
vt 0.050447 0.383337
vt 0.687500 0.875000
vt 0.158156 0.028269
vt 0.485388 0.203178
vt 0.656250 0.875000
vt 0.625000 0.875000
vt 0.028269 0.341844
vt 0.250000 0.490000
vt 0.593750 0.875000
vt 0.203178 0.014612
vt 0.490000 0.250000
vt 0.562500 0.875000
vt 0.204967 0.476394
vt 0.250000 0.480829
vt 0.531250 0.875000
vt 0.014612 0.296822
vt 0.794606 0.025749
vt 0.525749 0.205394
vt 0.705394 0.474251
vt 0.622972 0.059889
vt 0.662502 0.038760
vt 0.919716 0.088719
vt 0.940767 0.115360
vt 0.919270 0.089165
vt 0.705394 0.025749
vt 0.845077 0.463952
vt 0.874721 0.447395
vt 0.875072 0.447919
vt 0.615010 0.441292
vt 0.589165 0.419270
vt 0.615360 0.440767
vt 0.750000 0.021356
vt 0.615010 0.058708
vt 0.589165 0.080730
vt 0.588719 0.080284
vt 0.947919 0.124928
vt 0.963369 0.155164
vt 0.947395 0.125279
vt 0.837498 0.038760
vt 0.801511 0.478389
vt 0.833815 0.467934
vt 0.834057 0.468516
vt 0.580284 0.411281
vt 0.559233 0.384640
vt 0.580730 0.410835
vt 0.877028 0.059889
vt 0.654922 0.036048
vt 0.625279 0.052605
vt 0.624928 0.052081
vt 0.911676 0.088324
vt 0.968516 0.165943
vt 0.977771 0.198612
vt 0.967934 0.166185
vt 0.911676 0.088324
vt 0.940111 0.122972
vt 0.552081 0.375072
vt 0.536631 0.344836
vt 0.552605 0.374721
vt 0.940111 0.122972
vt 0.961240 0.162502
vt 0.755964 0.484050
vt 0.789688 0.480098
vt 0.789811 0.480716
vt 0.698489 0.021611
vt 0.666185 0.032066
vt 0.665943 0.031483
vt 0.974251 0.205394
vt 0.980716 0.210189
vt 0.983419 0.244036
vt 0.980098 0.210312
vt 0.978644 0.250000
vt 0.531484 0.334057
vt 0.522229 0.301388
vt 0.532066 0.333815
vt 0.974251 0.294606
vt 0.978644 0.250000
vt 0.710189 0.019284
vt 0.744035 0.016581
vt 0.710312 0.019902
vt 0.961239 0.337498
vt 0.794606 0.474251
vt 0.837498 0.461240
vt 0.980716 0.289811
vt 0.983419 0.255964
vt 0.984050 0.255964
vt 0.940111 0.377028
vt 0.968750 0.500000
vt 0.937500 0.500000
vt 0.906250 0.500000
vt 0.875000 0.500000
vt 0.843750 0.500000
vt 0.812500 0.500000
vt 0.781250 0.500000
vt 0.750000 0.500000
vt 0.718750 0.500000
vt 0.687500 0.500000
vt 0.656250 0.500000
vt 0.625000 0.500000
vt 0.593750 0.500000
vt 0.562500 0.500000
vt 0.531250 0.500000
vt 0.500000 0.500000
vt 0.468750 0.500000
vt 0.437500 0.500000
vt 0.406250 0.500000
vt 0.375000 0.500000
vt 0.343750 0.500000
vt 0.312500 0.500000
vt 0.281250 0.500000
vt 0.250000 0.500000
vt 0.218750 0.500000
vt 0.187500 0.500000
vt 0.156250 0.500000
vt 0.125000 0.500000
vt 0.093750 0.500000
vt 0.062500 0.500000
vt 0.031250 0.500000
vt 0.750000 0.478644
vt 1.000000 0.500000
vt 0.580284 0.088719
vt 0.559233 0.115360
vt 0.558708 0.115010
vt 0.588324 0.088324
vt 0.654922 0.463951
vt 0.625278 0.447395
vt 0.655164 0.463369
vt 0.884990 0.441292
vt 0.910835 0.419270
vt 0.911281 0.419716
vt 0.559889 0.122972
vt 0.559889 0.122972
vt 0.884990 0.058708
vt 0.910835 0.080730
vt 0.884640 0.059233
vt 0.538760 0.162502
vt 0.552081 0.124928
vt 0.536631 0.155164
vt 0.536049 0.154922
vt 0.698489 0.478389
vt 0.666185 0.467934
vt 0.698612 0.477771
vt 0.919716 0.411281
vt 0.940767 0.384640
vt 0.941292 0.384990
vt 0.521356 0.250000
vt 0.845077 0.036048
vt 0.874721 0.052605
vt 0.844836 0.036631
vt 0.525749 0.294606
vt 0.531484 0.165943
vt 0.522230 0.198612
vt 0.521611 0.198489
vt 0.538760 0.337498
vt 0.710189 0.480716
vt 0.744036 0.483419
vt 0.744035 0.484050
vt 0.947919 0.375072
vt 0.963369 0.344836
vt 0.963951 0.345078
vt 0.559889 0.377028
vt 0.801511 0.021611
vt 0.833815 0.032066
vt 0.801388 0.022230
vt 0.588324 0.411676
vt 0.750000 0.478644
vt 0.519284 0.210189
vt 0.516581 0.244036
vt 0.515950 0.244036
vt 0.622972 0.440111
vt 0.877028 0.440111
vt 0.968516 0.334057
vt 0.977771 0.301388
vt 0.978389 0.301511
vt 0.662502 0.461240
vt 0.911676 0.411676
vt 0.755964 0.015950
vt 0.789688 0.019902
vt 0.755964 0.016581
vt 0.519284 0.289811
vt 0.516581 0.255964
vt 0.519902 0.289688
vt 0.750000 0.483419
vt 0.750000 0.490000
vt 0.796822 0.485388
vt 0.795538 0.478934
vt 0.841844 0.471731
vt 0.839326 0.465651
vt 0.883337 0.449553
vt 0.879681 0.444081
vt 0.919706 0.419706
vt 0.915052 0.415052
vt 0.949553 0.383337
vt 0.944081 0.379681
vt 0.971731 0.341844
vt 0.965651 0.339326
vt 0.985388 0.296822
vt 0.978934 0.295538
vt 0.983419 0.250000
vt 0.990000 0.250000
vt 0.978934 0.204462
vt 0.985388 0.203178
vt 0.965651 0.160674
vt 0.971731 0.158156
vt 0.944081 0.120319
vt 0.949553 0.116663
vt 0.919706 0.080294
vt 0.915052 0.084948
vt 0.883337 0.050447
vt 0.879681 0.055919
vt 0.841844 0.028269
vt 0.839326 0.034349
vt 0.796822 0.014612
vt 0.795538 0.021066
vt 0.750000 0.016581
vt 0.750000 0.010000
vt 0.704462 0.021066
vt 0.703178 0.014612
vt 0.698612 0.022230
vt 0.660674 0.034349
vt 0.658156 0.028269
vt 0.655164 0.036631
vt 0.620319 0.055919
vt 0.616663 0.050447
vt 0.615360 0.059233
vt 0.584948 0.084948
vt 0.580294 0.080294
vt 0.580730 0.089165
vt 0.550447 0.116663
vt 0.552605 0.125279
vt 0.555919 0.120319
vt 0.528269 0.158156
vt 0.532066 0.166185
vt 0.534349 0.160674
vt 0.514612 0.203178
vt 0.519902 0.210312
vt 0.521066 0.204462
vt 0.510000 0.250000
vt 0.516581 0.250000
vt 0.514612 0.296822
vt 0.521066 0.295538
vt 0.528269 0.341844
vt 0.534349 0.339326
vt 0.550447 0.383337
vt 0.555919 0.379681
vt 0.580294 0.419706
vt 0.584948 0.415052
vt 0.616663 0.449553
vt 0.620319 0.444081
vt 0.658156 0.471731
vt 0.660674 0.465651
vt 0.703178 0.485388
vt 0.704462 0.478934
vt 0.984050 0.244036
vt 0.978389 0.198489
vt 0.963951 0.154922
vt 0.941292 0.115009
vt 0.911281 0.080284
vt 0.875072 0.052081
vt 0.834057 0.031483
vt 0.789811 0.019284
vt 0.744035 0.015950
vt 0.515950 0.255964
vt 0.521611 0.301511
vt 0.536048 0.345078
vt 0.558708 0.384990
vt 0.588719 0.419716
vt 0.624928 0.447919
vt 0.665943 0.468517
vt 0.755964 0.483419
vt 0.801388 0.477771
vt 0.844836 0.463369
vt 0.884640 0.440767
vt 0.919270 0.410835
vt 0.947395 0.374721
vt 0.967934 0.333815
vt 0.980098 0.289688
vt 0.710312 0.480098
vt 0.000000 0.500000
vt 0.295033 0.476394
vt 0.338335 0.463258
vt 0.378242 0.441927
vt 0.413221 0.413221
vt 0.441927 0.378242
vt 0.419706 0.419706
vt 0.463258 0.338335
vt 0.449553 0.383337
vt 0.476394 0.295033
vt 0.471731 0.341844
vt 0.480829 0.250000
vt 0.485388 0.296822
vt 0.476394 0.204967
vt 0.463258 0.161665
vt 0.441927 0.121758
vt 0.413221 0.086779
vt 0.383337 0.050447
vt 0.378242 0.058073
vt 0.341844 0.028269
vt 0.338335 0.036742
vt 0.296822 0.014612
vt 0.295033 0.023606
vt 0.250000 0.010000
vt 0.204967 0.023606
vt 0.250000 0.019171
vt 0.161665 0.036742
vt 0.121758 0.058073
vt 0.086779 0.086779
vt 0.058073 0.121758
vt 0.036742 0.161666
vt 0.023606 0.204967
vt 0.028269 0.158156
vt 0.019171 0.250000
vt 0.014612 0.203178
vt 0.010000 0.250000
vt 0.023606 0.295033
vt 0.036742 0.338335
vt 0.058073 0.378242
vt 0.086779 0.413221
vt 0.121758 0.441927
vt 0.161666 0.463258
vt 0.203178 0.485388
vt 0.031250 0.750000
vt 0.062500 0.750000
vt 0.093750 0.750000
vt 0.125000 0.750000
vt 0.156250 0.750000
vt 0.187500 0.750000
vt 0.218750 0.750000
vt 0.250000 0.750000
vt 0.281250 0.750000
vt 0.312500 0.750000
vt 0.343750 0.750000
vt 0.375000 0.750000
vt 0.406250 0.750000
vt 0.437500 0.750000
vt 0.468750 0.750000
vt 0.500000 0.750000
vt 0.531250 0.750000
vt 0.562500 0.750000
vt 0.593750 0.750000
vt 0.625000 0.750000
vt 0.656250 0.750000
vt 0.687500 0.750000
vt 0.718750 0.750000
vt 0.781250 0.750000
vt 0.812500 0.750000
vt 0.843750 0.750000
vt 0.875000 0.750000
vt 0.906250 0.750000
vt 0.937500 0.750000
vt 0.968750 0.750000
vt 1.000000 0.750000
vt 0.000000 0.750000
vt 0.125000 0.875000
vt 0.156250 0.875000
vt 0.187500 0.875000
vt 0.218750 0.875000
vt 0.250000 0.875000
vt 0.281250 0.875000
vt 0.312500 0.875000
vt 0.343750 0.875000
vt 0.375000 0.875000
vt 0.406250 0.875000
vt 0.437500 0.875000
vt 0.468750 0.875000
vt 0.500000 0.875000
vt 0.750000 0.750000
vt 0.968750 0.875000
vt 1.000000 0.875000
vt 1.000000 1.000000
vt 0.968750 1.000000
vt 0.937500 1.000000
vt 0.906250 1.000000
vt 0.875000 1.000000
vt 0.843750 1.000000
vt 0.812500 1.000000
vt 0.781250 1.000000
vt 0.718750 1.000000
vt 0.687500 1.000000
vt 0.656250 1.000000
vt 0.625000 1.000000
vt 0.593750 1.000000
vt 0.562500 1.000000
vt 0.531250 1.000000
vt 0.500000 1.000000
vt 0.468750 1.000000
vt 0.437500 1.000000
vt 0.406250 1.000000
vt 0.375000 1.000000
vt 0.343750 1.000000
vt 0.312500 1.000000
vt 0.281250 1.000000
vt 0.250000 1.000000
vt 0.218750 1.000000
vt 0.187500 1.000000
vt 0.156250 1.000000
vt 0.125000 1.000000
vt 0.093750 1.000000
vt 0.062500 1.000000
vt 0.031250 1.000000
vt 0.583586 0.996089
vt 0.833763 0.964084
vt 0.833763 0.996089
vt 0.583586 0.964084
vt 0.833763 0.932080
vt 0.583586 0.932080
vt 0.833763 0.900075
vt 0.583586 0.900075
vt 0.833763 0.868071
vt 0.583586 0.868071
vt 0.833763 0.836066
vt 0.583586 0.836066
vt 0.833763 0.804062
vt 0.583586 0.804062
vt 0.833763 0.772057
vt 0.583586 0.772057
vt 0.833763 0.740053
vt 0.583586 0.708048
vt 0.833763 0.708048
vt 0.583586 0.676044
vt 0.833763 0.676044
vt 0.583586 0.644039
vt 0.833763 0.644039
vt 0.583586 0.612035
vt 0.833763 0.612035
vt 0.583586 0.580030
vt 0.833763 0.580030
vt 0.583586 0.548026
vt 0.833763 0.548026
vt 0.583586 0.516021
vt 0.833763 0.516021
vt 0.583586 0.484017
vt 0.833763 0.484017
vt 0.583586 0.452012
vt 0.833763 0.452012
vt 0.583586 0.420008
vt 0.833763 0.420008
vt 0.583586 0.388003
vt 0.833763 0.388003
vt 0.583586 0.355999
vt 0.833763 0.355999
vt 0.583586 0.323994
vt 0.833763 0.323994
vt 0.583586 0.291990
vt 0.833763 0.291990
vt 0.583586 0.259985
vt 0.833763 0.259985
vt 0.583586 0.227981
vt 0.833763 0.227981
vt 0.833763 0.195976
vt 0.583586 0.195976
vt 0.833763 0.163972
vt 0.583586 0.163972
vt 0.833763 0.131967
vt 0.583586 0.131967
vt 0.833763 0.099963
vt 0.583586 0.099963
vt 0.833763 0.067958
vt 0.583586 0.067958
vt 0.833763 0.035954
vt 0.583586 0.035954
vt 0.833763 0.003949
vt 0.583586 0.003949
vt 0.833763 -0.028055
vt 0.750000 1.000000
vt 0.583586 0.740053
vt 0.583586 -0.028055
vt 0.000000 1.000000
s 1
usemtl Plastic
f 102/1/1 1/1/2 98/1/2
f 133/1/3 117/1/3 101/1/3
f 99/1/4 32/1/5 160/1/5
f 106/1/6 4/1/7 104/1/7
f 106/1/6 6/1/8 5/1/6
f 108/1/8 7/1/9 6/1/8
f 112/1/10 7/1/9 110/1/9
f 114/1/11 8/1/10 112/1/10
f 116/1/12 9/1/11 114/1/11
f 118/1/13 10/1/12 116/1/12
f 120/1/14 11/1/13 118/1/13
f 122/1/15 12/1/14 120/1/14
f 124/1/16 13/1/15 122/1/15
f 124/1/16 15/1/17 14/1/16
f 126/1/17 16/1/18 15/1/17
f 128/1/18 17/1/19 16/1/18
f 132/1/20 17/1/19 130/1/19
f 134/1/21 18/1/20 132/1/20
f 136/1/22 19/1/21 134/1/21
f 138/1/23 20/1/22 136/1/22
f 138/1/23 22/1/24 21/1/23
f 140/1/24 23/1/25 22/1/24
f 144/1/26 23/1/25 142/1/25
f 144/1/26 25/1/27 24/1/26
f 148/1/28 25/1/27 146/1/27
f 150/1/29 26/1/28 148/1/28
f 152/1/30 27/1/29 150/1/29
f 154/1/31 28/1/30 152/1/30
f 154/1/31 30/1/32 29/1/31
f 156/1/32 31/1/33 30/1/32
f 158/1/33 32/1/5 31/1/33
f 63/1/34 61/1/35 64/1/34
f 104/1/7 3/1/1 102/1/1
f 27/1/36 92/1/37 91/1/38
f 15/1/39 78/1/40 14/1/41
f 1/1/42 66/1/43 2/1/44
f 29/1/45 92/1/37 28/1/46
f 16/1/47 79/1/48 15/1/39
f 1/1/42 67/1/49 65/1/50
f 29/1/45 94/1/51 93/1/52
f 17/1/53 80/1/54 16/1/47
f 3/1/55 68/1/56 67/1/49
f 31/1/57 94/1/51 30/1/58
f 18/1/59 81/1/60 17/1/53
f 5/1/61 68/1/56 4/1/62
f 31/1/57 96/1/63 95/1/64
f 19/1/65 82/1/66 18/1/59
f 6/1/67 69/1/68 5/1/61
f 2/1/44 96/1/63 32/1/69
f 19/1/65 84/1/70 83/1/71
f 7/1/72 70/1/73 6/1/67
f 21/1/74 84/1/70 20/1/75
f 8/1/76 71/1/77 7/1/72
f 22/1/78 85/1/79 21/1/74
f 9/1/80 72/1/81 8/1/76
f 23/1/82 86/1/83 22/1/78
f 10/1/84 73/1/85 9/1/80
f 24/1/86 87/1/87 23/1/82
f 11/1/88 74/1/89 10/1/84
f 24/1/86 89/1/90 88/1/91
f 11/1/88 76/1/92 75/1/93
f 26/1/94 89/1/90 25/1/95
f 13/1/96 76/1/92 12/1/97
f 27/1/36 90/1/98 26/1/94
f 13/1/96 78/1/40 77/1/99
f 120/1/100 43/1/101 41/1/100
f 153/1/102 183/1/103 151/1/103
f 102/1/104 63/1/105 59/1/104
f 133/1/106 167/1/107 165/1/106
f 152/1/108 186/1/109 154/1/109
f 115/1/110 44/1/111 46/1/110
f 134/1/112 168/1/113 136/1/113
f 97/1/114 61/1/115 100/1/115
f 118/1/101 45/1/116 43/1/101
f 151/1/103 181/1/117 149/1/117
f 131/1/118 165/1/106 163/1/118
f 152/1/108 182/1/119 184/1/108
f 99/1/120 63/1/105 98/1/105
f 113/1/121 46/1/110 48/1/121
f 132/1/122 166/1/112 134/1/112
f 114/1/123 45/1/116 116/1/116
f 147/1/124 181/1/117 179/1/124
f 131/1/118 161/1/125 129/1/125
f 148/1/126 182/1/119 150/1/119
f 113/1/121 50/1/127 111/1/127
f 130/1/128 164/1/122 132/1/122
f 112/1/129 47/1/123 114/1/123
f 147/1/124 177/1/130 145/1/130
f 129/1/125 34/1/131 127/1/131
f 146/1/132 180/1/126 148/1/126
f 111/1/127 52/1/133 109/1/133
f 128/1/134 162/1/128 130/1/128
f 110/1/135 49/1/129 112/1/129
f 145/1/130 175/1/136 143/1/136
f 127/1/131 36/1/137 125/1/137
f 144/1/138 178/1/132 146/1/132
f 109/1/133 54/1/139 107/1/139
f 98/1/2 2/1/4 99/1/4
f 63/1/34 60/1/140 59/1/140
f 59/1/140 58/1/141 57/1/141
f 55/1/142 58/1/141 56/1/142
f 55/1/142 54/1/143 53/1/143
f 51/1/144 54/1/143 52/1/144
f 49/1/145 52/1/144 50/1/145
f 49/1/145 48/1/146 47/1/146
f 45/1/147 48/1/146 46/1/147
f 45/1/147 44/1/148 43/1/148
f 43/1/148 42/1/149 41/1/149
f 39/1/150 42/1/149 40/1/150
f 39/1/150 38/1/151 37/1/151
f 35/1/152 38/1/151 36/1/152
f 33/1/153 36/1/152 34/1/153
f 33/1/153 161/1/154 162/1/154
f 164/1/155 161/1/154 163/1/155
f 164/1/155 165/1/156 166/1/156
f 166/1/156 167/1/157 168/1/157
f 170/1/158 167/1/157 169/1/158
f 170/1/158 171/1/159 172/1/159
f 174/1/160 171/1/159 173/1/160
f 176/1/161 173/1/160 175/1/161
f 176/1/161 177/1/162 178/1/162
f 180/1/163 177/1/162 179/1/163
f 180/1/163 181/1/164 182/1/164
f 182/1/164 183/1/165 184/1/165
f 186/1/166 183/1/165 185/1/166
f 186/1/166 187/1/167 188/1/167
f 190/1/168 187/1/167 189/1/168
f 192/1/169 189/1/168 191/1/169
f 192/1/169 61/1/35 62/1/35
f 97/1/114 60/1/170 64/1/114
f 138/1/171 168/1/113 170/1/171
f 117/1/111 42/1/172 44/1/111
f 154/1/109 188/1/173 156/1/173
f 137/1/174 167/1/107 135/1/107
f 104/1/175 59/1/104 57/1/175
f 155/1/176 185/1/102 153/1/102
f 122/1/177 41/1/100 39/1/177
f 103/1/178 60/1/170 101/1/170
f 138/1/171 172/1/179 140/1/179
f 119/1/172 40/1/180 42/1/172
f 158/1/181 188/1/173 190/1/181
f 139/1/182 169/1/174 137/1/174
f 106/1/183 57/1/175 55/1/183
f 157/1/184 187/1/176 155/1/176
f 122/1/177 37/1/185 124/1/185
f 103/1/178 56/1/186 58/1/178
f 140/1/179 174/1/187 142/1/187
f 123/1/188 40/1/180 121/1/180
f 158/1/181 192/1/189 160/1/189
f 141/1/190 171/1/182 139/1/182
f 106/1/183 53/1/191 108/1/191
f 159/1/192 189/1/184 157/1/184
f 124/1/185 35/1/193 126/1/193
f 107/1/139 56/1/186 105/1/186
f 99/1/120 192/1/189 62/1/120
f 142/1/187 176/1/138 144/1/138
f 125/1/137 38/1/188 123/1/188
f 100/1/115 191/1/192 159/1/192
f 143/1/136 173/1/190 141/1/190
f 108/1/191 51/1/135 110/1/135
f 126/1/193 33/1/134 128/1/134
f 897/1/1322 998/1/1322 994/1/1322
f 1025/1/1322 1041/1/1322 996/1/1322
f 928/1/1322 995/1/1322 1056/1/1322
f 900/1/1322 1002/1/1322 1000/1/1322
f 1002/1/1322 902/1/1322 1004/1/1322
f 1004/1/1322 903/1/1322 1006/1/1322
f 903/1/1322 1008/1/1322 1006/1/1322
f 904/1/1322 1010/1/1322 1008/1/1322
f 1010/1/1322 906/1/1322 1012/1/1322
f 906/1/1322 1014/1/1322 1012/1/1322
f 907/1/1322 1016/1/1322 1014/1/1322
f 908/1/1322 1018/1/1322 1016/1/1322
f 909/1/1322 1020/1/1322 1018/1/1322
f 1020/1/1322 911/1/1322 1022/1/1322
f 911/1/1322 1024/1/1322 1022/1/1322
f 912/1/1322 1026/1/1322 1024/1/1322
f 913/1/1322 1028/1/1322 1026/1/1322
f 914/1/1322 1030/1/1322 1028/1/1322
f 915/1/1322 1032/1/1322 1030/1/1322
f 916/1/1322 1034/1/1322 1032/1/1322
f 1034/1/1322 918/1/1322 1036/1/1322
f 1036/1/1322 919/1/1322 1038/1/1322
f 919/1/1322 1040/1/1322 1038/1/1322
f 920/1/1322 1042/1/1322 1040/1/1322
f 921/1/1322 1044/1/1322 1042/1/1322
f 922/1/1322 1046/1/1322 1044/1/1322
f 923/1/1322 1048/1/1322 1046/1/1322
f 924/1/1322 1050/1/1322 1048/1/1322
f 925/1/1322 1052/1/1322 1050/1/1322
f 1052/1/1322 927/1/1322 1054/1/1322
f 927/1/1322 1056/1/1322 1054/1/1322
f 959/1/1322 957/1/1322 958/1/1322
f 899/1/1322 1000/1/1322 998/1/1322
f 987/1/1323 924/1/1324 923/1/1325
f 974/1/1326 911/1/1327 910/1/1328
f 962/1/1329 897/1/1330 898/1/1331
f 988/1/1332 925/1/1333 924/1/1324
f 975/1/1334 912/1/1335 911/1/1327
f 961/1/1336 899/1/1337 897/1/1330
f 989/1/1338 926/1/1339 925/1/1333
f 976/1/1340 913/1/1341 912/1/1335
f 963/1/1342 900/1/1343 899/1/1337
f 990/1/1344 927/1/1345 926/1/1339
f 977/1/1346 914/1/1347 913/1/1341
f 964/1/1348 901/1/1349 900/1/1343
f 991/1/1350 928/1/1351 927/1/1345
f 978/1/1352 915/1/1353 914/1/1347
f 965/1/1354 902/1/1355 901/1/1349
f 992/1/1356 898/1/1331 928/1/1351
f 979/1/1357 916/1/1358 915/1/1353
f 966/1/1359 903/1/1360 902/1/1355
f 980/1/1361 917/1/1362 916/1/1358
f 967/1/1363 904/1/1364 903/1/1360
f 981/1/1365 918/1/1366 917/1/1362
f 968/1/1367 905/1/1368 904/1/1364
f 982/1/1369 919/1/1370 918/1/1366
f 969/1/1371 906/1/1372 905/1/1368
f 983/1/1373 920/1/1374 919/1/1370
f 970/1/1375 907/1/1376 906/1/1372
f 984/1/1377 921/1/1378 920/1/1374
f 971/1/1379 908/1/1380 907/1/1376
f 985/1/1381 922/1/1382 921/1/1378
f 972/1/1383 909/1/1384 908/1/1380
f 986/1/1385 923/1/1325 922/1/1382
f 973/1/1386 910/1/1328 909/1/1384
f 937/1/1380 1014/1/1376 1016/1/1380
f 1079/1/1380 1049/1/1384 1047/1/1380
f 955/1/1337 994/1/1330 998/1/1337
f 1061/1/1337 1031/1/1343 1029/1/1337
f 1082/1/1333 1048/1/1324 1050/1/1333
f 942/1/1382 1013/1/1325 1011/1/1382
f 1064/1/1358 1030/1/1353 1032/1/1358
f 957/1/1341 993/1/1347 996/1/1341
f 939/1/1376 1012/1/1372 1014/1/1376
f 1077/1/1376 1047/1/1380 1045/1/1376
f 1059/1/1330 1029/1/1337 1027/1/1330
f 1080/1/1324 1046/1/1325 1048/1/1324
f 959/1/1330 995/1/1331 994/1/1330
f 944/1/1378 1011/1/1382 1009/1/1378
f 1062/1/1353 1028/1/1347 1030/1/1353
f 941/1/1372 1010/1/1368 1012/1/1372
f 1075/1/1372 1045/1/1376 1043/1/1372
f 1057/1/1331 1027/1/1330 1025/1/1331
f 1078/1/1325 1044/1/1382 1046/1/1325
f 946/1/1387 1009/1/1378 1007/1/1387
f 1060/1/1347 1026/1/1341 1028/1/1347
f 943/1/1368 1008/1/1388 1010/1/1368
f 1073/1/1368 1043/1/1372 1041/1/1368
f 930/1/1351 1025/1/1331 1023/1/1351
f 1076/1/1382 1042/1/1378 1044/1/1382
f 948/1/1370 1007/1/1387 1005/1/1370
f 1058/1/1341 1024/1/1335 1026/1/1341
f 945/1/1388 1006/1/1389 1008/1/1388
f 1071/1/1388 1041/1/1368 1039/1/1388
f 932/1/1345 1023/1/1351 1021/1/1345
f 1074/1/1378 1040/1/1387 1042/1/1378
f 950/1/1366 1005/1/1370 1003/1/1366
f 898/1/1322 994/1/1322 995/1/1322
f 956/1/1322 959/1/1322 955/1/1322
f 954/1/1322 955/1/1322 953/1/1322
f 951/1/1322 954/1/1322 953/1/1322
f 950/1/1322 951/1/1322 949/1/1322
f 947/1/1322 950/1/1322 949/1/1322
f 945/1/1322 948/1/1322 947/1/1322
f 944/1/1322 945/1/1322 943/1/1322
f 941/1/1322 944/1/1322 943/1/1322
f 940/1/1322 941/1/1322 939/1/1322
f 938/1/1322 939/1/1322 937/1/1322
f 935/1/1322 938/1/1322 937/1/1322
f 934/1/1322 935/1/1322 933/1/1322
f 931/1/1322 934/1/1322 933/1/1322
f 929/1/1322 932/1/1322 931/1/1322
f 1057/1/1322 929/1/1322 1058/1/1322
f 1060/1/1322 1057/1/1322 1058/1/1322
f 1061/1/1322 1060/1/1322 1062/1/1322
f 1063/1/1322 1062/1/1322 1064/1/1322
f 1066/1/1322 1063/1/1322 1064/1/1322
f 1067/1/1322 1066/1/1322 1068/1/1322
f 1070/1/1322 1067/1/1322 1068/1/1322
f 1072/1/1322 1069/1/1322 1070/1/1322
f 1073/1/1322 1072/1/1322 1074/1/1322
f 1076/1/1322 1073/1/1322 1074/1/1322
f 1077/1/1322 1076/1/1322 1078/1/1322
f 1079/1/1322 1078/1/1322 1080/1/1322
f 1082/1/1322 1079/1/1322 1080/1/1322
f 1083/1/1322 1082/1/1322 1084/1/1322
f 1086/1/1322 1083/1/1322 1084/1/1322
f 1088/1/1322 1085/1/1322 1086/1/1322
f 957/1/1322 1088/1/1322 958/1/1322
f 960/1/1347 997/1/1353 993/1/1347
f 1066/1/1362 1032/1/1358 1034/1/1362
f 940/1/1325 1015/1/1324 1013/1/1325
f 1084/1/1339 1050/1/1333 1052/1/1339
f 1063/1/1343 1033/1/1349 1031/1/1343
f 953/1/1343 998/1/1337 1000/1/1343
f 1081/1/1384 1051/1/1328 1049/1/1384
f 935/1/1384 1016/1/1380 1018/1/1384
f 956/1/1353 999/1/1358 997/1/1353
f 1068/1/1366 1034/1/1362 1036/1/1366
f 938/1/1324 1017/1/1333 1015/1/1324
f 1086/1/1345 1052/1/1339 1054/1/1345
f 1065/1/1349 1035/1/1355 1033/1/1349
f 951/1/1349 1000/1/1343 1002/1/1349
f 1083/1/1328 1053/1/1327 1051/1/1328
f 933/1/1328 1018/1/1384 1020/1/1328
f 954/1/1358 1001/1/1362 999/1/1358
f 1070/1/1370 1036/1/1366 1038/1/1370
f 936/1/1333 1019/1/1339 1017/1/1333
f 1088/1/1351 1054/1/1345 1056/1/1351
f 1067/1/1355 1037/1/1389 1035/1/1355
f 949/1/1355 1002/1/1349 1004/1/1355
f 1085/1/1327 1055/1/1335 1053/1/1327
f 931/1/1327 1020/1/1328 1022/1/1327
f 952/1/1362 1003/1/1366 1001/1/1362
f 958/1/1331 1056/1/1351 995/1/1331
f 1072/1/1387 1038/1/1370 1040/1/1387
f 934/1/1339 1021/1/1345 1019/1/1339
f 1087/1/1335 996/1/1341 1055/1/1335
f 1069/1/1389 1039/1/1388 1037/1/1389
f 947/1/1389 1004/1/1355 1006/1/1389
f 929/1/1335 1022/1/1327 1024/1/1335
f 65/1/50 962/1/1329 66/1/43
f 67/1/49 961/1/1336 65/1/50
f 68/1/56 963/1/1342 67/1/49
f 69/1/68 964/1/1348 68/1/56
f 69/1/68 966/1/1359 965/1/1354
f 71/1/77 966/1/1359 70/1/73
f 72/1/81 967/1/1363 71/1/77
f 73/1/85 968/1/1367 72/1/81
f 74/1/89 969/1/1371 73/1/85
f 75/1/93 970/1/1375 74/1/89
f 76/1/92 971/1/1379 75/1/93
f 77/1/99 972/1/1383 76/1/92
f 78/1/40 973/1/1386 77/1/99
f 79/1/48 974/1/1326 78/1/40
f 80/1/54 975/1/1334 79/1/48
f 80/1/54 977/1/1346 976/1/1340
f 82/1/66 977/1/1346 81/1/60
f 83/1/71 978/1/1352 82/1/66
f 84/1/70 979/1/1357 83/1/71
f 85/1/79 980/1/1361 84/1/70
f 85/1/79 982/1/1369 981/1/1365
f 87/1/87 982/1/1369 86/1/83
f 88/1/91 983/1/1373 87/1/87
f 89/1/90 984/1/1377 88/1/91
f 90/1/98 985/1/1381 89/1/90
f 91/1/38 986/1/1385 90/1/98
f 92/1/37 987/1/1323 91/1/38
f 93/1/52 988/1/1332 92/1/37
f 94/1/51 989/1/1338 93/1/52
f 94/1/51 991/1/1350 990/1/1344
f 96/1/63 991/1/1350 95/1/64
f 66/1/43 992/1/1356 96/1/63
f 102/1/1 3/1/1 1/1/2
f 101/1/3 97/1/3 100/1/3
f 100/1/3 159/1/3 157/1/3
f 157/1/3 155/1/3 153/1/3
f 153/1/3 151/1/3 149/1/3
f 149/1/3 147/1/3 145/1/3
f 145/1/3 143/1/3 141/1/3
f 141/1/3 139/1/3 137/1/3
f 137/1/3 135/1/3 133/1/3
f 133/1/3 131/1/3 129/1/3
f 129/1/3 127/1/3 125/1/3
f 125/1/3 123/1/3 121/1/3
f 121/1/3 119/1/3 117/1/3
f 117/1/3 115/1/3 113/1/3
f 113/1/3 111/1/3 109/1/3
f 109/1/3 107/1/3 105/1/3
f 105/1/3 103/1/3 101/1/3
f 101/1/3 100/1/3 157/1/3
f 157/1/3 153/1/3 149/1/3
f 149/1/3 145/1/3 141/1/3
f 141/1/3 137/1/3 133/1/3
f 133/1/3 129/1/3 125/1/3
f 125/1/3 121/1/3 117/1/3
f 117/1/3 113/1/3 109/1/3
f 109/1/3 105/1/3 101/1/3
f 101/1/3 157/1/3 149/1/3
f 149/1/3 141/1/3 133/1/3
f 133/1/3 125/1/3 117/1/3
f 117/1/3 109/1/3 101/1/3
f 101/1/3 149/1/3 133/1/3
f 99/1/4 2/1/4 32/1/5
f 106/1/6 5/1/6 4/1/7
f 106/1/6 108/1/8 6/1/8
f 108/1/8 110/1/9 7/1/9
f 112/1/10 8/1/10 7/1/9
f 114/1/11 9/1/11 8/1/10
f 116/1/12 10/1/12 9/1/11
f 118/1/13 11/1/13 10/1/12
f 120/1/14 12/1/14 11/1/13
f 122/1/15 13/1/15 12/1/14
f 124/1/16 14/1/16 13/1/15
f 124/1/16 126/1/17 15/1/17
f 126/1/17 128/1/18 16/1/18
f 128/1/18 130/1/19 17/1/19
f 132/1/20 18/1/20 17/1/19
f 134/1/21 19/1/21 18/1/20
f 136/1/22 20/1/22 19/1/21
f 138/1/23 21/1/23 20/1/22
f 138/1/23 140/1/24 22/1/24
f 140/1/24 142/1/25 23/1/25
f 144/1/26 24/1/26 23/1/25
f 144/1/26 146/1/27 25/1/27
f 148/1/28 26/1/28 25/1/27
f 150/1/29 27/1/29 26/1/28
f 152/1/30 28/1/30 27/1/29
f 154/1/31 29/1/31 28/1/30
f 154/1/31 156/1/32 30/1/32
f 156/1/32 158/1/33 31/1/33
f 158/1/33 160/1/5 32/1/5
f 63/1/34 62/1/35 61/1/35
f 104/1/7 4/1/7 3/1/1
f 27/1/36 28/1/46 92/1/37
f 15/1/39 79/1/48 78/1/40
f 1/1/42 65/1/50 66/1/43
f 29/1/45 93/1/52 92/1/37
f 16/1/47 80/1/54 79/1/48
f 1/1/42 3/1/55 67/1/49
f 29/1/45 30/1/58 94/1/51
f 17/1/53 81/1/60 80/1/54
f 3/1/55 4/1/62 68/1/56
f 31/1/57 95/1/64 94/1/51
f 18/1/59 82/1/66 81/1/60
f 5/1/61 69/1/68 68/1/56
f 31/1/57 32/1/69 96/1/63
f 19/1/65 83/1/71 82/1/66
f 6/1/67 70/1/73 69/1/68
f 2/1/44 66/1/43 96/1/63
f 19/1/65 20/1/75 84/1/70
f 7/1/72 71/1/77 70/1/73
f 21/1/74 85/1/79 84/1/70
f 8/1/76 72/1/81 71/1/77
f 22/1/78 86/1/83 85/1/79
f 9/1/80 73/1/85 72/1/81
f 23/1/82 87/1/87 86/1/83
f 10/1/84 74/1/89 73/1/85
f 24/1/86 88/1/91 87/1/87
f 11/1/88 75/1/93 74/1/89
f 24/1/86 25/1/95 89/1/90
f 11/1/88 12/1/97 76/1/92
f 26/1/94 90/1/98 89/1/90
f 13/1/96 77/1/99 76/1/92
f 27/1/36 91/1/38 90/1/98
f 13/1/96 14/1/41 78/1/40
f 120/1/100 118/1/101 43/1/101
f 153/1/102 185/1/102 183/1/103
f 102/1/104 98/1/105 63/1/105
f 133/1/106 135/1/107 167/1/107
f 152/1/108 184/1/108 186/1/109
f 115/1/110 117/1/111 44/1/111
f 134/1/112 166/1/112 168/1/113
f 97/1/114 64/1/114 61/1/115
f 118/1/101 116/1/116 45/1/116
f 151/1/103 183/1/103 181/1/117
f 131/1/118 133/1/106 165/1/106
f 152/1/108 150/1/119 182/1/119
f 99/1/120 62/1/120 63/1/105
f 113/1/121 115/1/110 46/1/110
f 132/1/122 164/1/122 166/1/112
f 114/1/123 47/1/123 45/1/116
f 147/1/124 149/1/117 181/1/117
f 131/1/118 163/1/118 161/1/125
f 148/1/126 180/1/126 182/1/119
f 113/1/121 48/1/121 50/1/127
f 130/1/128 162/1/128 164/1/122
f 112/1/129 49/1/129 47/1/123
f 147/1/124 179/1/124 177/1/130
f 129/1/125 161/1/125 34/1/131
f 146/1/132 178/1/132 180/1/126
f 111/1/127 50/1/127 52/1/133
f 128/1/134 33/1/134 162/1/128
f 110/1/135 51/1/135 49/1/129
f 145/1/130 177/1/130 175/1/136
f 127/1/131 34/1/131 36/1/137
f 144/1/138 176/1/138 178/1/132
f 109/1/133 52/1/133 54/1/139
f 98/1/2 1/1/2 2/1/4
f 63/1/34 64/1/34 60/1/140
f 59/1/140 60/1/140 58/1/141
f 55/1/142 57/1/141 58/1/141
f 55/1/142 56/1/142 54/1/143
f 51/1/144 53/1/143 54/1/143
f 49/1/145 51/1/144 52/1/144
f 49/1/145 50/1/145 48/1/146
f 45/1/147 47/1/146 48/1/146
f 45/1/147 46/1/147 44/1/148
f 43/1/148 44/1/148 42/1/149
f 39/1/150 41/1/149 42/1/149
f 39/1/150 40/1/150 38/1/151
f 35/1/152 37/1/151 38/1/151
f 33/1/153 35/1/152 36/1/152
f 33/1/153 34/1/153 161/1/154
f 164/1/155 162/1/154 161/1/154
f 164/1/155 163/1/155 165/1/156
f 166/1/156 165/1/156 167/1/157
f 170/1/158 168/1/157 167/1/157
f 170/1/158 169/1/158 171/1/159
f 174/1/160 172/1/159 171/1/159
f 176/1/161 174/1/160 173/1/160
f 176/1/161 175/1/161 177/1/162
f 180/1/163 178/1/162 177/1/162
f 180/1/163 179/1/163 181/1/164
f 182/1/164 181/1/164 183/1/165
f 186/1/166 184/1/165 183/1/165
f 186/1/166 185/1/166 187/1/167
f 190/1/168 188/1/167 187/1/167
f 192/1/169 190/1/168 189/1/168
f 192/1/169 191/1/169 61/1/35
f 97/1/114 101/1/170 60/1/170
f 138/1/171 136/1/113 168/1/113
f 117/1/111 119/1/172 42/1/172
f 154/1/109 186/1/109 188/1/173
f 137/1/174 169/1/174 167/1/107
f 104/1/175 102/1/104 59/1/104
f 155/1/176 187/1/176 185/1/102
f 122/1/177 120/1/100 41/1/100
f 103/1/178 58/1/178 60/1/170
f 138/1/171 170/1/171 172/1/179
f 119/1/172 121/1/180 40/1/180
f 158/1/181 156/1/173 188/1/173
f 139/1/182 171/1/182 169/1/174
f 106/1/183 104/1/175 57/1/175
f 157/1/184 189/1/184 187/1/176
f 122/1/177 39/1/177 37/1/185
f 103/1/178 105/1/186 56/1/186
f 140/1/179 172/1/179 174/1/187
f 123/1/188 38/1/188 40/1/180
f 158/1/181 190/1/181 192/1/189
f 141/1/190 173/1/190 171/1/182
f 106/1/183 55/1/183 53/1/191
f 159/1/192 191/1/192 189/1/184
f 124/1/185 37/1/185 35/1/193
f 107/1/139 54/1/139 56/1/186
f 99/1/120 160/1/189 192/1/189
f 142/1/187 174/1/187 176/1/138
f 125/1/137 36/1/137 38/1/188
f 100/1/115 61/1/115 191/1/192
f 143/1/136 175/1/136 173/1/190
f 108/1/191 53/1/191 51/1/135
f 126/1/193 35/1/193 33/1/134
f 897/1/1322 899/1/1322 998/1/1322
f 996/1/1322 993/1/1322 997/1/1322
f 997/1/1322 999/1/1322 1001/1/1322
f 1001/1/1322 1003/1/1322 1005/1/1322
f 1005/1/1322 1007/1/1322 1009/1/1322
f 1009/1/1322 1011/1/1322 1013/1/1322
f 1013/1/1322 1015/1/1322 1017/1/1322
f 1017/1/1322 1019/1/1322 1021/1/1322
f 1021/1/1322 1023/1/1322 1025/1/1322
f 1025/1/1322 1027/1/1322 1029/1/1322
f 1029/1/1322 1031/1/1322 1033/1/1322
f 1033/1/1322 1035/1/1322 1037/1/1322
f 1037/1/1322 1039/1/1322 1041/1/1322
f 1041/1/1322 1043/1/1322 1045/1/1322
f 1045/1/1322 1047/1/1322 1049/1/1322
f 1049/1/1322 1051/1/1322 1053/1/1322
f 1053/1/1322 1055/1/1322 996/1/1322
f 996/1/1322 997/1/1322 1001/1/1322
f 1001/1/1322 1005/1/1322 1009/1/1322
f 1009/1/1322 1013/1/1322 1017/1/1322
f 1017/1/1322 1021/1/1322 1025/1/1322
f 1025/1/1322 1029/1/1322 1033/1/1322
f 1033/1/1322 1037/1/1322 1041/1/1322
f 1041/1/1322 1045/1/1322 1049/1/1322
f 1049/1/1322 1053/1/1322 996/1/1322
f 996/1/1322 1001/1/1322 1009/1/1322
f 1009/1/1322 1017/1/1322 1025/1/1322
f 1025/1/1322 1033/1/1322 1041/1/1322
f 1041/1/1322 1049/1/1322 996/1/1322
f 996/1/1322 1009/1/1322 1025/1/1322
f 928/1/1322 898/1/1322 995/1/1322
f 900/1/1322 901/1/1322 1002/1/1322
f 1002/1/1322 901/1/1322 902/1/1322
f 1004/1/1322 902/1/1322 903/1/1322
f 903/1/1322 904/1/1322 1008/1/1322
f 904/1/1322 905/1/1322 1010/1/1322
f 1010/1/1322 905/1/1322 906/1/1322
f 906/1/1322 907/1/1322 1014/1/1322
f 907/1/1322 908/1/1322 1016/1/1322
f 908/1/1322 909/1/1322 1018/1/1322
f 909/1/1322 910/1/1322 1020/1/1322
f 1020/1/1322 910/1/1322 911/1/1322
f 911/1/1322 912/1/1322 1024/1/1322
f 912/1/1322 913/1/1322 1026/1/1322
f 913/1/1322 914/1/1322 1028/1/1322
f 914/1/1322 915/1/1322 1030/1/1322
f 915/1/1322 916/1/1322 1032/1/1322
f 916/1/1322 917/1/1322 1034/1/1322
f 1034/1/1322 917/1/1322 918/1/1322
f 1036/1/1322 918/1/1322 919/1/1322
f 919/1/1322 920/1/1322 1040/1/1322
f 920/1/1322 921/1/1322 1042/1/1322
f 921/1/1322 922/1/1322 1044/1/1322
f 922/1/1322 923/1/1322 1046/1/1322
f 923/1/1322 924/1/1322 1048/1/1322
f 924/1/1322 925/1/1322 1050/1/1322
f 925/1/1322 926/1/1322 1052/1/1322
f 1052/1/1322 926/1/1322 927/1/1322
f 927/1/1322 928/1/1322 1056/1/1322
f 959/1/1322 960/1/1322 957/1/1322
f 899/1/1322 900/1/1322 1000/1/1322
f 987/1/1323 988/1/1332 924/1/1324
f 974/1/1326 975/1/1334 911/1/1327
f 962/1/1329 961/1/1336 897/1/1330
f 988/1/1332 989/1/1338 925/1/1333
f 975/1/1334 976/1/1340 912/1/1335
f 961/1/1336 963/1/1342 899/1/1337
f 989/1/1338 990/1/1344 926/1/1339
f 976/1/1340 977/1/1346 913/1/1341
f 963/1/1342 964/1/1348 900/1/1343
f 990/1/1344 991/1/1350 927/1/1345
f 977/1/1346 978/1/1352 914/1/1347
f 964/1/1348 965/1/1354 901/1/1349
f 991/1/1350 992/1/1356 928/1/1351
f 978/1/1352 979/1/1357 915/1/1353
f 965/1/1354 966/1/1359 902/1/1355
f 992/1/1356 962/1/1329 898/1/1331
f 979/1/1357 980/1/1361 916/1/1358
f 966/1/1359 967/1/1363 903/1/1360
f 980/1/1361 981/1/1365 917/1/1362
f 967/1/1363 968/1/1367 904/1/1364
f 981/1/1365 982/1/1369 918/1/1366
f 968/1/1367 969/1/1371 905/1/1368
f 982/1/1369 983/1/1373 919/1/1370
f 969/1/1371 970/1/1375 906/1/1372
f 983/1/1373 984/1/1377 920/1/1374
f 970/1/1375 971/1/1379 907/1/1376
f 984/1/1377 985/1/1381 921/1/1378
f 971/1/1379 972/1/1383 908/1/1380
f 985/1/1381 986/1/1385 922/1/1382
f 972/1/1383 973/1/1386 909/1/1384
f 986/1/1385 987/1/1323 923/1/1325
f 973/1/1386 974/1/1326 910/1/1328
f 937/1/1380 939/1/1376 1014/1/1376
f 1079/1/1380 1081/1/1384 1049/1/1384
f 955/1/1337 959/1/1330 994/1/1330
f 1061/1/1337 1063/1/1343 1031/1/1343
f 1082/1/1333 1080/1/1324 1048/1/1324
f 942/1/1382 940/1/1325 1013/1/1325
f 1064/1/1358 1062/1/1353 1030/1/1353
f 957/1/1341 960/1/1347 993/1/1347
f 939/1/1376 941/1/1372 1012/1/1372
f 1077/1/1376 1079/1/1380 1047/1/1380
f 1059/1/1330 1061/1/1337 1029/1/1337
f 1080/1/1324 1078/1/1325 1046/1/1325
f 959/1/1330 958/1/1331 995/1/1331
f 944/1/1378 942/1/1382 1011/1/1382
f 1062/1/1353 1060/1/1347 1028/1/1347
f 941/1/1372 943/1/1368 1010/1/1368
f 1075/1/1372 1077/1/1376 1045/1/1376
f 1057/1/1331 1059/1/1330 1027/1/1330
f 1078/1/1325 1076/1/1382 1044/1/1382
f 946/1/1387 944/1/1378 1009/1/1378
f 1060/1/1347 1058/1/1341 1026/1/1341
f 943/1/1368 945/1/1388 1008/1/1388
f 1073/1/1368 1075/1/1372 1043/1/1372
f 930/1/1351 1057/1/1331 1025/1/1331
f 1076/1/1382 1074/1/1378 1042/1/1378
f 948/1/1370 946/1/1387 1007/1/1387
f 1058/1/1341 929/1/1335 1024/1/1335
f 945/1/1388 947/1/1389 1006/1/1389
f 1071/1/1388 1073/1/1368 1041/1/1368
f 932/1/1345 930/1/1351 1023/1/1351
f 1074/1/1378 1072/1/1387 1040/1/1387
f 950/1/1366 948/1/1370 1005/1/1370
f 898/1/1322 897/1/1322 994/1/1322
f 956/1/1322 960/1/1322 959/1/1322
f 954/1/1322 956/1/1322 955/1/1322
f 951/1/1322 952/1/1322 954/1/1322
f 950/1/1322 952/1/1322 951/1/1322
f 947/1/1322 948/1/1322 950/1/1322
f 945/1/1322 946/1/1322 948/1/1322
f 944/1/1322 946/1/1322 945/1/1322
f 941/1/1322 942/1/1322 944/1/1322
f 940/1/1322 942/1/1322 941/1/1322
f 938/1/1322 940/1/1322 939/1/1322
f 935/1/1322 936/1/1322 938/1/1322
f 934/1/1322 936/1/1322 935/1/1322
f 931/1/1322 932/1/1322 934/1/1322
f 929/1/1322 930/1/1322 932/1/1322
f 1057/1/1322 930/1/1322 929/1/1322
f 1060/1/1322 1059/1/1322 1057/1/1322
f 1061/1/1322 1059/1/1322 1060/1/1322
f 1063/1/1322 1061/1/1322 1062/1/1322
f 1066/1/1322 1065/1/1322 1063/1/1322
f 1067/1/1322 1065/1/1322 1066/1/1322
f 1070/1/1322 1069/1/1322 1067/1/1322
f 1072/1/1322 1071/1/1322 1069/1/1322
f 1073/1/1322 1071/1/1322 1072/1/1322
f 1076/1/1322 1075/1/1322 1073/1/1322
f 1077/1/1322 1075/1/1322 1076/1/1322
f 1079/1/1322 1077/1/1322 1078/1/1322
f 1082/1/1322 1081/1/1322 1079/1/1322
f 1083/1/1322 1081/1/1322 1082/1/1322
f 1086/1/1322 1085/1/1322 1083/1/1322
f 1088/1/1322 1087/1/1322 1085/1/1322
f 957/1/1322 1087/1/1322 1088/1/1322
f 960/1/1347 956/1/1353 997/1/1353
f 1066/1/1362 1064/1/1358 1032/1/1358
f 940/1/1325 938/1/1324 1015/1/1324
f 1084/1/1339 1082/1/1333 1050/1/1333
f 1063/1/1343 1065/1/1349 1033/1/1349
f 953/1/1343 955/1/1337 998/1/1337
f 1081/1/1384 1083/1/1328 1051/1/1328
f 935/1/1384 937/1/1380 1016/1/1380
f 956/1/1353 954/1/1358 999/1/1358
f 1068/1/1366 1066/1/1362 1034/1/1362
f 938/1/1324 936/1/1333 1017/1/1333
f 1086/1/1345 1084/1/1339 1052/1/1339
f 1065/1/1349 1067/1/1355 1035/1/1355
f 951/1/1349 953/1/1343 1000/1/1343
f 1083/1/1328 1085/1/1327 1053/1/1327
f 933/1/1328 935/1/1384 1018/1/1384
f 954/1/1358 952/1/1362 1001/1/1362
f 1070/1/1370 1068/1/1366 1036/1/1366
f 936/1/1333 934/1/1339 1019/1/1339
f 1088/1/1351 1086/1/1345 1054/1/1345
f 1067/1/1355 1069/1/1389 1037/1/1389
f 949/1/1355 951/1/1349 1002/1/1349
f 1085/1/1327 1087/1/1335 1055/1/1335
f 931/1/1327 933/1/1328 1020/1/1328
f 952/1/1362 950/1/1366 1003/1/1366
f 958/1/1331 1088/1/1351 1056/1/1351
f 1072/1/1387 1070/1/1370 1038/1/1370
f 934/1/1339 932/1/1345 1021/1/1345
f 1087/1/1335 957/1/1341 996/1/1341
f 1069/1/1389 1071/1/1388 1039/1/1388
f 947/1/1389 949/1/1355 1004/1/1355
f 929/1/1335 931/1/1327 1022/1/1327
f 65/1/50 961/1/1336 962/1/1329
f 67/1/49 963/1/1342 961/1/1336
f 68/1/56 964/1/1348 963/1/1342
f 69/1/68 965/1/1354 964/1/1348
f 69/1/68 70/1/73 966/1/1359
f 71/1/77 967/1/1363 966/1/1359
f 72/1/81 968/1/1367 967/1/1363
f 73/1/85 969/1/1371 968/1/1367
f 74/1/89 970/1/1375 969/1/1371
f 75/1/93 971/1/1379 970/1/1375
f 76/1/92 972/1/1383 971/1/1379
f 77/1/99 973/1/1386 972/1/1383
f 78/1/40 974/1/1326 973/1/1386
f 79/1/48 975/1/1334 974/1/1326
f 80/1/54 976/1/1340 975/1/1334
f 80/1/54 81/1/60 977/1/1346
f 82/1/66 978/1/1352 977/1/1346
f 83/1/71 979/1/1357 978/1/1352
f 84/1/70 980/1/1361 979/1/1357
f 85/1/79 981/1/1365 980/1/1361
f 85/1/79 86/1/83 982/1/1369
f 87/1/87 983/1/1373 982/1/1369
f 88/1/91 984/1/1377 983/1/1373
f 89/1/90 985/1/1381 984/1/1377
f 90/1/98 986/1/1385 985/1/1381
f 91/1/38 987/1/1323 986/1/1385
f 92/1/37 988/1/1332 987/1/1323
f 93/1/52 989/1/1338 988/1/1332
f 94/1/51 990/1/1344 989/1/1338
f 94/1/51 95/1/64 991/1/1350
f 96/1/63 992/1/1356 991/1/1350
f 66/1/43 962/1/1329 992/1/1356
usemtl Metal
f 708/2/194 771/3/195 772/2/196
f 734/6/200 799/7/201 735/7/202
f 709/8/203 772/2/196 773/8/204
f 735/7/202 800/11/208 736/11/209
f 710/14/213 773/8/204 774/14/214
f 736/11/209 739/17/218 705/17/219
f 711/18/220 774/14/214 775/18/221
f 712/20/224 775/18/221 776/20/225
f 713/23/230 776/20/225 777/23/230
f 713/23/230 778/25/233 714/25/234
f 714/25/234 779/27/237 715/27/238
f 715/27/238 780/30/243 716/30/244
f 716/30/244 781/31/245 717/31/246
f 717/31/246 782/34/251 718/34/252
f 718/34/252 783/37/257 719/37/258
f 719/37/258 784/40/262 720/40/263
f 231/45/267 441/46/268 444/45/269
f 421/47/270 324/48/271 327/49/272
f 229/46/273 438/50/274 441/46/268
f 392/51/275 300/52/276 394/53/277
f 472/54/278 375/55/279 378/56/280
f 227/50/281 435/57/282 438/50/274
f 443/58/283 349/59/284 445/60/285
f 225/57/286 432/42/287 435/57/282
f 418/61/288 321/62/289 322/63/290
f 223/42/291 429/64/292 432/42/287
f 389/65/293 295/66/294 391/67/295
f 469/68/296 372/69/297 373/70/298
f 221/64/299 426/71/300 429/64/292
f 440/72/301 346/73/302 442/74/303
f 219/71/304 423/75/305 426/71/300
f 415/76/306 318/77/307 319/78/308
f 217/79/309 420/80/310 423/75/305
f 466/81/311 369/82/312 370/83/313
f 215/84/314 417/85/315 420/80/310
f 385/86/316 292/87/317 388/88/318
f 437/89/319 343/90/320 439/91/321
f 213/85/322 414/92/323 417/85/315
f 412/93/324 315/94/325 316/95/326
f 211/92/327 411/96/328 414/92/323
f 463/97/329 366/98/330 367/99/331
f 207/100/332 411/96/328 209/101/328
f 436/102/333 339/103/334 340/104/335
f 205/105/336 408/100/337 207/100/332
f 195/106/338 393/107/339 197/107/340
f 407/108/341 313/109/342 409/110/343
f 203/111/344 405/105/345 205/105/336
f 258/112/346 296/113/347 293/112/348
f 259/113/349 298/114/350 296/113/347
f 260/114/351 301/115/352 298/114/350
f 261/115/353 304/116/354 301/115/352
f 262/116/355 307/117/356 304/116/354
f 263/117/357 311/118/358 307/117/356
f 264/118/359 314/119/360 311/118/358
f 266/120/361 314/119/360 265/119/362
f 267/121/363 317/120/364 266/120/361
f 268/122/365 320/121/366 267/121/363
f 269/123/367 323/122/368 268/122/365
f 270/124/369 325/123/370 269/123/367
f 271/125/371 328/124/372 270/124/369
f 272/126/373 331/125/374 271/125/371
f 273/127/375 334/126/376 272/126/373
f 274/128/377 338/127/378 273/127/375
f 275/129/379 341/128/380 274/128/377
f 276/130/381 344/129/382 275/129/379
f 277/131/383 347/130/384 276/130/381
f 278/132/385 350/131/386 277/131/383
f 279/133/387 352/132/388 278/132/385
f 280/134/389 355/133/390 279/133/387
f 281/135/391 358/134/392 280/134/389
f 281/135/391 365/136/393 361/135/394
f 282/136/395 368/137/396 365/136/393
f 283/137/397 371/138/398 368/137/396
f 284/138/399 374/139/400 371/138/398
f 285/139/401 376/140/402 374/139/400
f 286/140/403 379/141/404 376/140/402
f 287/141/405 382/142/406 379/141/404
f 193/143/407 390/106/408 195/106/338
f 257/144/409 293/112/348 291/144/410
f 446/145/411 354/146/412 448/147/413
f 233/148/414 444/45/269 447/148/415
f 475/149/416 377/150/417 381/151/418
f 395/152/419 303/153/420 397/154/421
f 235/155/422 447/148/415 450/156/423
f 424/157/424 326/158/425 330/159/426
f 237/160/427 450/156/423 453/160/428
f 449/161/429 357/162/430 451/163/431
f 239/43/432 453/160/428 456/43/433
f 478/164/434 380/165/435 384/166/436
f 398/167/437 306/168/438 400/169/439
f 241/170/440 456/43/433 459/170/440
f 427/171/441 329/172/442 333/173/443
f 241/170/440 462/174/444 243/174/445
f 452/175/446 360/176/447 454/177/448
f 243/174/445 465/178/449 245/178/450
f 479/179/451 290/180/452 387/181/453
f 401/182/454 309/183/455 403/184/456
f 245/178/450 468/185/457 247/185/458
f 430/186/459 332/187/460 336/188/461
f 247/185/458 471/189/462 249/189/463
f 255/44/464 386/190/465 193/143/407
f 455/191/466 363/192/467 457/193/468
f 249/189/463 474/194/469 251/194/470
f 197/107/340 396/195/471 199/195/472
f 404/196/473 310/197/474 406/198/475
f 251/194/470 477/199/476 253/199/477
f 199/195/472 399/200/478 201/200/479
f 433/201/480 335/202/317 337/203/481
f 253/199/477 480/44/482 255/44/464
f 201/200/479 402/111/483 203/111/344
f 460/204/484 362/205/485 364/206/486
f 289/207/487 290/180/488 291/208/489
f 292/87/490 293/209/491 294/210/492
f 295/66/493 296/211/494 297/212/495
f 298/213/496 299/214/497 300/52/498
f 301/215/499 302/216/500 303/153/501
f 304/217/502 305/218/503 306/168/504
f 307/219/505 308/220/506 309/183/507
f 310/197/508 311/221/509 312/222/510
f 313/223/511 314/224/512 315/94/513
f 316/225/514 317/226/515 318/77/516
f 319/227/517 320/228/518 321/62/519
f 322/229/520 323/230/521 324/48/522
f 325/231/523 326/158/524 327/232/525
f 328/233/526 329/172/527 330/234/528
f 331/235/529 332/187/530 333/236/531
f 334/237/532 335/202/533 336/238/534
f 337/239/535 338/240/536 339/103/537
f 340/241/538 341/242/539 342/243/540
f 343/244/541 344/245/542 345/246/543
f 346/247/544 347/248/545 348/249/546
f 349/250/547 350/251/548 351/252/549
f 352/253/550 353/254/551 354/255/552
f 355/256/553 356/257/554 357/258/555
f 358/259/556 359/260/557 360/261/558
f 361/262/559 362/263/560 363/192/561
f 364/206/562 365/264/563 366/265/564
f 367/99/565 368/266/566 369/267/567
f 370/83/568 371/268/569 372/269/570
f 373/70/571 374/270/572 375/271/573
f 376/272/574 377/273/575 378/56/576
f 379/274/577 380/275/578 381/151/579
f 382/276/580 383/277/581 384/166/582
f 385/86/583 386/190/584 387/181/585
f 388/88/586 389/65/587 390/106/588
f 391/67/589 392/51/590 393/107/591
f 394/53/592 395/152/593 396/195/594
f 397/154/595 398/167/596 399/200/597
f 400/169/598 401/182/599 402/111/600
f 403/184/601 404/196/602 405/105/603
f 406/198/604 407/108/605 408/100/606
f 409/110/607 410/278/608 411/96/609
f 412/93/610 413/279/611 414/92/612
f 415/76/613 416/280/614 417/85/615
f 418/61/616 419/281/617 420/80/618
f 421/47/619 422/282/620 423/75/621
f 424/157/622 425/283/623 426/71/624
f 427/171/625 428/284/626 429/64/627
f 430/186/628 431/285/629 432/42/630
f 433/201/631 434/286/632 435/57/633
f 436/102/634 437/89/635 438/50/636
f 439/91/637 440/72/638 441/46/639
f 442/74/640 443/58/641 444/45/642
f 445/60/643 446/145/644 447/148/645
f 448/147/646 449/161/647 450/156/648
f 451/163/649 452/175/650 453/160/651
f 454/177/652 455/191/653 456/43/654
f 457/193/655 458/287/656 459/170/657
f 460/204/658 461/288/659 462/174/660
f 463/97/661 464/289/662 465/178/663
f 466/81/664 467/290/665 468/185/666
f 469/68/667 470/291/668 471/189/669
f 472/54/670 473/292/671 474/194/672
f 475/149/673 476/293/674 477/199/675
f 478/164/676 479/179/677 480/44/678
f 291/208/489 292/87/490 289/294/487
f 293/209/491 295/66/493 294/295/492
f 296/211/494 300/52/498 297/296/495
f 298/213/496 303/153/501 299/297/497
f 301/215/499 306/168/504 302/298/500
f 304/217/502 309/183/507 305/299/503
f 307/219/505 310/197/508 308/300/506
f 311/221/509 313/109/511 312/301/510
f 317/226/515 315/94/513 314/224/512
f 320/228/518 318/77/516 317/226/515
f 323/230/521 321/62/519 320/228/518
f 325/231/523 324/48/522 323/230/521
f 328/233/526 326/158/524 325/231/523
f 334/237/532 332/187/530 331/235/529
f 338/240/536 335/202/533 334/237/532
f 341/242/539 339/103/537 338/240/536
f 344/245/542 342/243/540 341/242/539
f 347/248/545 345/246/543 344/245/542
f 350/251/548 348/249/546 347/248/545
f 352/253/550 351/252/549 350/251/548
f 355/256/553 353/254/551 352/253/550
f 358/259/556 356/257/554 355/256/553
f 361/262/559 359/260/557 358/259/556
f 361/262/559 364/206/562 362/205/560
f 365/264/563 367/99/565 366/98/564
f 368/266/566 370/83/568 369/82/567
f 371/268/569 373/70/571 372/69/570
f 374/270/572 378/56/576 375/55/573
f 376/272/574 381/151/579 377/150/575
f 379/274/577 384/166/582 380/165/578
f 382/276/580 290/180/488 383/302/581
f 388/88/586 386/190/584 385/86/583
f 391/67/589 390/106/588 389/65/587
f 394/53/592 393/107/591 392/51/590
f 397/154/595 396/195/594 395/152/593
f 400/169/598 399/200/597 398/167/596
f 403/184/601 402/111/600 401/182/599
f 406/198/604 405/105/603 404/196/602
f 409/110/607 408/100/606 407/108/605
f 410/278/608 414/92/612 411/96/609
f 413/279/611 417/85/615 414/92/612
f 416/280/614 420/80/618 417/85/615
f 419/281/617 423/75/621 420/80/618
f 422/282/620 426/71/624 423/75/621
f 425/283/623 429/64/627 426/71/624
f 428/284/626 432/42/630 429/64/627
f 431/285/629 435/57/633 432/42/630
f 434/286/632 438/50/636 435/57/633
f 437/89/635 441/46/639 438/50/636
f 440/72/638 444/45/642 441/46/639
f 443/58/641 447/148/645 444/45/642
f 446/145/644 450/156/648 447/148/645
f 449/161/647 453/160/651 450/156/648
f 452/175/650 456/43/654 453/160/651
f 455/191/653 459/170/657 456/43/654
f 460/204/658 459/170/657 458/287/656
f 463/97/661 462/174/660 461/288/659
f 466/81/664 465/178/663 464/289/662
f 469/68/667 468/185/666 467/290/665
f 472/54/670 471/189/669 470/291/668
f 475/149/673 474/194/672 473/292/671
f 478/164/676 477/199/675 476/293/674
f 387/181/585 480/44/678 479/179/677
f 294/295/679 388/88/318 292/87/317
f 387/181/453 289/294/680 385/86/316
f 297/296/681 391/67/295 295/66/294
f 299/297/682 394/53/277 300/52/276
f 302/298/683 397/154/421 303/153/420
f 305/299/684 400/169/439 306/168/438
f 308/300/685 403/184/456 309/183/455
f 312/301/686 406/198/475 310/197/474
f 315/94/325 409/110/343 313/109/342
f 413/279/687 316/95/326 318/77/307
f 416/280/688 319/78/308 321/62/289
f 419/281/689 322/63/290 324/48/271
f 422/282/690 327/49/272 326/158/425
f 425/283/691 330/159/426 329/172/442
f 428/284/692 333/173/443 332/187/460
f 431/285/693 336/188/461 335/202/317
f 434/286/694 337/203/481 339/103/334
f 342/243/695 436/102/333 340/104/335
f 345/246/696 439/91/321 343/90/320
f 348/249/697 442/74/303 346/73/302
f 351/252/698 445/60/285 349/59/284
f 353/254/699 448/147/413 354/146/412
f 356/257/700 451/163/431 357/162/430
f 359/260/701 454/177/448 360/176/447
f 458/287/702 363/192/467 362/205/485
f 461/288/703 364/206/486 366/98/330
f 464/289/704 367/99/331 369/82/312
f 467/290/705 370/83/313 372/69/297
f 470/291/706 373/70/298 375/55/279
f 473/292/707 378/56/280 377/150/417
f 476/293/708 381/151/418 380/165/435
f 479/179/451 384/166/436 383/302/709
f 288/142/710 291/303/410 382/142/406
f 569/336/836 602/339/837 570/339/838
f 578/39/887 609/304/888 577/304/889
f 557/319/890 588/318/891 589/319/892
f 570/339/838 603/340/893 571/340/894
f 558/321/895 589/319/892 590/321/896
f 571/340/894 604/341/897 572/341/898
f 559/323/899 590/321/896 591/323/900
f 546/39/901 577/304/902 545/304/903
f 572/341/898 605/342/904 573/342/905
f 560/325/906 591/323/900 592/325/907
f 545/304/903 579/305/908 547/305/909
f 573/342/905 606/343/910 574/343/911
f 561/328/912 592/325/907 593/328/913
f 547/305/909 580/306/914 548/306/915
f 574/343/911 607/344/916 575/344/917
f 562/327/918 593/328/913 594/327/919
f 548/306/915 581/307/920 549/307/921
f 575/344/917 608/38/922 576/38/923
f 563/329/924 594/327/919 595/329/925
f 549/307/921 582/308/926 550/308/927
f 576/38/923 578/39/928 546/39/901
f 564/330/929 595/329/925 596/330/930
f 550/308/927 583/310/931 551/310/932
f 565/331/933 596/330/930 597/331/934
f 551/310/932 584/312/935 552/312/936
f 566/332/937 597/331/934 598/332/938
f 552/312/936 585/314/939 553/314/940
f 567/333/941 598/332/938 599/333/942
f 554/316/943 585/314/939 586/316/944
f 568/334/945 599/333/942 600/334/946
f 555/317/947 586/316/944 587/317/948
f 569/336/836 600/334/946 601/336/949
f 556/318/950 587/317/948 588/318/891
f 604/341/954 637/342/955 605/342/956
f 592/325/957 623/323/958 624/325/959
f 577/304/889 611/305/960 579/305/961
f 605/342/956 638/343/962 606/343/963
f 593/328/964 624/325/959 625/328/965
f 579/305/961 612/306/966 580/306/967
f 606/343/963 639/344/968 607/344/969
f 594/327/970 625/328/965 626/327/971
f 580/306/967 613/307/972 581/307/973
f 607/344/969 640/38/974 608/38/975
f 595/329/976 626/327/971 627/329/977
f 581/307/973 614/308/978 582/308/979
f 608/38/975 610/39/980 578/39/887
f 596/330/981 627/329/977 628/330/982
f 582/308/979 615/310/983 583/310/984
f 597/331/985 628/330/982 629/331/986
f 583/310/984 616/312/987 584/312/988
f 598/332/989 629/331/986 630/332/990
f 584/312/988 617/314/991 585/314/991
f 599/333/992 630/332/990 631/333/993
f 586/316/994 617/314/991 618/316/995
f 600/334/996 631/333/993 632/334/997
f 587/317/998 618/316/995 619/317/999
f 601/336/1000 632/334/997 633/336/1001
f 588/318/1002 619/317/999 620/318/1003
f 601/336/1000 634/339/1004 602/339/1005
f 589/319/1006 620/318/1003 621/319/1007
f 602/339/1005 635/340/1008 603/340/1009
f 590/321/1010 621/319/1007 622/321/1011
f 603/340/1009 636/341/1012 604/341/954
f 591/323/1013 622/321/1011 623/323/958
f 659/329/1014 651/317/1015 643/305/1014
f 704/346/1075 257/303/409 288/142/710
f 703/347/1076 288/142/710 287/141/405
f 702/348/1077 287/141/405 286/140/403
f 701/349/1078 286/140/403 285/139/401
f 700/350/1079 285/139/401 284/138/399
f 699/351/1080 284/138/399 283/137/397
f 698/352/1081 283/137/397 282/136/395
f 697/353/1082 282/136/395 281/135/391
f 280/134/389 697/353/1082 281/135/391
f 279/133/387 696/354/1083 280/134/389
f 278/132/385 695/355/1084 279/133/387
f 277/131/383 694/356/1085 278/132/385
f 276/130/381 693/357/1086 277/131/383
f 275/129/379 692/358/1087 276/130/381
f 274/128/377 691/359/1088 275/129/379
f 273/127/375 690/360/1089 274/128/377
f 272/126/373 689/361/1090 273/127/375
f 271/125/371 688/362/1091 272/126/373
f 270/124/369 687/363/1092 271/125/371
f 269/123/367 686/364/1093 270/124/369
f 268/122/365 685/365/1094 269/123/367
f 267/121/363 684/366/1095 268/122/365
f 266/120/361 683/367/1096 267/121/363
f 265/119/362 682/368/1097 266/120/361
f 680/369/1098 265/119/362 264/118/359
f 679/370/1099 264/118/359 263/117/357
f 678/371/1100 263/117/357 262/116/355
f 677/372/1101 262/116/355 261/115/353
f 676/373/1102 261/115/353 260/114/351
f 675/374/1103 260/114/351 259/113/349
f 674/375/1104 259/113/349 258/112/346
f 673/376/1105 258/112/346 257/144/409
f 736/11/1106 673/377/1105 704/346/1075
f 735/7/1107 704/346/1075 703/347/1076
f 734/6/1108 703/347/1076 702/348/1077
f 733/378/1109 702/348/1077 701/349/1078
f 732/379/1110 701/349/1078 700/350/1079
f 731/380/1111 700/350/1079 699/351/1080
f 730/381/1112 699/351/1080 698/352/1081
f 729/382/1113 698/352/1081 697/353/1082
f 696/354/1083 729/382/1113 697/353/1082
f 695/355/1084 728/383/1114 696/354/1083
f 694/356/1085 727/384/1115 695/355/1084
f 693/357/1086 726/385/1116 694/356/1085
f 692/358/1087 725/386/1117 693/357/1086
f 691/359/1088 724/387/1118 692/358/1087
f 690/360/1089 723/388/1119 691/359/1088
f 689/361/1090 722/389/1120 690/360/1089
f 688/362/1091 721/390/1121 689/361/1090
f 687/363/1092 720/40/1122 688/362/1091
f 686/364/1093 719/37/1123 687/363/1092
f 685/365/1094 718/34/1124 686/364/1093
f 684/366/1095 717/31/1125 685/365/1094
f 683/367/1096 716/30/1126 684/366/1095
f 682/368/1097 715/27/1127 683/367/1096
f 681/391/1128 714/25/1129 682/368/1097
f 712/20/1130 681/391/1128 680/369/1098
f 711/18/1131 680/369/1098 679/370/1099
f 710/14/1132 679/370/1099 678/371/1100
f 709/8/1133 678/371/1100 677/372/1101
f 708/2/1134 677/372/1101 676/373/1102
f 707/3/1135 676/373/1102 675/374/1103
f 706/392/1136 675/374/1103 674/375/1104
f 705/393/1137 674/375/1104 673/376/1105
f 738/394/1138 770/392/1139 739/393/1140
f 737/395/1141 771/3/1142 770/392/1139
f 740/396/1143 772/2/1144 771/3/1142
f 741/397/1145 773/8/1146 772/2/1144
f 742/398/1147 774/14/1148 773/8/1146
f 743/399/1149 775/18/1150 774/14/1148
f 744/400/1151 776/20/1152 775/18/1150
f 745/401/1153 777/23/1154 776/20/1152
f 777/23/1154 747/402/1155 778/25/1156
f 778/25/1156 748/403/1157 779/27/1158
f 779/27/1158 749/404/1159 780/30/1160
f 780/30/1160 750/405/1161 781/31/1162
f 781/31/1162 751/406/1163 782/34/1164
f 782/34/1164 752/407/1165 783/37/1166
f 783/37/1166 753/408/1167 784/40/1168
f 784/40/1168 754/409/1169 785/390/1170
f 785/390/1170 755/410/1171 786/389/1172
f 786/389/1172 756/411/1173 787/388/1174
f 787/388/1174 757/412/1175 788/387/1176
f 788/387/1176 758/413/1177 789/386/1178
f 789/386/1178 759/414/1179 790/385/1180
f 790/385/1180 760/415/1181 791/384/1182
f 791/384/1182 761/416/1183 792/383/1184
f 792/383/1184 762/417/1185 793/382/1186
f 762/417/1185 794/381/1187 793/382/1186
f 763/418/1188 795/380/1189 794/381/1187
f 764/419/1190 796/379/1191 795/380/1189
f 765/420/1192 797/378/1193 796/379/1191
f 766/421/1194 798/6/1195 797/378/1193
f 767/422/1196 799/7/1197 798/6/1195
f 768/423/1198 800/11/1199 799/7/1197
f 769/424/1200 739/17/1140 800/11/1199
f 733/378/1201 798/6/1202 734/6/200
f 707/3/1205 770/392/1206 771/3/195
f 732/379/1209 797/378/1210 733/378/1201
f 705/393/219 770/392/1206 706/392/1213
f 731/380/1214 796/379/1215 732/379/1209
f 730/381/1220 795/380/1221 731/380/1214
f 729/382/1224 794/381/1225 730/381/1220
f 729/382/1224 792/383/1228 793/382/1224
f 728/383/1230 791/384/1231 792/383/1228
f 727/384/1236 790/385/1237 791/384/1231
f 726/385/1240 789/386/1241 790/385/1237
f 725/386/1242 788/387/1243 789/386/1241
f 724/387/1248 787/388/1249 788/387/1243
f 723/388/1251 786/389/1252 787/388/1249
f 722/389/1253 785/390/1254 786/389/1252
f 721/390/1257 784/40/262 785/390/1254
f 1604/2/1321 1667/3/1321 1603/3/1321
f 1695/7/1321 1630/6/1321 1631/7/1321
f 1605/8/1321 1668/2/1321 1604/2/1321
f 1696/11/1321 1631/7/1321 1632/11/1321
f 1606/14/1321 1669/8/1321 1605/8/1321
f 1635/17/1321 1632/11/1321 1601/17/1321
f 1607/18/1321 1670/14/1321 1606/14/1321
f 1608/20/1321 1671/18/1321 1607/18/1321
f 1609/23/1321 1672/20/1321 1608/20/1321
f 1674/25/1321 1609/23/1321 1610/25/1321
f 1675/27/1321 1610/25/1321 1611/27/1321
f 1676/30/1321 1611/27/1321 1612/30/1321
f 1677/31/1321 1612/30/1321 1613/31/1321
f 1678/34/1321 1613/31/1321 1614/34/1321
f 1679/37/1321 1614/34/1321 1615/37/1321
f 1680/40/1321 1615/37/1321 1616/40/1321
f 1127/45/1394 1337/46/1395 1125/46/1396
f 1317/47/1390 1220/48/1390 1315/281/1390
f 1125/46/1396 1334/50/1397 1123/50/1398
f 1196/52/1390 1288/51/1390 1290/53/1390
f 1368/54/1399 1271/55/1390 1366/291/1390
f 1123/50/1398 1331/57/1400 1121/57/1401
f 1245/59/1390 1339/58/1399 1341/60/1390
f 1121/57/1401 1328/42/1402 1119/42/1403
f 1314/61/1390 1217/62/1399 1312/280/1399
f 1119/42/1403 1325/64/1404 1117/64/1405
f 1191/66/1390 1285/65/1390 1287/67/1390
f 1365/68/1406 1268/69/1390 1363/290/1390
f 1117/64/1405 1322/71/1407 1115/71/1408
f 1242/73/1390 1336/72/1390 1338/74/1390
f 1115/71/1408 1319/75/1409 1113/79/1410
f 1311/76/1390 1214/77/1390 1309/279/1390
f 1113/79/1410 1316/80/1411 1111/84/1412
f 1362/81/1406 1265/82/1406 1360/289/1406
f 1111/84/1412 1313/85/1413 1109/85/1414
f 1188/87/1415 1281/86/1390 1284/88/1415
f 1239/90/1390 1333/89/1390 1335/91/1390
f 1109/85/1414 1310/92/1416 1107/92/1417
f 1308/93/1390 1211/94/1390 1306/278/1390
f 1107/92/1417 1307/96/1418 1105/101/1418
f 1359/97/1399 1262/98/1390 1357/288/1390
f 1307/96/1418 1103/100/1419 1105/101/1418
f 1236/104/1390 1330/286/1390 1332/102/1390
f 1304/100/1420 1101/105/1421 1103/100/1419
f 1289/107/1422 1091/106/1423 1093/107/1424
f 1209/109/1406 1303/108/1390 1305/110/1406
f 1301/105/1425 1099/111/1426 1101/105/1421
f 1154/112/1427 1192/113/1396 1155/113/1428
f 1155/113/1428 1194/114/1394 1156/114/1429
f 1156/114/1429 1197/115/1430 1157/115/1431
f 1157/115/1431 1200/116/1432 1158/116/1433
f 1158/116/1433 1203/117/1434 1159/117/1435
f 1159/117/1435 1207/118/1436 1160/118/1437
f 1160/118/1437 1210/119/1438 1161/119/1438
f 1210/119/1438 1162/120/1439 1161/119/1438
f 1213/120/1440 1163/121/1441 1162/120/1439
f 1216/121/1442 1164/122/1443 1163/121/1441
f 1219/122/1444 1165/123/1445 1164/122/1443
f 1221/123/1446 1166/124/1447 1165/123/1445
f 1224/124/1448 1167/125/1449 1166/124/1447
f 1227/125/1450 1168/126/1451 1167/125/1449
f 1230/126/1392 1169/127/1341 1168/126/1451
f 1234/127/1393 1170/128/1452 1169/127/1341
f 1237/128/1423 1171/129/1453 1170/128/1452
f 1240/129/1424 1172/130/1454 1171/129/1453
f 1243/130/1455 1173/131/1456 1172/130/1454
f 1246/131/1457 1174/132/1458 1173/131/1456
f 1248/132/1426 1175/133/1459 1174/132/1458
f 1251/133/1421 1176/134/1460 1175/133/1459
f 1254/134/1419 1177/135/1418 1176/134/1460
f 1177/135/1418 1261/136/1417 1178/136/1461
f 1178/136/1461 1264/137/1414 1179/137/1462
f 1179/137/1462 1267/138/1412 1180/138/1463
f 1180/138/1463 1270/139/1410 1181/139/1464
f 1181/139/1464 1272/140/1408 1182/140/1465
f 1182/140/1465 1275/141/1405 1183/141/1466
f 1183/141/1466 1278/142/1403 1184/142/1467
f 1286/106/1468 1089/143/1393 1091/106/1423
f 1153/144/1331 1189/112/1398 1154/112/1427
f 1250/146/1399 1342/145/1406 1344/147/1399
f 1129/148/1469 1340/45/1470 1127/45/1394
f 1371/149/1390 1273/150/1390 1369/292/1390
f 1199/153/1390 1291/152/1390 1293/154/1390
f 1131/155/1432 1343/148/1471 1129/148/1469
f 1320/157/1390 1222/158/1390 1318/282/1390
f 1133/160/1434 1346/156/1472 1131/155/1432
f 1253/162/1406 1345/161/1406 1347/163/1406
f 1135/43/1436 1349/160/1473 1133/160/1434
f 1374/164/1390 1276/165/1390 1372/293/1390
f 1202/168/1390 1294/167/1390 1296/169/1390
f 1137/170/1438 1352/43/1474 1135/43/1436
f 1323/171/1390 1225/172/1390 1321/283/1390
f 1358/174/1475 1137/170/1438 1139/174/1440
f 1256/176/1390 1348/175/1399 1350/177/1390
f 1361/178/1476 1139/174/1440 1141/178/1442
f 1283/181/1390 1279/302/1390 1375/179/1390
f 1205/183/1399 1297/182/1390 1299/184/1399
f 1364/185/1477 1141/178/1442 1143/185/1444
f 1326/186/1390 1228/187/1390 1324/284/1390
f 1367/189/1478 1143/185/1444 1145/189/1479
f 1282/190/1391 1151/44/1392 1089/143/1393
f 1259/192/1390 1351/191/1406 1353/193/1390
f 1370/194/1480 1145/189/1479 1147/194/1448
f 1292/195/1481 1093/107/1424 1095/195/1455
f 1206/197/1390 1300/196/1390 1302/198/1390
f 1373/199/1482 1147/194/1448 1149/199/1450
f 1295/200/1483 1095/195/1455 1097/200/1457
f 1329/201/1390 1231/202/1484 1327/285/1484
f 1376/44/1485 1149/199/1450 1151/44/1392
f 1298/111/1486 1097/200/1457 1099/111/1426
f 1356/204/1406 1258/205/1390 1354/287/1390
f 1185/207/1487 1187/208/1488 1186/180/1489
f 1188/87/1490 1190/210/1491 1189/209/1492
f 1191/66/1493 1193/212/1494 1192/211/1495
f 1194/213/1496 1196/52/1497 1195/214/1498
f 1197/215/1499 1199/153/1500 1198/216/1501
f 1200/217/1502 1202/168/1503 1201/218/1504
f 1203/219/1505 1205/183/1506 1204/220/1507
f 1206/197/1508 1208/222/1509 1207/221/1510
f 1209/223/1511 1211/94/1512 1210/224/1513
f 1212/225/1514 1214/77/1515 1213/226/1516
f 1215/227/1517 1217/62/1518 1216/228/1519
f 1218/229/1520 1220/48/1521 1219/230/1522
f 1221/231/1523 1223/232/1524 1222/158/1525
f 1224/233/1526 1226/234/1527 1225/172/1528
f 1227/235/1529 1229/236/1530 1228/187/1531
f 1230/237/1532 1232/238/1533 1231/202/1534
f 1233/239/1535 1235/103/1536 1234/240/1537
f 1236/241/1538 1238/243/1539 1237/242/1540
f 1239/244/1541 1241/246/1542 1240/245/1543
f 1242/247/1544 1244/249/1545 1243/248/1546
f 1245/250/1547 1247/252/1548 1246/251/1549
f 1248/253/1550 1250/255/1551 1249/254/1552
f 1251/256/1553 1253/258/1554 1252/257/1555
f 1254/259/1556 1256/261/1557 1255/260/1558
f 1257/262/1559 1259/192/1560 1258/263/1561
f 1260/206/1562 1262/265/1563 1261/264/1564
f 1263/99/1565 1265/267/1566 1264/266/1567
f 1266/83/1568 1268/269/1569 1267/268/1570
f 1269/70/1571 1271/271/1572 1270/270/1573
f 1272/272/1574 1274/56/1575 1273/273/1576
f 1275/274/1577 1277/151/1578 1276/275/1579
f 1278/276/1580 1280/166/1581 1279/277/1582
f 1281/86/1583 1283/181/1584 1282/190/1585
f 1284/88/1586 1286/106/1587 1285/65/1588
f 1287/67/1589 1289/107/1590 1288/51/1591
f 1290/53/1592 1292/195/1593 1291/152/1594
f 1293/154/1595 1295/200/1596 1294/167/1597
f 1296/169/1598 1298/111/1599 1297/182/1600
f 1299/184/1601 1301/105/1602 1300/196/1603
f 1302/198/1604 1304/100/1605 1303/108/1606
f 1305/110/1607 1307/96/1608 1306/278/1609
f 1308/93/1610 1310/92/1611 1309/279/1612
f 1311/76/1613 1313/85/1614 1312/280/1615
f 1314/61/1616 1316/80/1617 1315/281/1618
f 1317/47/1619 1319/75/1620 1318/282/1621
f 1320/157/1622 1322/71/1623 1321/283/1624
f 1323/171/1625 1325/64/1626 1324/284/1627
f 1326/186/1628 1328/42/1629 1327/285/1630
f 1329/201/1631 1331/57/1632 1330/286/1633
f 1332/102/1634 1334/50/1635 1333/89/1636
f 1335/91/1637 1337/46/1638 1336/72/1639
f 1338/74/1640 1340/45/1641 1339/58/1642
f 1341/60/1643 1343/148/1644 1342/145/1645
f 1344/147/1646 1346/156/1647 1345/161/1648
f 1347/163/1649 1349/160/1650 1348/175/1651
f 1350/177/1652 1352/43/1653 1351/191/1654
f 1353/193/1655 1355/170/1656 1354/287/1657
f 1356/204/1658 1358/174/1659 1357/288/1660
f 1359/97/1661 1361/178/1662 1360/289/1663
f 1362/81/1664 1364/185/1665 1363/290/1666
f 1365/68/1667 1367/189/1668 1366/291/1669
f 1368/54/1670 1370/194/1671 1369/292/1672
f 1371/149/1673 1373/199/1674 1372/293/1675
f 1374/164/1676 1376/44/1677 1375/179/1678
f 1187/208/1488 1188/87/1490 1189/209/1492
f 1189/209/1492 1191/66/1493 1192/211/1495
f 1192/211/1495 1196/52/1497 1194/213/1496
f 1194/213/1496 1199/153/1500 1197/215/1499
f 1197/215/1499 1202/168/1503 1200/217/1502
f 1200/217/1502 1205/183/1506 1203/219/1505
f 1203/219/1505 1206/197/1508 1207/221/1510
f 1207/221/1510 1209/109/1511 1210/224/1513
f 1211/94/1512 1213/226/1516 1210/224/1513
f 1214/77/1515 1216/228/1519 1213/226/1516
f 1217/62/1518 1219/230/1522 1216/228/1519
f 1220/48/1521 1221/231/1523 1219/230/1522
f 1222/158/1525 1224/233/1526 1221/231/1523
f 1228/187/1531 1230/237/1532 1227/235/1529
f 1231/202/1534 1234/240/1537 1230/237/1532
f 1235/103/1536 1237/242/1540 1234/240/1537
f 1238/243/1539 1240/245/1543 1237/242/1540
f 1241/246/1542 1243/248/1546 1240/245/1543
f 1244/249/1545 1246/251/1549 1243/248/1546
f 1247/252/1548 1248/253/1550 1246/251/1549
f 1249/254/1552 1251/256/1553 1248/253/1550
f 1252/257/1555 1254/259/1556 1251/256/1553
f 1255/260/1558 1257/262/1559 1254/259/1556
f 1257/262/1559 1260/206/1562 1261/264/1564
f 1261/264/1564 1263/99/1565 1264/266/1567
f 1264/266/1567 1266/83/1568 1267/268/1570
f 1267/268/1570 1269/70/1571 1270/270/1573
f 1270/270/1573 1274/56/1575 1272/272/1574
f 1272/272/1574 1277/151/1578 1275/274/1577
f 1275/274/1577 1280/166/1581 1278/276/1580
f 1278/276/1580 1186/180/1489 1187/208/1488
f 1282/190/1585 1284/88/1586 1281/86/1583
f 1286/106/1587 1287/67/1589 1285/65/1588
f 1289/107/1590 1290/53/1592 1288/51/1591
f 1292/195/1593 1293/154/1595 1291/152/1594
f 1295/200/1596 1296/169/1598 1294/167/1597
f 1298/111/1599 1299/184/1601 1297/182/1600
f 1301/105/1602 1302/198/1604 1300/196/1603
f 1304/100/1605 1305/110/1607 1303/108/1606
f 1306/278/1609 1310/92/1611 1308/93/1610
f 1309/279/1612 1313/85/1614 1311/76/1613
f 1312/280/1615 1316/80/1617 1314/61/1616
f 1315/281/1618 1319/75/1620 1317/47/1619
f 1318/282/1621 1322/71/1623 1320/157/1622
f 1321/283/1624 1325/64/1626 1323/171/1625
f 1324/284/1627 1328/42/1629 1326/186/1628
f 1327/285/1630 1331/57/1632 1329/201/1631
f 1330/286/1633 1334/50/1635 1332/102/1634
f 1333/89/1636 1337/46/1638 1335/91/1637
f 1336/72/1639 1340/45/1641 1338/74/1640
f 1339/58/1642 1343/148/1644 1341/60/1643
f 1342/145/1645 1346/156/1647 1344/147/1646
f 1345/161/1648 1349/160/1650 1347/163/1649
f 1348/175/1651 1352/43/1653 1350/177/1652
f 1351/191/1654 1355/170/1656 1353/193/1655
f 1355/170/1656 1356/204/1658 1354/287/1657
f 1358/174/1659 1359/97/1661 1357/288/1660
f 1361/178/1662 1362/81/1664 1360/289/1663
f 1364/185/1665 1365/68/1667 1363/290/1666
f 1367/189/1668 1368/54/1670 1366/291/1669
f 1370/194/1671 1371/149/1673 1369/292/1672
f 1373/199/1674 1374/164/1676 1372/293/1675
f 1376/44/1677 1283/181/1584 1375/179/1678
f 1190/295/1390 1284/88/1415 1285/65/1390
f 1281/86/1390 1186/180/1390 1283/181/1390
f 1193/296/1390 1287/67/1390 1288/51/1390
f 1195/297/1390 1290/53/1390 1291/152/1390
f 1198/298/1390 1293/154/1390 1294/167/1390
f 1201/299/1390 1296/169/1390 1297/182/1390
f 1204/300/1390 1299/184/1399 1300/196/1390
f 1208/301/1390 1302/198/1390 1303/108/1390
f 1209/109/1406 1306/278/1390 1211/94/1390
f 1212/95/1390 1309/279/1390 1214/77/1390
f 1215/78/1390 1312/280/1399 1217/62/1399
f 1218/63/1390 1315/281/1390 1220/48/1390
f 1223/49/1390 1318/282/1390 1222/158/1390
f 1226/159/1390 1321/283/1390 1225/172/1390
f 1229/173/1390 1324/284/1390 1228/187/1390
f 1232/188/1390 1327/285/1484 1231/202/1484
f 1233/203/1390 1330/286/1390 1235/103/1390
f 1238/243/1390 1332/102/1390 1333/89/1390
f 1241/246/1390 1335/91/1390 1336/72/1390
f 1244/249/1399 1338/74/1390 1339/58/1399
f 1247/252/1406 1341/60/1390 1342/145/1406
f 1249/254/1406 1344/147/1399 1345/161/1406
f 1252/257/1399 1347/163/1406 1348/175/1399
f 1255/260/1406 1350/177/1390 1351/191/1406
f 1259/192/1390 1354/287/1390 1258/205/1390
f 1260/206/1406 1357/288/1390 1262/98/1390
f 1263/99/1399 1360/289/1406 1265/82/1406
f 1266/83/1406 1363/290/1390 1268/69/1390
f 1269/70/1406 1366/291/1390 1271/55/1390
f 1274/56/1399 1369/292/1390 1273/150/1390
f 1277/151/1390 1372/293/1390 1276/165/1390
f 1280/166/1390 1375/179/1390 1279/302/1390
f 1184/142/1467 1187/303/1401 1153/303/1331
f 1498/339/1475 1465/336/1438 1466/339/1440
f 1473/304/1679 1506/39/1680 1474/39/1680
f 1453/319/1410 1484/318/1411 1452/318/1412
f 1499/340/1476 1466/339/1440 1467/340/1442
f 1454/321/1408 1485/319/1409 1453/319/1410
f 1500/341/1477 1467/340/1442 1468/341/1444
f 1455/323/1405 1486/321/1407 1454/321/1408
f 1473/304/1468 1442/39/1393 1441/304/1423
f 1501/342/1478 1468/341/1444 1469/342/1446
f 1456/325/1403 1487/323/1404 1455/323/1405
f 1475/305/1422 1441/304/1423 1443/305/1424
f 1502/343/1480 1469/342/1446 1470/343/1448
f 1457/328/1401 1488/325/1402 1456/325/1403
f 1476/306/1481 1443/305/1424 1444/306/1455
f 1503/344/1482 1470/343/1448 1471/344/1450
f 1458/327/1398 1489/328/1400 1457/328/1401
f 1477/307/1483 1444/306/1455 1445/307/1457
f 1504/38/1485 1471/344/1450 1472/38/1392
f 1459/329/1396 1490/327/1397 1458/327/1398
f 1478/308/1486 1445/307/1457 1446/308/1426
f 1474/39/1391 1472/38/1392 1442/39/1393
f 1460/330/1394 1491/329/1395 1459/329/1396
f 1479/310/1425 1446/308/1426 1447/310/1421
f 1461/331/1430 1492/330/1470 1460/330/1394
f 1480/312/1420 1447/310/1421 1448/312/1419
f 1462/332/1432 1493/331/1471 1461/331/1430
f 1481/314/1418 1448/312/1419 1449/314/1418
f 1463/333/1434 1494/332/1472 1462/332/1432
f 1450/316/1417 1481/314/1418 1449/314/1418
f 1464/334/1436 1495/333/1473 1463/333/1434
f 1451/317/1414 1482/316/1416 1450/316/1417
f 1465/336/1438 1496/334/1474 1464/334/1436
f 1452/318/1412 1483/317/1413 1451/317/1414
f 1533/342/1681 1500/341/1321 1501/342/1681
f 1520/325/1682 1487/323/1321 1488/325/1682
f 1475/305/1321 1505/304/1679 1473/304/1679
f 1534/343/1321 1501/342/1681 1502/343/1321
f 1521/328/1321 1488/325/1682 1489/328/1321
f 1476/306/1321 1507/305/1321 1475/305/1321
f 1535/344/1679 1502/343/1321 1503/344/1679
f 1490/327/1679 1521/328/1321 1489/328/1321
f 1477/307/1321 1508/306/1321 1476/306/1321
f 1536/38/1682 1503/344/1679 1504/38/1682
f 1491/329/1682 1522/327/1679 1490/327/1679
f 1478/308/1321 1509/307/1321 1477/307/1321
f 1506/39/1680 1504/38/1682 1474/39/1680
f 1492/330/1321 1523/329/1682 1491/329/1682
f 1479/310/1680 1510/308/1321 1478/308/1321
f 1493/331/1679 1524/330/1321 1492/330/1321
f 1480/312/1321 1511/310/1680 1479/310/1680
f 1494/332/1321 1525/331/1679 1493/331/1679
f 1481/314/1680 1512/312/1321 1480/312/1321
f 1495/333/1321 1526/332/1321 1494/332/1321
f 1514/316/1321 1481/314/1680 1482/316/1321
f 1496/334/1321 1527/333/1321 1495/333/1321
f 1515/317/1680 1482/316/1321 1483/317/1680
f 1497/336/1683 1528/334/1321 1496/334/1321
f 1516/318/1321 1483/317/1680 1484/318/1321
f 1530/339/1321 1497/336/1683 1498/339/1321
f 1517/319/1321 1484/318/1321 1485/319/1321
f 1531/340/1683 1498/339/1321 1499/340/1683
f 1518/321/1682 1485/319/1321 1486/321/1321
f 1532/341/1321 1499/340/1683 1500/341/1321
f 1519/323/1321 1486/321/1321 1487/323/1321
f 1553/328/1390 1561/336/1390 1538/39/1390
f 1153/303/1331 1600/346/1467 1184/142/1467
f 1184/142/1467 1599/347/1466 1183/141/1466
f 1183/141/1466 1598/348/1465 1182/140/1465
f 1182/140/1465 1597/349/1464 1181/139/1464
f 1181/139/1464 1596/350/1463 1180/138/1463
f 1180/138/1463 1595/351/1462 1179/137/1462
f 1179/137/1462 1594/352/1461 1178/136/1461
f 1178/136/1461 1593/353/1418 1177/135/1418
f 1176/134/1460 1593/353/1418 1592/354/1460
f 1175/133/1459 1592/354/1460 1591/355/1459
f 1174/132/1458 1591/355/1459 1590/356/1458
f 1173/131/1456 1590/356/1458 1589/357/1456
f 1172/130/1454 1589/357/1456 1588/358/1454
f 1171/129/1453 1588/358/1454 1587/359/1453
f 1170/128/1452 1587/359/1453 1586/360/1452
f 1169/127/1341 1586/360/1452 1585/361/1341
f 1168/126/1451 1585/361/1341 1584/362/1451
f 1167/125/1449 1584/362/1451 1583/363/1449
f 1166/124/1447 1583/363/1449 1582/364/1447
f 1165/123/1445 1582/364/1447 1581/365/1445
f 1164/122/1443 1581/365/1445 1580/366/1443
f 1163/121/1441 1580/366/1443 1579/367/1441
f 1162/120/1439 1579/367/1441 1578/368/1439
f 1161/119/1438 1578/368/1439 1577/391/1438
f 1161/119/1438 1576/369/1437 1160/118/1437
f 1160/118/1437 1575/370/1435 1159/117/1435
f 1159/117/1435 1574/371/1433 1158/116/1433
f 1158/116/1433 1573/372/1431 1157/115/1431
f 1157/115/1431 1572/373/1429 1156/114/1429
f 1156/114/1429 1571/374/1428 1155/113/1428
f 1155/113/1428 1570/375/1427 1154/112/1427
f 1154/112/1427 1569/376/1331 1153/144/1331
f 1569/377/1331 1632/11/1402 1600/346/1467
f 1600/346/1467 1631/7/1404 1599/347/1466
f 1599/347/1466 1630/6/1407 1598/348/1465
f 1598/348/1465 1629/378/1409 1597/349/1464
f 1597/349/1464 1628/379/1411 1596/350/1463
f 1596/350/1463 1627/380/1413 1595/351/1462
f 1595/351/1462 1626/381/1416 1594/352/1461
f 1594/352/1461 1625/382/1418 1593/353/1418
f 1592/354/1460 1625/382/1418 1624/383/1420
f 1591/355/1459 1624/383/1420 1623/384/1425
f 1590/356/1458 1623/384/1425 1622/385/1486
f 1589/357/1456 1622/385/1486 1621/386/1483
f 1588/358/1454 1621/386/1483 1620/387/1481
f 1587/359/1453 1620/387/1481 1619/388/1422
f 1586/360/1452 1619/388/1422 1618/389/1468
f 1585/361/1341 1618/389/1468 1617/390/1391
f 1584/362/1451 1617/390/1391 1616/40/1485
f 1583/363/1449 1616/40/1485 1615/37/1482
f 1582/364/1447 1615/37/1482 1614/34/1480
f 1581/365/1445 1614/34/1480 1613/31/1478
f 1580/366/1443 1613/31/1478 1612/30/1477
f 1579/367/1441 1612/30/1477 1611/27/1476
f 1578/368/1439 1611/27/1476 1610/25/1475
f 1577/391/1438 1610/25/1475 1609/23/1438
f 1577/391/1438 1608/20/1474 1576/369/1437
f 1576/369/1437 1607/18/1473 1575/370/1435
f 1575/370/1435 1606/14/1472 1574/371/1433
f 1574/371/1433 1605/8/1471 1573/372/1431
f 1573/372/1431 1604/2/1470 1572/373/1429
f 1572/373/1429 1603/3/1395 1571/374/1428
f 1571/374/1428 1602/392/1397 1570/375/1427
f 1570/375/1427 1601/393/1400 1569/376/1331
f 1666/392/1398 1634/394/1400 1635/393/1401
f 1667/3/1396 1633/395/1397 1666/392/1398
f 1668/2/1394 1636/396/1395 1667/3/1396
f 1669/8/1430 1637/397/1470 1668/2/1394
f 1670/14/1432 1638/398/1471 1669/8/1430
f 1671/18/1434 1639/399/1472 1670/14/1432
f 1672/20/1436 1640/400/1473 1671/18/1434
f 1673/23/1438 1641/401/1474 1672/20/1436
f 1673/23/1438 1643/402/1475 1642/489/1438
f 1674/25/1440 1644/403/1476 1643/402/1475
f 1675/27/1442 1645/404/1477 1644/403/1476
f 1676/30/1444 1646/405/1478 1645/404/1477
f 1677/31/1446 1647/406/1480 1646/405/1478
f 1678/34/1448 1648/407/1482 1647/406/1480
f 1679/37/1450 1649/408/1485 1648/407/1482
f 1680/40/1392 1650/409/1391 1649/408/1485
f 1681/390/1393 1651/410/1468 1650/409/1391
f 1682/389/1423 1652/411/1422 1651/410/1468
f 1683/388/1424 1653/412/1481 1652/411/1422
f 1684/387/1455 1654/413/1483 1653/412/1481
f 1685/386/1457 1655/414/1486 1654/413/1483
f 1686/385/1426 1656/415/1425 1655/414/1486
f 1687/384/1421 1657/416/1420 1656/415/1425
f 1688/383/1419 1658/417/1418 1657/416/1420
f 1690/381/1417 1658/417/1418 1689/382/1418
f 1691/380/1414 1659/418/1416 1690/381/1417
f 1692/379/1412 1660/419/1413 1691/380/1414
f 1693/378/1410 1661/420/1411 1692/379/1412
f 1694/6/1408 1662/421/1409 1693/378/1410
f 1695/7/1405 1663/422/1407 1694/6/1408
f 1696/11/1403 1664/423/1404 1695/7/1405
f 1635/17/1401 1665/424/1402 1696/11/1403
f 1694/6/1321 1629/378/1321 1630/6/1321
f 1603/3/1321 1666/392/1321 1602/392/1321
f 1693/378/1321 1628/379/1321 1629/378/1321
f 1602/392/1321 1635/393/1321 1601/393/1321
f 1692/379/1321 1627/380/1321 1628/379/1321
f 1691/380/1321 1626/381/1321 1627/380/1321
f 1690/381/1321 1625/382/1321 1626/381/1321
f 1625/382/1321 1688/383/1321 1624/383/1321
f 1624/383/1321 1687/384/1321 1623/384/1321
f 1623/384/1321 1686/385/1321 1622/385/1321
f 1622/385/1321 1685/386/1321 1621/386/1321
f 1621/386/1321 1684/387/1321 1620/387/1321
f 1620/387/1321 1683/388/1321 1619/388/1321
f 1619/388/1321 1682/389/1321 1618/389/1321
f 1618/389/1321 1681/390/1321 1617/390/1321
f 1681/390/1321 1616/40/1321 1617/390/1321
f 708/2/194 707/3/1205 771/3/195
f 734/6/200 798/6/1202 799/7/201
f 709/8/203 708/2/194 772/2/196
f 735/7/202 799/7/201 800/11/208
f 710/14/213 709/8/203 773/8/204
f 736/11/209 800/11/208 739/17/218
f 711/18/220 710/14/213 774/14/214
f 712/20/224 711/18/220 775/18/221
f 713/23/230 712/20/224 776/20/225
f 713/23/230 777/23/230 778/25/233
f 714/25/234 778/25/233 779/27/237
f 715/27/238 779/27/237 780/30/243
f 716/30/244 780/30/243 781/31/245
f 717/31/246 781/31/245 782/34/251
f 718/34/252 782/34/251 783/37/257
f 719/37/258 783/37/257 784/40/262
f 231/45/267 229/46/273 441/46/268
f 421/47/270 419/281/689 324/48/271
f 229/46/273 227/50/281 438/50/274
f 392/51/275 297/296/681 300/52/276
f 472/54/278 470/291/706 375/55/279
f 227/50/281 225/57/286 435/57/282
f 443/58/283 348/249/697 349/59/284
f 225/57/286 223/42/291 432/42/287
f 418/61/288 416/280/688 321/62/289
f 223/42/291 221/64/299 429/64/292
f 389/65/293 294/295/679 295/66/294
f 469/68/296 467/290/705 372/69/297
f 221/64/299 219/71/304 426/71/300
f 440/72/301 345/246/696 346/73/302
f 219/71/304 217/79/309 423/75/305
f 415/76/306 413/279/687 318/77/307
f 217/79/309 215/84/314 420/80/310
f 466/81/311 464/289/704 369/82/312
f 215/84/314 213/85/322 417/85/315
f 385/86/316 289/294/680 292/87/317
f 437/89/319 342/243/695 343/90/320
f 213/85/322 211/92/327 414/92/323
f 412/93/324 410/278/1788 315/94/325
f 211/92/327 209/101/328 411/96/328
f 463/97/329 461/288/703 366/98/330
f 207/100/332 408/100/337 411/96/328
f 436/102/333 434/286/694 339/103/334
f 205/105/336 405/105/345 408/100/337
f 195/106/338 390/106/408 393/107/339
f 407/108/341 312/301/686 313/109/342
f 203/111/344 402/111/483 405/105/345
f 258/112/346 259/113/349 296/113/347
f 259/113/349 260/114/351 298/114/350
f 260/114/351 261/115/353 301/115/352
f 261/115/353 262/116/355 304/116/354
f 262/116/355 263/117/357 307/117/356
f 263/117/357 264/118/359 311/118/358
f 264/118/359 265/119/362 314/119/360
f 266/120/361 317/120/364 314/119/360
f 267/121/363 320/121/366 317/120/364
f 268/122/365 323/122/368 320/121/366
f 269/123/367 325/123/370 323/122/368
f 270/124/369 328/124/372 325/123/370
f 271/125/371 331/125/374 328/124/372
f 272/126/373 334/126/376 331/125/374
f 273/127/375 338/127/378 334/126/376
f 274/128/377 341/128/380 338/127/378
f 275/129/379 344/129/382 341/128/380
f 276/130/381 347/130/384 344/129/382
f 277/131/383 350/131/386 347/130/384
f 278/132/385 352/132/388 350/131/386
f 279/133/387 355/133/390 352/132/388
f 280/134/389 358/134/392 355/133/390
f 281/135/391 361/135/394 358/134/392
f 281/135/391 282/136/395 365/136/393
f 282/136/395 283/137/397 368/137/396
f 283/137/397 284/138/399 371/138/398
f 284/138/399 285/139/401 374/139/400
f 285/139/401 286/140/403 376/140/402
f 286/140/403 287/141/405 379/141/404
f 287/141/405 288/142/710 382/142/406
f 193/143/407 386/190/465 390/106/408
f 257/144/409 258/112/346 293/112/348
f 446/145/411 351/252/698 354/146/412
f 233/148/414 231/45/267 444/45/269
f 475/149/416 473/292/707 377/150/417
f 395/152/419 299/297/682 303/153/420
f 235/155/422 233/148/414 447/148/415
f 424/157/424 422/282/690 326/158/425
f 237/160/427 235/155/422 450/156/423
f 449/161/429 353/254/699 357/162/430
f 239/43/432 237/160/427 453/160/428
f 478/164/434 476/293/708 380/165/435
f 398/167/437 302/298/683 306/168/438
f 241/170/440 239/43/432 456/43/433
f 427/171/441 425/283/691 329/172/442
f 241/170/440 459/170/440 462/174/444
f 452/175/446 356/257/700 360/176/447
f 243/174/445 462/174/444 465/178/449
f 479/179/451 383/302/709 290/180/452
f 401/182/454 305/299/684 309/183/455
f 245/178/450 465/178/449 468/185/457
f 430/186/459 428/284/692 332/187/460
f 247/185/458 468/185/457 471/189/462
f 255/44/464 480/44/482 386/190/465
f 455/191/466 359/260/701 363/192/467
f 249/189/463 471/189/462 474/194/469
f 197/107/340 393/107/339 396/195/471
f 404/196/473 308/300/685 310/197/474
f 251/194/470 474/194/469 477/199/476
f 199/195/472 396/195/471 399/200/478
f 433/201/480 431/285/693 335/202/317
f 253/199/477 477/199/476 480/44/482
f 201/200/479 399/200/478 402/111/483
f 460/204/484 458/287/702 362/205/485
f 291/208/489 293/209/491 292/87/490
f 293/209/491 296/211/494 295/66/493
f 296/211/494 298/213/496 300/52/498
f 298/213/496 301/215/499 303/153/501
f 301/215/499 304/217/502 306/168/504
f 304/217/502 307/219/505 309/183/507
f 307/219/505 311/221/509 310/197/508
f 311/221/509 314/224/512 313/109/511
f 317/226/515 316/95/514 315/94/513
f 320/228/518 319/78/517 318/77/516
f 323/230/521 322/63/520 321/62/519
f 325/231/523 327/49/525 324/48/522
f 328/233/526 330/159/528 326/158/524
f 334/237/532 336/188/534 332/187/530
f 338/240/536 337/203/535 335/202/533
f 341/242/539 340/104/538 339/103/537
f 344/245/542 343/90/541 342/243/540
f 347/248/545 346/73/544 345/246/543
f 350/251/548 349/59/547 348/249/546
f 352/253/550 354/146/552 351/252/549
f 355/256/553 357/162/555 353/254/551
f 358/259/556 360/176/558 356/257/554
f 361/262/559 363/192/561 359/260/557
f 361/262/559 365/264/563 364/206/562
f 365/264/563 368/266/566 367/99/565
f 368/266/566 371/268/569 370/83/568
f 371/268/569 374/270/572 373/70/571
f 374/270/572 376/272/574 378/56/576
f 376/272/574 379/274/577 381/151/579
f 379/274/577 382/276/580 384/166/582
f 382/276/580 291/208/489 290/180/488
f 388/88/586 390/106/588 386/190/584
f 391/67/589 393/107/591 390/106/588
f 394/53/592 396/195/594 393/107/591
f 397/154/595 399/200/597 396/195/594
f 400/169/598 402/111/600 399/200/597
f 403/184/601 405/105/603 402/111/600
f 406/198/604 408/100/606 405/105/603
f 409/110/607 411/96/609 408/100/606
f 410/278/608 412/93/610 414/92/612
f 413/279/611 415/76/613 417/85/615
f 416/280/614 418/61/616 420/80/618
f 419/281/617 421/47/619 423/75/621
f 422/282/620 424/157/622 426/71/624
f 425/283/623 427/171/625 429/64/627
f 428/284/626 430/186/628 432/42/630
f 431/285/629 433/201/631 435/57/633
f 434/286/632 436/102/634 438/50/636
f 437/89/635 439/91/637 441/46/639
f 440/72/638 442/74/640 444/45/642
f 443/58/641 445/60/643 447/148/645
f 446/145/644 448/147/646 450/156/648
f 449/161/647 451/163/649 453/160/651
f 452/175/650 454/177/652 456/43/654
f 455/191/653 457/193/655 459/170/657
f 460/204/658 462/174/660 459/170/657
f 463/97/661 465/178/663 462/174/660
f 466/81/664 468/185/666 465/178/663
f 469/68/667 471/189/669 468/185/666
f 472/54/670 474/194/672 471/189/669
f 475/149/673 477/199/675 474/194/672
f 478/164/676 480/44/678 477/199/675
f 387/181/585 386/190/584 480/44/678
f 294/295/679 389/65/293 388/88/318
f 387/181/453 290/180/452 289/294/680
f 297/296/681 392/51/275 391/67/295
f 299/297/682 395/152/419 394/53/277
f 302/298/683 398/167/437 397/154/421
f 305/299/684 401/182/454 400/169/439
f 308/300/685 404/196/473 403/184/456
f 312/301/686 407/108/341 406/198/475
f 315/94/325 410/278/1788 409/110/343
f 413/279/687 412/93/324 316/95/326
f 416/280/688 415/76/306 319/78/308
f 419/281/689 418/61/288 322/63/290
f 422/282/690 421/47/270 327/49/272
f 425/283/691 424/157/424 330/159/426
f 428/284/692 427/171/441 333/173/443
f 431/285/693 430/186/459 336/188/461
f 434/286/694 433/201/480 337/203/481
f 342/243/695 437/89/319 436/102/333
f 345/246/696 440/72/301 439/91/321
f 348/249/697 443/58/283 442/74/303
f 351/252/698 446/145/411 445/60/285
f 353/254/699 449/161/429 448/147/413
f 356/257/700 452/175/446 451/163/431
f 359/260/701 455/191/466 454/177/448
f 458/287/702 457/193/468 363/192/467
f 461/288/703 460/204/484 364/206/486
f 464/289/704 463/97/329 367/99/331
f 467/290/705 466/81/311 370/83/313
f 470/291/706 469/68/296 373/70/298
f 473/292/707 472/54/278 378/56/280
f 476/293/708 475/149/416 381/151/418
f 479/179/451 478/164/434 384/166/436
f 288/142/710 257/303/409 291/303/410
f 569/336/836 601/336/949 602/339/837
f 578/39/887 610/39/980 609/304/888
f 557/319/890 556/318/950 588/318/891
f 570/339/838 602/339/837 603/340/893
f 558/321/895 557/319/890 589/319/892
f 571/340/894 603/340/893 604/341/897
f 559/323/899 558/321/895 590/321/896
f 546/39/901 578/39/928 577/304/902
f 572/341/898 604/341/897 605/342/904
f 560/325/906 559/323/899 591/323/900
f 545/304/903 577/304/902 579/305/908
f 573/342/905 605/342/904 606/343/910
f 561/328/912 560/325/906 592/325/907
f 547/305/909 579/305/908 580/306/914
f 574/343/911 606/343/910 607/344/916
f 562/327/918 561/328/912 593/328/913
f 548/306/915 580/306/914 581/307/920
f 575/344/917 607/344/916 608/38/922
f 563/329/924 562/327/918 594/327/919
f 549/307/921 581/307/920 582/308/926
f 576/38/923 608/38/922 578/39/928
f 564/330/929 563/329/924 595/329/925
f 550/308/927 582/308/926 583/310/931
f 565/331/933 564/330/929 596/330/930
f 551/310/932 583/310/931 584/312/935
f 566/332/937 565/331/933 597/331/934
f 552/312/936 584/312/935 585/314/939
f 567/333/941 566/332/937 598/332/938
f 554/316/943 553/314/940 585/314/939
f 568/334/945 567/333/941 599/333/942
f 555/317/947 554/316/943 586/316/944
f 569/336/836 568/334/945 600/334/946
f 556/318/950 555/317/947 587/317/948
f 604/341/954 636/341/1012 637/342/955
f 592/325/957 591/323/1013 623/323/958
f 577/304/889 609/304/888 611/305/960
f 605/342/956 637/342/955 638/343/962
f 593/328/964 592/325/957 624/325/959
f 579/305/961 611/305/960 612/306/966
f 606/343/963 638/343/962 639/344/968
f 594/327/970 593/328/964 625/328/965
f 580/306/967 612/306/966 613/307/972
f 607/344/969 639/344/968 640/38/974
f 595/329/976 594/327/970 626/327/971
f 581/307/973 613/307/972 614/308/978
f 608/38/975 640/38/974 610/39/980
f 596/330/981 595/329/976 627/329/977
f 582/308/979 614/308/978 615/310/983
f 597/331/985 596/330/981 628/330/982
f 583/310/984 615/310/983 616/312/987
f 598/332/989 597/331/985 629/331/986
f 584/312/988 616/312/987 617/314/991
f 599/333/992 598/332/989 630/332/990
f 586/316/994 585/314/991 617/314/991
f 600/334/996 599/333/992 631/333/993
f 587/317/998 586/316/994 618/316/995
f 601/336/1000 600/334/996 632/334/997
f 588/318/1002 587/317/998 619/317/999
f 601/336/1000 633/336/1001 634/339/1004
f 589/319/1006 588/318/1002 620/318/1003
f 602/339/1005 634/339/1004 635/340/1008
f 590/321/1010 589/319/1006 621/319/1007
f 603/340/1009 635/340/1008 636/341/1012
f 591/323/1013 590/321/1010 622/321/1011
f 643/305/1014 641/304/1789 642/39/1789
f 642/39/1789 672/38/1790 671/344/1790
f 671/344/1790 670/343/1790 669/342/1791
f 669/342/1791 668/341/1792 667/340/1014
f 667/340/1014 666/339/1793 665/336/1793
f 665/336/1793 664/334/1793 663/333/1794
f 663/333/1794 662/332/1795 661/331/1796
f 661/331/1796 660/330/1797 659/329/1014
f 659/329/1014 658/327/1797 657/328/1798
f 657/328/1798 656/325/1798 655/323/1015
f 655/323/1015 654/321/1015 653/319/1015
f 653/319/1015 652/318/1015 651/317/1015
f 651/317/1015 650/316/1015 649/314/1015
f 649/314/1015 648/312/1015 647/310/1015
f 647/310/1015 646/308/1015 645/307/1015
f 645/307/1015 644/306/1015 643/305/1014
f 643/305/1014 642/39/1789 671/344/1790
f 671/344/1790 669/342/1791 667/340/1014
f 667/340/1014 665/336/1793 663/333/1794
f 663/333/1794 661/331/1796 659/329/1014
f 659/329/1014 657/328/1798 655/323/1015
f 655/323/1015 653/319/1015 651/317/1015
f 651/317/1015 649/314/1015 647/310/1015
f 647/310/1015 645/307/1015 643/305/1014
f 643/305/1014 671/344/1790 667/340/1014
f 667/340/1014 663/333/1794 659/329/1014
f 659/329/1014 655/323/1015 651/317/1015
f 651/317/1015 647/310/1015 643/305/1014
f 643/305/1014 667/340/1014 659/329/1014
f 704/346/1075 673/377/1105 257/303/409
f 703/347/1076 704/346/1075 288/142/710
f 702/348/1077 703/347/1076 287/141/405
f 701/349/1078 702/348/1077 286/140/403
f 700/350/1079 701/349/1078 285/139/401
f 699/351/1080 700/350/1079 284/138/399
f 698/352/1081 699/351/1080 283/137/397
f 697/353/1082 698/352/1081 282/136/395
f 280/134/389 696/354/1083 697/353/1082
f 279/133/387 695/355/1084 696/354/1083
f 278/132/385 694/356/1085 695/355/1084
f 277/131/383 693/357/1086 694/356/1085
f 276/130/381 692/358/1087 693/357/1086
f 275/129/379 691/359/1088 692/358/1087
f 274/128/377 690/360/1089 691/359/1088
f 273/127/375 689/361/1090 690/360/1089
f 272/126/373 688/362/1091 689/361/1090
f 271/125/371 687/363/1092 688/362/1091
f 270/124/369 686/364/1093 687/363/1092
f 269/123/367 685/365/1094 686/364/1093
f 268/122/365 684/366/1095 685/365/1094
f 267/121/363 683/367/1096 684/366/1095
f 266/120/361 682/368/1097 683/367/1096
f 265/119/362 681/391/1128 682/368/1097
f 680/369/1098 681/391/1128 265/119/362
f 679/370/1099 680/369/1098 264/118/359
f 678/371/1100 679/370/1099 263/117/357
f 677/372/1101 678/371/1100 262/116/355
f 676/373/1102 677/372/1101 261/115/353
f 675/374/1103 676/373/1102 260/114/351
f 674/375/1104 675/374/1103 259/113/349
f 673/376/1105 674/375/1104 258/112/346
f 736/11/1106 705/17/1137 673/377/1105
f 735/7/1107 736/11/1106 704/346/1075
f 734/6/1108 735/7/1107 703/347/1076
f 733/378/1109 734/6/1108 702/348/1077
f 732/379/1110 733/378/1109 701/349/1078
f 731/380/1111 732/379/1110 700/350/1079
f 730/381/1112 731/380/1111 699/351/1080
f 729/382/1113 730/381/1112 698/352/1081
f 696/354/1083 728/383/1114 729/382/1113
f 695/355/1084 727/384/1115 728/383/1114
f 694/356/1085 726/385/1116 727/384/1115
f 693/357/1086 725/386/1117 726/385/1116
f 692/358/1087 724/387/1118 725/386/1117
f 691/359/1088 723/388/1119 724/387/1118
f 690/360/1089 722/389/1120 723/388/1119
f 689/361/1090 721/390/1121 722/389/1120
f 688/362/1091 720/40/1122 721/390/1121
f 687/363/1092 719/37/1123 720/40/1122
f 686/364/1093 718/34/1124 719/37/1123
f 685/365/1094 717/31/1125 718/34/1124
f 684/366/1095 716/30/1126 717/31/1125
f 683/367/1096 715/27/1127 716/30/1126
f 682/368/1097 714/25/1129 715/27/1127
f 681/391/1128 713/23/1799 714/25/1129
f 712/20/1130 713/23/1799 681/391/1128
f 711/18/1131 712/20/1130 680/369/1098
f 710/14/1132 711/18/1131 679/370/1099
f 709/8/1133 710/14/1132 678/371/1100
f 708/2/1134 709/8/1133 677/372/1101
f 707/3/1135 708/2/1134 676/373/1102
f 706/392/1136 707/3/1135 675/374/1103
f 705/393/1137 706/392/1136 674/375/1104
f 738/394/1138 737/395/1141 770/392/1139
f 737/395/1141 740/396/1143 771/3/1142
f 740/396/1143 741/397/1145 772/2/1144
f 741/397/1145 742/398/1147 773/8/1146
f 742/398/1147 743/399/1149 774/14/1148
f 743/399/1149 744/400/1151 775/18/1150
f 744/400/1151 745/401/1153 776/20/1152
f 745/401/1153 746/489/1800 777/23/1154
f 777/23/1154 746/489/1800 747/402/1155
f 778/25/1156 747/402/1155 748/403/1157
f 779/27/1158 748/403/1157 749/404/1159
f 780/30/1160 749/404/1159 750/405/1161
f 781/31/1162 750/405/1161 751/406/1163
f 782/34/1164 751/406/1163 752/407/1165
f 783/37/1166 752/407/1165 753/408/1167
f 784/40/1168 753/408/1167 754/409/1169
f 785/390/1170 754/409/1169 755/410/1171
f 786/389/1172 755/410/1171 756/411/1173
f 787/388/1174 756/411/1173 757/412/1175
f 788/387/1176 757/412/1175 758/413/1177
f 789/386/1178 758/413/1177 759/414/1179
f 790/385/1180 759/414/1179 760/415/1181
f 791/384/1182 760/415/1181 761/416/1183
f 792/383/1184 761/416/1183 762/417/1185
f 762/417/1185 763/418/1188 794/381/1187
f 763/418/1188 764/419/1190 795/380/1189
f 764/419/1190 765/420/1192 796/379/1191
f 765/420/1192 766/421/1194 797/378/1193
f 766/421/1194 767/422/1196 798/6/1195
f 767/422/1196 768/423/1198 799/7/1197
f 768/423/1198 769/424/1200 800/11/1199
f 769/424/1200 738/492/1138 739/17/1140
f 733/378/1201 797/378/1210 798/6/1202
f 707/3/1205 706/392/1213 770/392/1206
f 732/379/1209 796/379/1215 797/378/1210
f 705/393/219 739/393/218 770/392/1206
f 731/380/1214 795/380/1221 796/379/1215
f 730/381/1220 794/381/1225 795/380/1221
f 729/382/1224 793/382/1224 794/381/1225
f 729/382/1224 728/383/1230 792/383/1228
f 728/383/1230 727/384/1236 791/384/1231
f 727/384/1236 726/385/1240 790/385/1237
f 726/385/1240 725/386/1242 789/386/1241
f 725/386/1242 724/387/1248 788/387/1243
f 724/387/1248 723/388/1251 787/388/1249
f 723/388/1251 722/389/1253 786/389/1252
f 722/389/1253 721/390/1257 785/390/1254
f 721/390/1257 720/40/263 784/40/262
f 1604/2/1321 1668/2/1321 1667/3/1321
f 1695/7/1321 1694/6/1321 1630/6/1321
f 1605/8/1321 1669/8/1321 1668/2/1321
f 1696/11/1321 1695/7/1321 1631/7/1321
f 1606/14/1321 1670/14/1321 1669/8/1321
f 1635/17/1321 1696/11/1321 1632/11/1321
f 1607/18/1321 1671/18/1321 1670/14/1321
f 1608/20/1321 1672/20/1321 1671/18/1321
f 1609/23/1321 1673/23/1321 1672/20/1321
f 1674/25/1321 1673/23/1321 1609/23/1321
f 1675/27/1321 1674/25/1321 1610/25/1321
f 1676/30/1321 1675/27/1321 1611/27/1321
f 1677/31/1321 1676/30/1321 1612/30/1321
f 1678/34/1321 1677/31/1321 1613/31/1321
f 1679/37/1321 1678/34/1321 1614/34/1321
f 1680/40/1321 1679/37/1321 1615/37/1321
f 1127/45/1394 1340/45/1470 1337/46/1395
f 1317/47/1390 1223/49/1390 1220/48/1390
f 1125/46/1396 1337/46/1395 1334/50/1397
f 1196/52/1390 1193/296/1390 1288/51/1390
f 1368/54/1399 1274/56/1399 1271/55/1390
f 1123/50/1398 1334/50/1397 1331/57/1400
f 1245/59/1390 1244/249/1399 1339/58/1399
f 1121/57/1401 1331/57/1400 1328/42/1402
f 1314/61/1390 1218/63/1390 1217/62/1399
f 1119/42/1403 1328/42/1402 1325/64/1404
f 1191/66/1390 1190/295/1390 1285/65/1390
f 1365/68/1406 1269/70/1406 1268/69/1390
f 1117/64/1405 1325/64/1404 1322/71/1407
f 1242/73/1390 1241/246/1390 1336/72/1390
f 1115/71/1408 1322/71/1407 1319/75/1409
f 1311/76/1390 1215/78/1390 1214/77/1390
f 1113/79/1410 1319/75/1409 1316/80/1411
f 1362/81/1406 1266/83/1406 1265/82/1406
f 1111/84/1412 1316/80/1411 1313/85/1413
f 1188/87/1415 1185/294/1390 1281/86/1390
f 1239/90/1390 1238/243/1390 1333/89/1390
f 1109/85/1414 1313/85/1413 1310/92/1416
f 1308/93/1390 1212/95/1390 1211/94/1390
f 1107/92/1417 1310/92/1416 1307/96/1418
f 1359/97/1399 1263/99/1399 1262/98/1390
f 1307/96/1418 1304/100/1420 1103/100/1419
f 1236/104/1390 1235/103/1390 1330/286/1390
f 1304/100/1420 1301/105/1425 1101/105/1421
f 1289/107/1422 1286/106/1468 1091/106/1423
f 1209/109/1406 1208/301/1390 1303/108/1390
f 1301/105/1425 1298/111/1486 1099/111/1426
f 1154/112/1427 1189/112/1398 1192/113/1396
f 1155/113/1428 1192/113/1396 1194/114/1394
f 1156/114/1429 1194/114/1394 1197/115/1430
f 1157/115/1431 1197/115/1430 1200/116/1432
f 1158/116/1433 1200/116/1432 1203/117/1434
f 1159/117/1435 1203/117/1434 1207/118/1436
f 1160/118/1437 1207/118/1436 1210/119/1438
f 1210/119/1438 1213/120/1440 1162/120/1439
f 1213/120/1440 1216/121/1442 1163/121/1441
f 1216/121/1442 1219/122/1444 1164/122/1443
f 1219/122/1444 1221/123/1446 1165/123/1445
f 1221/123/1446 1224/124/1448 1166/124/1447
f 1224/124/1448 1227/125/1450 1167/125/1449
f 1227/125/1450 1230/126/1392 1168/126/1451
f 1230/126/1392 1234/127/1393 1169/127/1341
f 1234/127/1393 1237/128/1423 1170/128/1452
f 1237/128/1423 1240/129/1424 1171/129/1453
f 1240/129/1424 1243/130/1455 1172/130/1454
f 1243/130/1455 1246/131/1457 1173/131/1456
f 1246/131/1457 1248/132/1426 1174/132/1458
f 1248/132/1426 1251/133/1421 1175/133/1459
f 1251/133/1421 1254/134/1419 1176/134/1460
f 1254/134/1419 1257/135/1418 1177/135/1418
f 1177/135/1418 1257/135/1418 1261/136/1417
f 1178/136/1461 1261/136/1417 1264/137/1414
f 1179/137/1462 1264/137/1414 1267/138/1412
f 1180/138/1463 1267/138/1412 1270/139/1410
f 1181/139/1464 1270/139/1410 1272/140/1408
f 1182/140/1465 1272/140/1408 1275/141/1405
f 1183/141/1466 1275/141/1405 1278/142/1403
f 1286/106/1468 1282/190/1391 1089/143/1393
f 1153/144/1331 1187/144/1401 1189/112/1398
f 1250/146/1399 1247/252/1406 1342/145/1406
f 1129/148/1469 1343/148/1471 1340/45/1470
f 1371/149/1390 1277/151/1390 1273/150/1390
f 1199/153/1390 1195/297/1390 1291/152/1390
f 1131/155/1432 1346/156/1472 1343/148/1471
f 1320/157/1390 1226/159/1390 1222/158/1390
f 1133/160/1434 1349/160/1473 1346/156/1472
f 1253/162/1406 1249/254/1406 1345/161/1406
f 1135/43/1436 1352/43/1474 1349/160/1473
f 1374/164/1390 1280/166/1390 1276/165/1390
f 1202/168/1390 1198/298/1390 1294/167/1390
f 1137/170/1438 1355/170/1438 1352/43/1474
f 1323/171/1390 1229/173/1390 1225/172/1390
f 1358/174/1475 1355/170/1438 1137/170/1438
f 1256/176/1390 1252/257/1399 1348/175/1399
f 1361/178/1476 1358/174/1475 1139/174/1440
f 1283/181/1390 1186/180/1390 1279/302/1390
f 1205/183/1399 1201/299/1390 1297/182/1390
f 1364/185/1477 1361/178/1476 1141/178/1442
f 1326/186/1390 1232/188/1390 1228/187/1390
f 1367/189/1478 1364/185/1477 1143/185/1444
f 1282/190/1391 1376/44/1485 1151/44/1392
f 1259/192/1390 1255/260/1406 1351/191/1406
f 1370/194/1480 1367/189/1478 1145/189/1479
f 1292/195/1481 1289/107/1422 1093/107/1424
f 1206/197/1390 1204/300/1390 1300/196/1390
f 1373/199/1482 1370/194/1480 1147/194/1448
f 1295/200/1483 1292/195/1481 1095/195/1455
f 1329/201/1390 1233/203/1390 1231/202/1484
f 1376/44/1485 1373/199/1482 1149/199/1450
f 1298/111/1486 1295/200/1483 1097/200/1457
f 1356/204/1406 1260/206/1406 1258/205/1390
f 1187/208/1488 1185/294/1487 1188/87/1490
f 1189/209/1492 1190/295/1491 1191/66/1493
f 1192/211/1495 1193/296/1494 1196/52/1497
f 1194/213/1496 1195/297/1498 1199/153/1500
f 1197/215/1499 1198/298/1501 1202/168/1503
f 1200/217/1502 1201/299/1504 1205/183/1506
f 1203/219/1505 1204/300/1507 1206/197/1508
f 1207/221/1510 1208/301/1509 1209/109/1511
f 1211/94/1512 1212/95/1514 1213/226/1516
f 1214/77/1515 1215/78/1517 1216/228/1519
f 1217/62/1518 1218/63/1520 1219/230/1522
f 1220/48/1521 1223/49/1524 1221/231/1523
f 1222/158/1525 1226/159/1527 1224/233/1526
f 1228/187/1531 1232/188/1533 1230/237/1532
f 1231/202/1534 1233/203/1535 1234/240/1537
f 1235/103/1536 1236/104/1538 1237/242/1540
f 1238/243/1539 1239/90/1541 1240/245/1543
f 1241/246/1542 1242/73/1544 1243/248/1546
f 1244/249/1545 1245/59/1547 1246/251/1549
f 1247/252/1548 1250/146/1551 1248/253/1550
f 1249/254/1552 1253/162/1554 1251/256/1553
f 1252/257/1555 1256/176/1557 1254/259/1556
f 1255/260/1558 1259/192/1560 1257/262/1559
f 1257/262/1559 1258/205/1561 1260/206/1562
f 1261/264/1564 1262/98/1563 1263/99/1565
f 1264/266/1567 1265/82/1566 1266/83/1568
f 1267/268/1570 1268/69/1569 1269/70/1571
f 1270/270/1573 1271/55/1572 1274/56/1575
f 1272/272/1574 1273/150/1576 1277/151/1578
f 1275/274/1577 1276/165/1579 1280/166/1581
f 1278/276/1580 1279/302/1582 1186/180/1489
f 1282/190/1585 1286/106/1587 1284/88/1586
f 1286/106/1587 1289/107/1590 1287/67/1589
f 1289/107/1590 1292/195/1593 1290/53/1592
f 1292/195/1593 1295/200/1596 1293/154/1595
f 1295/200/1596 1298/111/1599 1296/169/1598
f 1298/111/1599 1301/105/1602 1299/184/1601
f 1301/105/1602 1304/100/1605 1302/198/1604
f 1304/100/1605 1307/96/1608 1305/110/1607
f 1306/278/1609 1307/96/1608 1310/92/1611
f 1309/279/1612 1310/92/1611 1313/85/1614
f 1312/280/1615 1313/85/1614 1316/80/1617
f 1315/281/1618 1316/80/1617 1319/75/1620
f 1318/282/1621 1319/75/1620 1322/71/1623
f 1321/283/1624 1322/71/1623 1325/64/1626
f 1324/284/1627 1325/64/1626 1328/42/1629
f 1327/285/1630 1328/42/1629 1331/57/1632
f 1330/286/1633 1331/57/1632 1334/50/1635
f 1333/89/1636 1334/50/1635 1337/46/1638
f 1336/72/1639 1337/46/1638 1340/45/1641
f 1339/58/1642 1340/45/1641 1343/148/1644
f 1342/145/1645 1343/148/1644 1346/156/1647
f 1345/161/1648 1346/156/1647 1349/160/1650
f 1348/175/1651 1349/160/1650 1352/43/1653
f 1351/191/1654 1352/43/1653 1355/170/1656
f 1355/170/1656 1358/174/1659 1356/204/1658
f 1358/174/1659 1361/178/1662 1359/97/1661
f 1361/178/1662 1364/185/1665 1362/81/1664
f 1364/185/1665 1367/189/1668 1365/68/1667
f 1367/189/1668 1370/194/1671 1368/54/1670
f 1370/194/1671 1373/199/1674 1371/149/1673
f 1373/199/1674 1376/44/1677 1374/164/1676
f 1376/44/1677 1282/190/1585 1283/181/1584
f 1190/295/1390 1188/87/1415 1284/88/1415
f 1281/86/1390 1185/294/1390 1186/180/1390
f 1193/296/1390 1191/66/1390 1287/67/1390
f 1195/297/1390 1196/52/1390 1290/53/1390
f 1198/298/1390 1199/153/1390 1293/154/1390
f 1201/299/1390 1202/168/1390 1296/169/1390
f 1204/300/1390 1205/183/1399 1299/184/1399
f 1208/301/1390 1206/197/1390 1302/198/1390
f 1209/109/1406 1305/110/1406 1306/278/1390
f 1212/95/1390 1308/93/1390 1309/279/1390
f 1215/78/1390 1311/76/1390 1312/280/1399
f 1218/63/1390 1314/61/1390 1315/281/1390
f 1223/49/1390 1317/47/1390 1318/282/1390
f 1226/159/1390 1320/157/1390 1321/283/1390
f 1229/173/1390 1323/171/1390 1324/284/1390
f 1232/188/1390 1326/186/1390 1327/285/1484
f 1233/203/1390 1329/201/1390 1330/286/1390
f 1238/243/1390 1236/104/1390 1332/102/1390
f 1241/246/1390 1239/90/1390 1335/91/1390
f 1244/249/1399 1242/73/1390 1338/74/1390
f 1247/252/1406 1245/59/1390 1341/60/1390
f 1249/254/1406 1250/146/1399 1344/147/1399
f 1252/257/1399 1253/162/1406 1347/163/1406
f 1255/260/1406 1256/176/1390 1350/177/1390
f 1259/192/1390 1353/193/1390 1354/287/1390
f 1260/206/1406 1356/204/1406 1357/288/1390
f 1263/99/1399 1359/97/1399 1360/289/1406
f 1266/83/1406 1362/81/1406 1363/290/1390
f 1269/70/1406 1365/68/1406 1366/291/1390
f 1274/56/1399 1368/54/1399 1369/292/1390
f 1277/151/1390 1371/149/1390 1372/293/1390
f 1280/166/1390 1374/164/1390 1375/179/1390
f 1184/142/1467 1278/142/1403 1187/303/1401
f 1498/339/1475 1497/336/1438 1465/336/1438
f 1473/304/1679 1505/304/1679 1506/39/1680
f 1453/319/1410 1485/319/1409 1484/318/1411
f 1499/340/1476 1498/339/1475 1466/339/1440
f 1454/321/1408 1486/321/1407 1485/319/1409
f 1500/341/1477 1499/340/1476 1467/340/1442
f 1455/323/1405 1487/323/1404 1486/321/1407
f 1473/304/1468 1474/39/1391 1442/39/1393
f 1501/342/1478 1500/341/1477 1468/341/1444
f 1456/325/1403 1488/325/1402 1487/323/1404
f 1475/305/1422 1473/304/1468 1441/304/1423
f 1502/343/1480 1501/342/1478 1469/342/1446
f 1457/328/1401 1489/328/1400 1488/325/1402
f 1476/306/1481 1475/305/1422 1443/305/1424
f 1503/344/1482 1502/343/1480 1470/343/1448
f 1458/327/1398 1490/327/1397 1489/328/1400
f 1477/307/1483 1476/306/1481 1444/306/1455
f 1504/38/1485 1503/344/1482 1471/344/1450
f 1459/329/1396 1491/329/1395 1490/327/1397
f 1478/308/1486 1477/307/1483 1445/307/1457
f 1474/39/1391 1504/38/1485 1472/38/1392
f 1460/330/1394 1492/330/1470 1491/329/1395
f 1479/310/1425 1478/308/1486 1446/308/1426
f 1461/331/1430 1493/331/1471 1492/330/1470
f 1480/312/1420 1479/310/1425 1447/310/1421
f 1462/332/1432 1494/332/1472 1493/331/1471
f 1481/314/1418 1480/312/1420 1448/312/1419
f 1463/333/1434 1495/333/1473 1494/332/1472
f 1450/316/1417 1482/316/1416 1481/314/1418
f 1464/334/1436 1496/334/1474 1495/333/1473
f 1451/317/1414 1483/317/1413 1482/316/1416
f 1465/336/1438 1497/336/1438 1496/334/1474
f 1452/318/1412 1484/318/1411 1483/317/1413
f 1533/342/1681 1532/341/1321 1500/341/1321
f 1520/325/1682 1519/323/1321 1487/323/1321
f 1475/305/1321 1507/305/1321 1505/304/1679
f 1534/343/1321 1533/342/1681 1501/342/1681
f 1521/328/1321 1520/325/1682 1488/325/1682
f 1476/306/1321 1508/306/1321 1507/305/1321
f 1535/344/1679 1534/343/1321 1502/343/1321
f 1490/327/1679 1522/327/1679 1521/328/1321
f 1477/307/1321 1509/307/1321 1508/306/1321
f 1536/38/1682 1535/344/1679 1503/344/1679
f 1491/329/1682 1523/329/1682 1522/327/1679
f 1478/308/1321 1510/308/1321 1509/307/1321
f 1506/39/1680 1536/38/1682 1504/38/1682
f 1492/330/1321 1524/330/1321 1523/329/1682
f 1479/310/1680 1511/310/1680 1510/308/1321
f 1493/331/1679 1525/331/1679 1524/330/1321
f 1480/312/1321 1512/312/1321 1511/310/1680
f 1494/332/1321 1526/332/1321 1525/331/1679
f 1481/314/1680 1513/314/1680 1512/312/1321
f 1495/333/1321 1527/333/1321 1526/332/1321
f 1514/316/1321 1513/314/1680 1481/314/1680
f 1496/334/1321 1528/334/1321 1527/333/1321
f 1515/317/1680 1514/316/1321 1482/316/1321
f 1497/336/1683 1529/336/1683 1528/334/1321
f 1516/318/1321 1515/317/1680 1483/317/1680
f 1530/339/1321 1529/336/1683 1497/336/1683
f 1517/319/1321 1516/318/1321 1484/318/1321
f 1531/340/1683 1530/339/1321 1498/339/1321
f 1518/321/1682 1517/319/1321 1485/319/1321
f 1532/341/1321 1531/340/1683 1499/340/1683
f 1519/323/1321 1518/321/1682 1486/321/1321
f 1538/39/1390 1537/304/1390 1539/305/1390
f 1539/305/1390 1540/306/1390 1541/307/1390
f 1541/307/1390 1542/308/1390 1543/310/1390
f 1543/310/1390 1544/312/1390 1545/314/1390
f 1545/314/1390 1546/316/1390 1547/317/1390
f 1547/317/1390 1548/318/1390 1549/319/1390
f 1549/319/1390 1550/321/1390 1551/323/1390
f 1551/323/1390 1552/325/1390 1553/328/1390
f 1553/328/1390 1554/327/1390 1555/329/1390
f 1555/329/1390 1556/330/1390 1557/331/1390
f 1557/331/1390 1558/332/1390 1559/333/1390
f 1559/333/1390 1560/334/1390 1561/336/1390
f 1561/336/1390 1562/339/1390 1563/340/1390
f 1563/340/1390 1564/341/1390 1565/342/1390
f 1565/342/1390 1566/343/1390 1567/344/1390
f 1567/344/1390 1568/38/1390 1538/39/1390
f 1538/39/1390 1539/305/1390 1541/307/1390
f 1541/307/1390 1543/310/1390 1545/314/1390
f 1545/314/1390 1547/317/1390 1549/319/1390
f 1549/319/1390 1551/323/1390 1553/328/1390
f 1553/328/1390 1555/329/1390 1557/331/1390
f 1557/331/1390 1559/333/1390 1561/336/1390
f 1561/336/1390 1563/340/1390 1565/342/1390
f 1565/342/1390 1567/344/1390 1538/39/1390
f 1538/39/1390 1541/307/1390 1545/314/1390
f 1545/314/1390 1549/319/1390 1553/328/1390
f 1553/328/1390 1557/331/1390 1561/336/1390
f 1561/336/1390 1565/342/1390 1538/39/1390
f 1538/39/1390 1545/314/1390 1553/328/1390
f 1153/303/1331 1569/377/1331 1600/346/1467
f 1184/142/1467 1600/346/1467 1599/347/1466
f 1183/141/1466 1599/347/1466 1598/348/1465
f 1182/140/1465 1598/348/1465 1597/349/1464
f 1181/139/1464 1597/349/1464 1596/350/1463
f 1180/138/1463 1596/350/1463 1595/351/1462
f 1179/137/1462 1595/351/1462 1594/352/1461
f 1178/136/1461 1594/352/1461 1593/353/1418
f 1176/134/1460 1177/135/1418 1593/353/1418
f 1175/133/1459 1176/134/1460 1592/354/1460
f 1174/132/1458 1175/133/1459 1591/355/1459
f 1173/131/1456 1174/132/1458 1590/356/1458
f 1172/130/1454 1173/131/1456 1589/357/1456
f 1171/129/1453 1172/130/1454 1588/358/1454
f 1170/128/1452 1171/129/1453 1587/359/1453
f 1169/127/1341 1170/128/1452 1586/360/1452
f 1168/126/1451 1169/127/1341 1585/361/1341
f 1167/125/1449 1168/126/1451 1584/362/1451
f 1166/124/1447 1167/125/1449 1583/363/1449
f 1165/123/1445 1166/124/1447 1582/364/1447
f 1164/122/1443 1165/123/1445 1581/365/1445
f 1163/121/1441 1164/122/1443 1580/366/1443
f 1162/120/1439 1163/121/1441 1579/367/1441
f 1161/119/1438 1162/120/1439 1578/368/1439
f 1161/119/1438 1577/391/1438 1576/369/1437
f 1160/118/1437 1576/369/1437 1575/370/1435
f 1159/117/1435 1575/370/1435 1574/371/1433
f 1158/116/1433 1574/371/1433 1573/372/1431
f 1157/115/1431 1573/372/1431 1572/373/1429
f 1156/114/1429 1572/373/1429 1571/374/1428
f 1155/113/1428 1571/374/1428 1570/375/1427
f 1154/112/1427 1570/375/1427 1569/376/1331
f 1569/377/1331 1601/17/1400 1632/11/1402
f 1600/346/1467 1632/11/1402 1631/7/1404
f 1599/347/1466 1631/7/1404 1630/6/1407
f 1598/348/1465 1630/6/1407 1629/378/1409
f 1597/349/1464 1629/378/1409 1628/379/1411
f 1596/350/1463 1628/379/1411 1627/380/1413
f 1595/351/1462 1627/380/1413 1626/381/1416
f 1594/352/1461 1626/381/1416 1625/382/1418
f 1592/354/1460 1593/353/1418 1625/382/1418
f 1591/355/1459 1592/354/1460 1624/383/1420
f 1590/356/1458 1591/355/1459 1623/384/1425
f 1589/357/1456 1590/356/1458 1622/385/1486
f 1588/358/1454 1589/357/1456 1621/386/1483
f 1587/359/1453 1588/358/1454 1620/387/1481
f 1586/360/1452 1587/359/1453 1619/388/1422
f 1585/361/1341 1586/360/1452 1618/389/1468
f 1584/362/1451 1585/361/1341 1617/390/1391
f 1583/363/1449 1584/362/1451 1616/40/1485
f 1582/364/1447 1583/363/1449 1615/37/1482
f 1581/365/1445 1582/364/1447 1614/34/1480
f 1580/366/1443 1581/365/1445 1613/31/1478
f 1579/367/1441 1580/366/1443 1612/30/1477
f 1578/368/1439 1579/367/1441 1611/27/1476
f 1577/391/1438 1578/368/1439 1610/25/1475
f 1577/391/1438 1609/23/1438 1608/20/1474
f 1576/369/1437 1608/20/1474 1607/18/1473
f 1575/370/1435 1607/18/1473 1606/14/1472
f 1574/371/1433 1606/14/1472 1605/8/1471
f 1573/372/1431 1605/8/1471 1604/2/1470
f 1572/373/1429 1604/2/1470 1603/3/1395
f 1571/374/1428 1603/3/1395 1602/392/1397
f 1570/375/1427 1602/392/1397 1601/393/1400
f 1666/392/1398 1633/395/1397 1634/394/1400
f 1667/3/1396 1636/396/1395 1633/395/1397
f 1668/2/1394 1637/397/1470 1636/396/1395
f 1669/8/1430 1638/398/1471 1637/397/1470
f 1670/14/1432 1639/399/1472 1638/398/1471
f 1671/18/1434 1640/400/1473 1639/399/1472
f 1672/20/1436 1641/401/1474 1640/400/1473
f 1673/23/1438 1642/489/1438 1641/401/1474
f 1673/23/1438 1674/25/1440 1643/402/1475
f 1674/25/1440 1675/27/1442 1644/403/1476
f 1675/27/1442 1676/30/1444 1645/404/1477
f 1676/30/1444 1677/31/1446 1646/405/1478
f 1677/31/1446 1678/34/1448 1647/406/1480
f 1678/34/1448 1679/37/1450 1648/407/1482
f 1679/37/1450 1680/40/1392 1649/408/1485
f 1680/40/1392 1681/390/1393 1650/409/1391
f 1681/390/1393 1682/389/1423 1651/410/1468
f 1682/389/1423 1683/388/1424 1652/411/1422
f 1683/388/1424 1684/387/1455 1653/412/1481
f 1684/387/1455 1685/386/1457 1654/413/1483
f 1685/386/1457 1686/385/1426 1655/414/1486
f 1686/385/1426 1687/384/1421 1656/415/1425
f 1687/384/1421 1688/383/1419 1657/416/1420
f 1688/383/1419 1689/382/1418 1658/417/1418
f 1690/381/1417 1659/418/1416 1658/417/1418
f 1691/380/1414 1660/419/1413 1659/418/1416
f 1692/379/1412 1661/420/1411 1660/419/1413
f 1693/378/1410 1662/421/1409 1661/420/1411
f 1694/6/1408 1663/422/1407 1662/421/1409
f 1695/7/1405 1664/423/1404 1663/422/1407
f 1696/11/1403 1665/424/1402 1664/423/1404
f 1635/17/1401 1634/492/1400 1665/424/1402
f 1694/6/1321 1693/378/1321 1629/378/1321
f 1603/3/1321 1667/3/1321 1666/392/1321
f 1693/378/1321 1692/379/1321 1628/379/1321
f 1602/392/1321 1666/392/1321 1635/393/1321
f 1692/379/1321 1691/380/1321 1627/380/1321
f 1691/380/1321 1690/381/1321 1626/381/1321
f 1690/381/1321 1689/382/1321 1625/382/1321
f 1625/382/1321 1689/382/1321 1688/383/1321
f 1624/383/1321 1688/383/1321 1687/384/1321
f 1623/384/1321 1687/384/1321 1686/385/1321
f 1622/385/1321 1686/385/1321 1685/386/1321
f 1621/386/1321 1685/386/1321 1684/387/1321
f 1620/387/1321 1684/387/1321 1683/388/1321
f 1619/388/1321 1683/388/1321 1682/389/1321
f 1618/389/1321 1682/389/1321 1681/390/1321
f 1681/390/1321 1680/40/1321 1616/40/1321
usemtl Material.002
f 510/4/197 768/5/198 767/4/199
f 502/9/205 758/10/206 501/10/207
f 492/12/210 750/13/211 749/12/212
f 484/15/215 740/16/216 483/16/217
f 509/19/222 767/4/199 766/19/223
f 501/10/207 757/21/226 500/21/227
f 491/22/228 749/12/212 748/22/229
f 483/16/217 737/24/231 481/24/232
f 508/26/235 766/19/223 765/26/236
f 500/21/227 756/28/239 499/28/240
f 490/29/241 748/22/229 747/29/242
f 507/32/247 765/26/236 764/32/248
f 481/24/232 738/33/249 482/33/250
f 499/28/240 755/35/253 498/35/254
f 489/36/255 747/29/242 746/36/256
f 256/38/259 514/39/260 194/39/261
f 506/41/264 764/32/248 763/41/265
f 223/42/266 239/43/266 255/44/266
f 331/235/529 329/172/527 328/233/526
f 196/304/711 482/33/712 194/39/713
f 198/305/714 481/24/715 196/304/711
f 200/306/716 483/16/717 198/305/714
f 202/307/718 484/15/719 200/306/716
f 204/308/720 485/309/721 202/307/718
f 206/310/722 486/311/723 204/308/720
f 208/312/724 487/313/725 206/310/722
f 210/314/726 488/315/727 208/312/724
f 210/314/726 490/29/728 489/36/726
f 212/316/729 491/22/730 490/29/728
f 214/317/731 492/12/732 491/22/730
f 216/318/733 493/13/734 492/12/732
f 218/319/735 494/320/736 493/13/734
f 220/321/737 495/322/738 494/320/736
f 222/323/739 496/324/740 495/322/738
f 224/325/741 497/326/742 496/324/740
f 228/327/743 497/326/742 226/328/744
f 230/329/745 498/35/746 228/327/743
f 232/330/747 499/28/748 230/329/745
f 234/331/749 500/21/750 232/330/747
f 236/332/751 501/10/752 234/331/749
f 238/333/753 502/9/754 236/332/751
f 240/334/755 503/335/756 238/333/753
f 242/336/757 504/337/758 240/334/755
f 242/336/757 506/41/759 505/338/760
f 244/339/761 507/32/762 506/41/759
f 246/340/763 508/26/764 507/32/762
f 248/341/765 509/19/766 508/26/764
f 250/342/767 510/4/768 509/19/766
f 252/343/769 511/5/770 510/4/768
f 254/344/771 512/345/772 511/5/770
f 256/38/773 482/33/712 512/345/772
f 534/332/774 567/333/775 535/333/775
f 232/330/776 531/329/777 532/330/778
f 204/308/779 519/310/780 206/310/781
f 234/331/782 532/330/778 533/331/783
f 206/310/781 520/312/784 208/312/785
f 236/332/786 533/331/783 534/332/787
f 208/312/785 521/314/788 210/314/789
f 238/333/790 534/332/787 535/333/791
f 212/316/792 521/314/788 522/316/793
f 240/334/794 535/333/791 536/334/795
f 214/317/796 522/316/793 523/317/797
f 242/336/798 536/334/795 537/336/798
f 216/318/799 523/317/797 524/318/800
f 242/336/798 538/339/801 244/339/802
f 218/319/803 524/318/800 525/319/804
f 244/339/802 539/340/805 246/340/806
f 220/321/807 525/319/804 526/321/808
f 246/340/806 540/341/809 248/341/810
f 222/323/811 526/321/808 527/323/812
f 194/39/261 513/304/813 196/304/814
f 248/341/810 541/342/815 250/342/816
f 224/325/817 527/323/812 528/325/818
f 196/304/814 515/305/819 198/305/820
f 250/342/816 542/343/821 252/343/822
f 226/328/823 528/325/818 529/328/824
f 198/305/820 516/306/825 200/306/826
f 252/343/822 543/344/827 254/344/828
f 228/327/829 529/328/824 530/327/830
f 200/306/826 517/307/831 202/307/832
f 254/344/828 544/38/833 256/38/259
f 230/329/834 530/327/830 531/329/777
f 202/307/832 518/308/835 204/308/779
f 522/316/839 553/314/840 554/316/839
f 535/333/775 568/334/841 536/334/841
f 523/317/842 554/316/839 555/317/843
f 536/334/841 569/336/844 537/336/844
f 524/318/845 555/317/843 556/318/846
f 538/339/847 569/336/844 570/339/847
f 525/319/848 556/318/846 557/319/849
f 539/340/850 570/339/847 571/340/850
f 526/321/851 557/319/849 558/321/852
f 540/341/853 571/340/850 572/341/854
f 527/323/855 558/321/852 559/323/856
f 514/39/857 545/304/858 513/304/858
f 541/342/859 572/341/854 573/342/860
f 528/325/861 559/323/856 560/325/861
f 513/304/858 547/305/862 515/305/863
f 542/343/864 573/342/860 574/343/865
f 529/328/866 560/325/861 561/328/866
f 515/305/863 548/306/867 516/306/868
f 543/344/869 574/343/865 575/344/869
f 529/328/866 562/327/870 530/327/871
f 516/306/868 549/307/872 517/307/873
f 544/38/874 575/344/869 576/38/875
f 530/327/871 563/329/876 531/329/876
f 517/307/873 550/308/877 518/308/878
f 514/39/857 576/38/875 546/39/857
f 531/329/876 564/330/879 532/330/880
f 518/308/878 551/310/881 519/310/882
f 532/330/880 565/331/883 533/331/884
f 519/310/882 552/312/885 520/312/885
f 533/331/884 566/332/886 534/332/774
f 520/312/885 553/314/840 521/314/840
f 612/306/951 645/307/952 613/307/953
f 639/344/1016 672/38/1017 640/38/1018
f 627/329/1019 658/327/1020 659/329/1021
f 613/307/953 646/308/1022 614/308/1023
f 640/38/1018 642/39/1024 610/39/1025
f 628/330/1026 659/329/1021 660/330/1027
f 614/308/1023 647/310/1028 615/310/1029
f 629/331/1030 660/330/1027 661/331/1031
f 615/310/1029 648/312/1032 616/312/1033
f 630/332/1034 661/331/1031 662/332/1035
f 616/312/1033 649/314/1036 617/314/1036
f 631/333/1037 662/332/1035 663/333/1038
f 618/316/1039 649/314/1036 650/316/1040
f 632/334/1041 663/333/1038 664/334/1042
f 619/317/1043 650/316/1040 651/317/1044
f 633/336/1045 664/334/1042 665/336/1045
f 620/318/1046 651/317/1044 652/318/1047
f 633/336/1045 666/339/1048 634/339/1049
f 621/319/1050 652/318/1047 653/319/1051
f 634/339/1049 667/340/1052 635/340/1053
f 622/321/1054 653/319/1051 654/321/1055
f 635/340/1053 668/341/1056 636/341/1057
f 623/323/1058 654/321/1055 655/323/1059
f 610/39/1025 641/304/1060 609/304/1061
f 636/341/1057 669/342/1062 637/342/1063
f 624/325/1064 655/323/1059 656/325/1065
f 609/304/1061 643/305/1066 611/305/1067
f 637/342/1063 670/343/1068 638/343/1069
f 625/328/1070 656/325/1065 657/328/1071
f 611/305/1067 644/306/1072 612/306/951
f 638/343/1069 671/344/1073 639/344/1016
f 626/327/1074 657/328/1071 658/327/1020
f 485/309/1203 741/15/1204 484/15/215
f 493/13/1207 751/320/1208 750/13/211
f 503/335/1211 759/9/1212 502/9/205
f 511/5/1216 769/345/1217 768/5/198
f 486/311/1218 742/309/1219 485/309/1203
f 494/320/1222 752/322/1223 751/320/1208
f 504/337/1226 760/335/1227 503/335/1211
f 512/345/1229 738/33/249 769/345/1217
f 487/313/1232 743/311/1233 486/311/1218
f 495/322/1234 753/324/1235 752/322/1223
f 505/338/1238 761/337/1239 504/337/1226
f 488/315/1244 744/313/1245 487/313/1232
f 496/324/1246 754/326/1247 753/324/1235
f 505/338/1238 763/41/265 762/338/1250
f 489/36/255 745/315/1255 488/315/1244
f 498/35/254 754/326/1247 497/326/1256
f 1406/4/1390 1664/5/1390 1407/5/1390
f 1654/10/1390 1398/9/1390 1397/10/1390
f 1388/12/1390 1646/13/1390 1389/13/1390
f 1636/16/1390 1380/15/1390 1379/16/1390
f 1405/19/1390 1663/4/1390 1406/4/1390
f 1653/21/1390 1397/10/1390 1396/21/1390
f 1387/22/1390 1645/12/1390 1388/12/1390
f 1633/24/1390 1379/16/1390 1377/24/1390
f 1404/26/1390 1662/19/1390 1405/19/1390
f 1652/28/1390 1396/21/1390 1395/28/1390
f 1386/29/1390 1644/22/1390 1387/22/1390
f 1403/32/1390 1661/26/1390 1404/26/1390
f 1634/33/1390 1377/24/1390 1378/33/1390
f 1651/35/1390 1395/28/1390 1394/35/1390
f 1385/36/1390 1643/29/1390 1386/29/1390
f 1410/39/1391 1152/38/1392 1090/39/1393
f 1402/41/1390 1660/32/1390 1403/32/1390
f 1123/50/1321 1107/92/1321 1091/106/1321
f 1225/172/1528 1227/235/1529 1224/233/1526
f 1378/33/1390 1092/304/1390 1090/39/1390
f 1377/24/1390 1094/305/1390 1092/304/1390
f 1379/16/1390 1096/306/1390 1094/305/1390
f 1380/15/1390 1098/307/1390 1096/306/1390
f 1381/309/1390 1100/308/1390 1098/307/1390
f 1382/311/1390 1102/310/1390 1100/308/1390
f 1383/313/1390 1104/312/1390 1102/310/1390
f 1384/315/1390 1106/314/1390 1104/312/1390
f 1106/314/1390 1386/29/1390 1108/316/1390
f 1108/316/1390 1387/22/1390 1110/317/1390
f 1110/317/1390 1388/12/1390 1112/318/1390
f 1112/318/1390 1389/13/1390 1114/319/1390
f 1114/319/1390 1390/320/1390 1116/321/1390
f 1116/321/1390 1391/322/1390 1118/323/1390
f 1118/323/1390 1392/324/1390 1120/325/1390
f 1120/325/1390 1393/326/1390 1122/328/1390
f 1393/326/1390 1124/327/1390 1122/328/1390
f 1394/35/1390 1126/329/1390 1124/327/1390
f 1395/28/1390 1128/330/1390 1126/329/1390
f 1396/21/1390 1130/331/1390 1128/330/1390
f 1397/10/1390 1132/332/1390 1130/331/1390
f 1398/9/1390 1134/333/1390 1132/332/1390
f 1399/335/1390 1136/334/1390 1134/333/1390
f 1400/337/1390 1138/336/1390 1136/334/1390
f 1138/336/1390 1402/41/1390 1140/339/1390
f 1140/339/1390 1403/32/1390 1142/340/1390
f 1142/340/1390 1404/26/1390 1144/341/1390
f 1144/341/1390 1405/19/1390 1146/342/1390
f 1146/342/1390 1406/4/1390 1148/343/1390
f 1148/343/1390 1407/5/1390 1150/344/1390
f 1150/344/1390 1408/345/1390 1152/38/1390
f 1152/38/1390 1378/33/1390 1090/39/1390
f 1463/333/1390 1430/332/1390 1431/333/1390
f 1128/330/1394 1427/329/1395 1126/329/1396
f 1415/310/1425 1100/308/1426 1102/310/1421
f 1130/331/1430 1428/330/1470 1128/330/1394
f 1416/312/1420 1102/310/1421 1104/312/1419
f 1132/332/1432 1429/331/1471 1130/331/1430
f 1417/314/1418 1104/312/1419 1106/314/1418
f 1134/333/1434 1430/332/1472 1132/332/1432
f 1108/316/1417 1417/314/1418 1106/314/1418
f 1136/334/1436 1431/333/1473 1134/333/1434
f 1110/317/1414 1418/316/1416 1108/316/1417
f 1138/336/1438 1432/334/1474 1136/334/1436
f 1112/318/1412 1419/317/1413 1110/317/1414
f 1434/339/1475 1138/336/1438 1140/339/1440
f 1114/319/1410 1420/318/1411 1112/318/1412
f 1435/340/1476 1140/339/1440 1142/340/1442
f 1116/321/1408 1421/319/1409 1114/319/1410
f 1436/341/1477 1142/340/1442 1144/341/1444
f 1118/323/1405 1422/321/1407 1116/321/1408
f 1409/304/1468 1090/39/1393 1092/304/1423
f 1437/342/1478 1144/341/1444 1146/342/1446
f 1120/325/1403 1423/323/1404 1118/323/1405
f 1411/305/1422 1092/304/1423 1094/305/1424
f 1438/343/1480 1146/342/1446 1148/343/1448
f 1122/328/1401 1424/325/1402 1120/325/1403
f 1412/306/1481 1094/305/1424 1096/306/1455
f 1439/344/1482 1148/343/1448 1150/344/1450
f 1124/327/1398 1425/328/1400 1122/328/1401
f 1413/307/1483 1096/306/1455 1098/307/1457
f 1440/38/1485 1150/344/1450 1152/38/1392
f 1126/329/1396 1426/327/1397 1124/327/1398
f 1414/308/1486 1098/307/1457 1100/308/1426
f 1418/316/1390 1449/314/1390 1417/314/1390
f 1464/334/1390 1431/333/1390 1432/334/1390
f 1419/317/1390 1450/316/1390 1418/316/1390
f 1465/336/1390 1432/334/1390 1433/336/1390
f 1420/318/1390 1451/317/1390 1419/317/1390
f 1434/339/1390 1465/336/1390 1433/336/1390
f 1421/319/1390 1452/318/1390 1420/318/1390
f 1435/340/1390 1466/339/1390 1434/339/1390
f 1422/321/1390 1453/319/1390 1421/319/1390
f 1436/341/1390 1467/340/1390 1435/340/1390
f 1423/323/1390 1454/321/1390 1422/321/1390
f 1441/304/1390 1410/39/1390 1409/304/1390
f 1437/342/1390 1468/341/1390 1436/341/1390
f 1424/325/1390 1455/323/1390 1423/323/1390
f 1443/305/1390 1409/304/1390 1411/305/1390
f 1438/343/1390 1469/342/1390 1437/342/1390
f 1425/328/1390 1456/325/1390 1424/325/1390
f 1444/306/1390 1411/305/1390 1412/306/1390
f 1439/344/1390 1470/343/1390 1438/343/1390
f 1458/327/1390 1425/328/1390 1426/327/1390
f 1445/307/1390 1412/306/1390 1413/307/1390
f 1440/38/1390 1471/344/1390 1439/344/1390
f 1459/329/1390 1426/327/1390 1427/329/1390
f 1446/308/1390 1413/307/1390 1414/308/1390
f 1410/39/1390 1472/38/1390 1440/38/1390
f 1460/330/1390 1427/329/1390 1428/330/1390
f 1447/310/1390 1414/308/1390 1415/310/1390
f 1461/331/1390 1428/330/1390 1429/331/1390
f 1448/312/1390 1415/310/1390 1416/312/1390
f 1462/332/1390 1429/331/1390 1430/332/1390
f 1449/314/1390 1416/312/1390 1417/314/1390
f 1541/307/1483 1508/306/1455 1509/307/1457
f 1568/38/1485 1535/344/1450 1536/38/1392
f 1523/329/1396 1554/327/1397 1522/327/1398
f 1542/308/1486 1509/307/1457 1510/308/1426
f 1538/39/1391 1536/38/1392 1506/39/1393
f 1524/330/1394 1555/329/1395 1523/329/1396
f 1543/310/1425 1510/308/1426 1511/310/1421
f 1525/331/1430 1556/330/1470 1524/330/1394
f 1544/312/1420 1511/310/1421 1512/312/1419
f 1526/332/1432 1557/331/1471 1525/331/1430
f 1545/314/1418 1512/312/1419 1513/314/1418
f 1527/333/1434 1558/332/1472 1526/332/1432
f 1514/316/1417 1545/314/1418 1513/314/1418
f 1528/334/1436 1559/333/1473 1527/333/1434
f 1515/317/1414 1546/316/1416 1514/316/1417
f 1529/336/1438 1560/334/1474 1528/334/1436
f 1516/318/1412 1547/317/1413 1515/317/1414
f 1562/339/1475 1529/336/1438 1530/339/1440
f 1517/319/1410 1548/318/1411 1516/318/1412
f 1563/340/1476 1530/339/1440 1531/340/1442
f 1518/321/1408 1549/319/1409 1517/319/1410
f 1564/341/1477 1531/340/1442 1532/341/1444
f 1519/323/1405 1550/321/1407 1518/321/1408
f 1537/304/1468 1506/39/1393 1505/304/1423
f 1565/342/1478 1532/341/1444 1533/342/1446
f 1520/325/1403 1551/323/1404 1519/323/1405
f 1539/305/1422 1505/304/1423 1507/305/1424
f 1566/343/1480 1533/342/1446 1534/343/1448
f 1521/328/1401 1552/325/1402 1520/325/1403
f 1540/306/1481 1507/305/1424 1508/306/1455
f 1567/344/1482 1534/343/1448 1535/344/1450
f 1522/327/1398 1553/328/1400 1521/328/1401
f 1637/15/1390 1381/309/1390 1380/15/1390
f 1389/13/1390 1647/320/1390 1390/320/1390
f 1655/9/1390 1399/335/1390 1398/9/1390
f 1407/5/1390 1665/345/1390 1408/345/1390
f 1638/309/1390 1382/311/1390 1381/309/1390
f 1390/320/1390 1648/322/1390 1391/322/1390
f 1656/335/1390 1400/337/1390 1399/335/1390
f 1408/345/1390 1634/33/1390 1378/33/1390
f 1639/311/1390 1383/313/1390 1382/311/1390
f 1391/322/1390 1649/324/1390 1392/324/1390
f 1657/337/1390 1401/338/1390 1400/337/1390
f 1640/313/1390 1384/315/1390 1383/313/1390
f 1392/324/1390 1650/326/1390 1393/326/1390
f 1401/338/1390 1659/41/1390 1402/41/1390
f 1641/315/1390 1385/36/1390 1384/315/1390
f 1650/326/1390 1394/35/1390 1393/326/1390
f 510/4/197 511/5/1216 768/5/198
f 502/9/205 759/9/1212 758/10/206
f 492/12/210 493/13/1207 750/13/211
f 484/15/215 741/15/1204 740/16/216
f 509/19/222 510/4/197 767/4/199
f 501/10/207 758/10/206 757/21/226
f 491/22/228 492/12/210 749/12/212
f 483/16/217 740/16/216 737/24/231
f 508/26/235 509/19/222 766/19/223
f 500/21/227 757/21/226 756/28/239
f 490/29/241 491/22/228 748/22/229
f 507/32/247 508/26/235 765/26/236
f 481/24/232 737/24/231 738/33/249
f 499/28/240 756/28/239 755/35/253
f 489/36/255 490/29/241 747/29/242
f 256/38/259 544/38/833 514/39/260
f 506/41/264 507/32/247 764/32/248
f 255/44/266 193/143/1779 195/106/1780
f 195/106/1780 197/107/1780 199/195/1779
f 199/195/1779 201/200/1779 203/111/1781
f 203/111/1781 205/105/1782 207/100/1783
f 207/100/1783 209/101/1784 211/92/1782
f 211/92/1782 213/85/1782 215/84/1783
f 215/84/1783 217/79/1785 219/71/1786
f 219/71/1786 221/64/1786 223/42/266
f 223/42/266 225/57/1785 227/50/1785
f 227/50/1785 229/46/266 231/45/266
f 231/45/266 233/148/1787 235/155/1787
f 235/155/1787 237/160/266 239/43/266
f 239/43/266 241/170/266 243/174/266
f 243/174/266 245/178/266 247/185/266
f 247/185/266 249/189/1787 251/194/266
f 251/194/266 253/199/266 255/44/266
f 255/44/266 195/106/1780 199/195/1779
f 199/195/1779 203/111/1781 207/100/1783
f 207/100/1783 211/92/1782 215/84/1783
f 215/84/1783 219/71/1786 223/42/266
f 223/42/266 227/50/1785 231/45/266
f 231/45/266 235/155/1787 239/43/266
f 239/43/266 243/174/266 247/185/266
f 247/185/266 251/194/266 255/44/266
f 255/44/266 199/195/1779 207/100/1783
f 207/100/1783 215/84/1783 223/42/266
f 223/42/266 231/45/266 239/43/266
f 239/43/266 247/185/266 255/44/266
f 255/44/266 207/100/1783 223/42/266
f 331/235/529 333/173/531 329/172/527
f 196/304/711 481/24/715 482/33/712
f 198/305/714 483/16/717 481/24/715
f 200/306/716 484/15/719 483/16/717
f 202/307/718 485/309/721 484/15/719
f 204/308/720 486/311/723 485/309/721
f 206/310/722 487/313/725 486/311/723
f 208/312/724 488/315/727 487/313/725
f 210/314/726 489/36/726 488/315/727
f 210/314/726 212/316/729 490/29/728
f 212/316/729 214/317/731 491/22/730
f 214/317/731 216/318/733 492/12/732
f 216/318/733 218/319/735 493/13/734
f 218/319/735 220/321/737 494/320/736
f 220/321/737 222/323/739 495/322/738
f 222/323/739 224/325/741 496/324/740
f 224/325/741 226/328/744 497/326/742
f 228/327/743 498/35/746 497/326/742
f 230/329/745 499/28/748 498/35/746
f 232/330/747 500/21/750 499/28/748
f 234/331/749 501/10/752 500/21/750
f 236/332/751 502/9/754 501/10/752
f 238/333/753 503/335/756 502/9/754
f 240/334/755 504/337/758 503/335/756
f 242/336/757 505/338/760 504/337/758
f 242/336/757 244/339/761 506/41/759
f 244/339/761 246/340/763 507/32/762
f 246/340/763 248/341/765 508/26/764
f 248/341/765 250/342/767 509/19/766
f 250/342/767 252/343/769 510/4/768
f 252/343/769 254/344/771 511/5/770
f 254/344/771 256/38/773 512/345/772
f 256/38/773 194/39/713 482/33/712
f 534/332/774 566/332/886 567/333/775
f 232/330/776 230/329/834 531/329/777
f 204/308/779 518/308/835 519/310/780
f 234/331/782 232/330/776 532/330/778
f 206/310/781 519/310/780 520/312/784
f 236/332/786 234/331/782 533/331/783
f 208/312/785 520/312/784 521/314/788
f 238/333/790 236/332/786 534/332/787
f 212/316/792 210/314/789 521/314/788
f 240/334/794 238/333/790 535/333/791
f 214/317/796 212/316/792 522/316/793
f 242/336/798 240/334/794 536/334/795
f 216/318/799 214/317/796 523/317/797
f 242/336/798 537/336/798 538/339/801
f 218/319/803 216/318/799 524/318/800
f 244/339/802 538/339/801 539/340/805
f 220/321/807 218/319/803 525/319/804
f 246/340/806 539/340/805 540/341/809
f 222/323/811 220/321/807 526/321/808
f 194/39/261 514/39/260 513/304/813
f 248/341/810 540/341/809 541/342/815
f 224/325/817 222/323/811 527/323/812
f 196/304/814 513/304/813 515/305/819
f 250/342/816 541/342/815 542/343/821
f 226/328/823 224/325/817 528/325/818
f 198/305/820 515/305/819 516/306/825
f 252/343/822 542/343/821 543/344/827
f 228/327/829 226/328/823 529/328/824
f 200/306/826 516/306/825 517/307/831
f 254/344/828 543/344/827 544/38/833
f 230/329/834 228/327/829 530/327/830
f 202/307/832 517/307/831 518/308/835
f 522/316/839 521/314/840 553/314/840
f 535/333/775 567/333/775 568/334/841
f 523/317/842 522/316/839 554/316/839
f 536/334/841 568/334/841 569/336/844
f 524/318/845 523/317/842 555/317/843
f 538/339/847 537/336/844 569/336/844
f 525/319/848 524/318/845 556/318/846
f 539/340/850 538/339/847 570/339/847
f 526/321/851 525/319/848 557/319/849
f 540/341/853 539/340/850 571/340/850
f 527/323/855 526/321/851 558/321/852
f 514/39/857 546/39/857 545/304/858
f 541/342/859 540/341/853 572/341/854
f 528/325/861 527/323/855 559/323/856
f 513/304/858 545/304/858 547/305/862
f 542/343/864 541/342/859 573/342/860
f 529/328/866 528/325/861 560/325/861
f 515/305/863 547/305/862 548/306/867
f 543/344/869 542/343/864 574/343/865
f 529/328/866 561/328/866 562/327/870
f 516/306/868 548/306/867 549/307/872
f 544/38/874 543/344/869 575/344/869
f 530/327/871 562/327/870 563/329/876
f 517/307/873 549/307/872 550/308/877
f 514/39/857 544/38/874 576/38/875
f 531/329/876 563/329/876 564/330/879
f 518/308/878 550/308/877 551/310/881
f 532/330/880 564/330/879 565/331/883
f 519/310/882 551/310/881 552/312/885
f 533/331/884 565/331/883 566/332/886
f 520/312/885 552/312/885 553/314/840
f 612/306/951 644/306/1072 645/307/952
f 639/344/1016 671/344/1073 672/38/1017
f 627/329/1019 626/327/1074 658/327/1020
f 613/307/953 645/307/952 646/308/1022
f 640/38/1018 672/38/1017 642/39/1024
f 628/330/1026 627/329/1019 659/329/1021
f 614/308/1023 646/308/1022 647/310/1028
f 629/331/1030 628/330/1026 660/330/1027
f 615/310/1029 647/310/1028 648/312/1032
f 630/332/1034 629/331/1030 661/331/1031
f 616/312/1033 648/312/1032 649/314/1036
f 631/333/1037 630/332/1034 662/332/1035
f 618/316/1039 617/314/1036 649/314/1036
f 632/334/1041 631/333/1037 663/333/1038
f 619/317/1043 618/316/1039 650/316/1040
f 633/336/1045 632/334/1041 664/334/1042
f 620/318/1046 619/317/1043 651/317/1044
f 633/336/1045 665/336/1045 666/339/1048
f 621/319/1050 620/318/1046 652/318/1047
f 634/339/1049 666/339/1048 667/340/1052
f 622/321/1054 621/319/1050 653/319/1051
f 635/340/1053 667/340/1052 668/341/1056
f 623/323/1058 622/321/1054 654/321/1055
f 610/39/1025 642/39/1024 641/304/1060
f 636/341/1057 668/341/1056 669/342/1062
f 624/325/1064 623/323/1058 655/323/1059
f 609/304/1061 641/304/1060 643/305/1066
f 637/342/1063 669/342/1062 670/343/1068
f 625/328/1070 624/325/1064 656/325/1065
f 611/305/1067 643/305/1066 644/306/1072
f 638/343/1069 670/343/1068 671/344/1073
f 626/327/1074 625/328/1070 657/328/1071
f 485/309/1203 742/309/1219 741/15/1204
f 493/13/1207 494/320/1222 751/320/1208
f 503/335/1211 760/335/1227 759/9/1212
f 511/5/1216 512/345/1229 769/345/1217
f 486/311/1218 743/311/1233 742/309/1219
f 494/320/1222 495/322/1234 752/322/1223
f 504/337/1226 761/337/1239 760/335/1227
f 512/345/1229 482/33/250 738/33/249
f 487/313/1232 744/313/1245 743/311/1233
f 495/322/1234 496/324/1246 753/324/1235
f 505/338/1238 762/338/1250 761/337/1239
f 488/315/1244 745/315/1255 744/313/1245
f 496/324/1246 497/326/1256 754/326/1247
f 505/338/1238 506/41/264 763/41/265
f 489/36/255 746/36/256 745/315/1255
f 498/35/254 755/35/253 754/326/1247
f 1406/4/1390 1663/4/1390 1664/5/1390
f 1654/10/1390 1655/9/1390 1398/9/1390
f 1388/12/1390 1645/12/1390 1646/13/1390
f 1636/16/1390 1637/15/1390 1380/15/1390
f 1405/19/1390 1662/19/1390 1663/4/1390
f 1653/21/1390 1654/10/1390 1397/10/1390
f 1387/22/1390 1644/22/1390 1645/12/1390
f 1633/24/1390 1636/16/1390 1379/16/1390
f 1404/26/1390 1661/26/1390 1662/19/1390
f 1652/28/1390 1653/21/1390 1396/21/1390
f 1386/29/1390 1643/29/1390 1644/22/1390
f 1403/32/1390 1660/32/1390 1661/26/1390
f 1634/33/1390 1633/24/1390 1377/24/1390
f 1651/35/1390 1652/28/1390 1395/28/1390
f 1385/36/1390 1642/36/1390 1643/29/1390
f 1410/39/1391 1440/38/1485 1152/38/1392
f 1402/41/1390 1659/41/1390 1660/32/1390
f 1091/106/1321 1089/143/1321 1151/44/1321
f 1151/44/1321 1149/199/1321 1147/194/1321
f 1147/194/1321 1145/189/1321 1143/185/1321
f 1143/185/1321 1141/178/1321 1139/174/1321
f 1139/174/1321 1137/170/1321 1135/43/1321
f 1135/43/1321 1133/160/1321 1131/155/1321
f 1131/155/1321 1129/148/1321 1127/45/1321
f 1127/45/1321 1125/46/1321 1123/50/1321
f 1123/50/1321 1121/57/1321 1119/42/1321
f 1119/42/1321 1117/64/1321 1115/71/1321
f 1115/71/1321 1113/79/1321 1111/84/1321
f 1111/84/1321 1109/85/1321 1107/92/1321
f 1107/92/1321 1105/101/1321 1103/100/1321
f 1103/100/1321 1101/105/1321 1099/111/1321
f 1099/111/1321 1097/200/1321 1095/195/1321
f 1095/195/1321 1093/107/1321 1091/106/1321
f 1091/106/1321 1151/44/1321 1147/194/1321
f 1147/194/1321 1143/185/1321 1139/174/1321
f 1139/174/1321 1135/43/1321 1131/155/1321
f 1131/155/1321 1127/45/1321 1123/50/1321
f 1123/50/1321 1119/42/1321 1115/71/1321
f 1115/71/1321 1111/84/1321 1107/92/1321
f 1107/92/1321 1103/100/1321 1099/111/1321
f 1099/111/1321 1095/195/1321 1091/106/1321
f 1091/106/1321 1147/194/1321 1139/174/1321
f 1139/174/1321 1131/155/1321 1123/50/1321
f 1123/50/1321 1115/71/1321 1107/92/1321
f 1107/92/1321 1099/111/1321 1091/106/1321
f 1091/106/1321 1139/174/1321 1123/50/1321
f 1225/172/1528 1229/173/1530 1227/235/1529
f 1378/33/1390 1377/24/1390 1092/304/1390
f 1377/24/1390 1379/16/1390 1094/305/1390
f 1379/16/1390 1380/15/1390 1096/306/1390
f 1380/15/1390 1381/309/1390 1098/307/1390
f 1381/309/1390 1382/311/1390 1100/308/1390
f 1382/311/1390 1383/313/1390 1102/310/1390
f 1383/313/1390 1384/315/1390 1104/312/1390
f 1384/315/1390 1385/36/1390 1106/314/1390
f 1106/314/1390 1385/36/1390 1386/29/1390
f 1108/316/1390 1386/29/1390 1387/22/1390
f 1110/317/1390 1387/22/1390 1388/12/1390
f 1112/318/1390 1388/12/1390 1389/13/1390
f 1114/319/1390 1389/13/1390 1390/320/1390
f 1116/321/1390 1390/320/1390 1391/322/1390
f 1118/323/1390 1391/322/1390 1392/324/1390
f 1120/325/1390 1392/324/1390 1393/326/1390
f 1393/326/1390 1394/35/1390 1124/327/1390
f 1394/35/1390 1395/28/1390 1126/329/1390
f 1395/28/1390 1396/21/1390 1128/330/1390
f 1396/21/1390 1397/10/1390 1130/331/1390
f 1397/10/1390 1398/9/1390 1132/332/1390
f 1398/9/1390 1399/335/1390 1134/333/1390
f 1399/335/1390 1400/337/1390 1136/334/1390
f 1400/337/1390 1401/338/1390 1138/336/1390
f 1138/336/1390 1401/338/1390 1402/41/1390
f 1140/339/1390 1402/41/1390 1403/32/1390
f 1142/340/1390 1403/32/1390 1404/26/1390
f 1144/341/1390 1404/26/1390 1405/19/1390
f 1146/342/1390 1405/19/1390 1406/4/1390
f 1148/343/1390 1406/4/1390 1407/5/1390
f 1150/344/1390 1407/5/1390 1408/345/1390
f 1152/38/1390 1408/345/1390 1378/33/1390
f 1463/333/1390 1462/332/1390 1430/332/1390
f 1128/330/1394 1428/330/1470 1427/329/1395
f 1415/310/1425 1414/308/1486 1100/308/1426
f 1130/331/1430 1429/331/1471 1428/330/1470
f 1416/312/1420 1415/310/1425 1102/310/1421
f 1132/332/1432 1430/332/1472 1429/331/1471
f 1417/314/1418 1416/312/1420 1104/312/1419
f 1134/333/1434 1431/333/1473 1430/332/1472
f 1108/316/1417 1418/316/1416 1417/314/1418
f 1136/334/1436 1432/334/1474 1431/333/1473
f 1110/317/1414 1419/317/1413 1418/316/1416
f 1138/336/1438 1433/336/1438 1432/334/1474
f 1112/318/1412 1420/318/1411 1419/317/1413
f 1434/339/1475 1433/336/1438 1138/336/1438
f 1114/319/1410 1421/319/1409 1420/318/1411
f 1435/340/1476 1434/339/1475 1140/339/1440
f 1116/321/1408 1422/321/1407 1421/319/1409
f 1436/341/1477 1435/340/1476 1142/340/1442
f 1118/323/1405 1423/323/1404 1422/321/1407
f 1409/304/1468 1410/39/1391 1090/39/1393
f 1437/342/1478 1436/341/1477 1144/341/1444
f 1120/325/1403 1424/325/1402 1423/323/1404
f 1411/305/1422 1409/304/1468 1092/304/1423
f 1438/343/1480 1437/342/1478 1146/342/1446
f 1122/328/1401 1425/328/1400 1424/325/1402
f 1412/306/1481 1411/305/1422 1094/305/1424
f 1439/344/1482 1438/343/1480 1148/343/1448
f 1124/327/1398 1426/327/1397 1425/328/1400
f 1413/307/1483 1412/306/1481 1096/306/1455
f 1440/38/1485 1439/344/1482 1150/344/1450
f 1126/329/1396 1427/329/1395 1426/327/1397
f 1414/308/1486 1413/307/1483 1098/307/1457
f 1418/316/1390 1450/316/1390 1449/314/1390
f 1464/334/1390 1463/333/1390 1431/333/1390
f 1419/317/1390 1451/317/1390 1450/316/1390
f 1465/336/1390 1464/334/1390 1432/334/1390
f 1420/318/1390 1452/318/1390 1451/317/1390
f 1434/339/1390 1466/339/1390 1465/336/1390
f 1421/319/1390 1453/319/1390 1452/318/1390
f 1435/340/1390 1467/340/1390 1466/339/1390
f 1422/321/1390 1454/321/1390 1453/319/1390
f 1436/341/1390 1468/341/1390 1467/340/1390
f 1423/323/1390 1455/323/1390 1454/321/1390
f 1441/304/1390 1442/39/1390 1410/39/1390
f 1437/342/1390 1469/342/1390 1468/341/1390
f 1424/325/1390 1456/325/1390 1455/323/1390
f 1443/305/1390 1441/304/1390 1409/304/1390
f 1438/343/1390 1470/343/1390 1469/342/1390
f 1425/328/1390 1457/328/1390 1456/325/1390
f 1444/306/1390 1443/305/1390 1411/305/1390
f 1439/344/1390 1471/344/1390 1470/343/1390
f 1458/327/1390 1457/328/1390 1425/328/1390
f 1445/307/1390 1444/306/1390 1412/306/1390
f 1440/38/1390 1472/38/1390 1471/344/1390
f 1459/329/1390 1458/327/1390 1426/327/1390
f 1446/308/1390 1445/307/1390 1413/307/1390
f 1410/39/1390 1442/39/1390 1472/38/1390
f 1460/330/1390 1459/329/1390 1427/329/1390
f 1447/310/1390 1446/308/1390 1414/308/1390
f 1461/331/1390 1460/330/1390 1428/330/1390
f 1448/312/1390 1447/310/1390 1415/310/1390
f 1462/332/1390 1461/331/1390 1429/331/1390
f 1449/314/1390 1448/312/1390 1416/312/1390
f 1541/307/1483 1540/306/1481 1508/306/1455
f 1568/38/1485 1567/344/1482 1535/344/1450
f 1523/329/1396 1555/329/1395 1554/327/1397
f 1542/308/1486 1541/307/1483 1509/307/1457
f 1538/39/1391 1568/38/1485 1536/38/1392
f 1524/330/1394 1556/330/1470 1555/329/1395
f 1543/310/1425 1542/308/1486 1510/308/1426
f 1525/331/1430 1557/331/1471 1556/330/1470
f 1544/312/1420 1543/310/1425 1511/310/1421
f 1526/332/1432 1558/332/1472 1557/331/1471
f 1545/314/1418 1544/312/1420 1512/312/1419
f 1527/333/1434 1559/333/1473 1558/332/1472
f 1514/316/1417 1546/316/1416 1545/314/1418
f 1528/334/1436 1560/334/1474 1559/333/1473
f 1515/317/1414 1547/317/1413 1546/316/1416
f 1529/336/1438 1561/336/1438 1560/334/1474
f 1516/318/1412 1548/318/1411 1547/317/1413
f 1562/339/1475 1561/336/1438 1529/336/1438
f 1517/319/1410 1549/319/1409 1548/318/1411
f 1563/340/1476 1562/339/1475 1530/339/1440
f 1518/321/1408 1550/321/1407 1549/319/1409
f 1564/341/1477 1563/340/1476 1531/340/1442
f 1519/323/1405 1551/323/1404 1550/321/1407
f 1537/304/1468 1538/39/1391 1506/39/1393
f 1565/342/1478 1564/341/1477 1532/341/1444
f 1520/325/1403 1552/325/1402 1551/323/1404
f 1539/305/1422 1537/304/1468 1505/304/1423
f 1566/343/1480 1565/342/1478 1533/342/1446
f 1521/328/1401 1553/328/1400 1552/325/1402
f 1540/306/1481 1539/305/1422 1507/305/1424
f 1567/344/1482 1566/343/1480 1534/343/1448
f 1522/327/1398 1554/327/1397 1553/328/1400
f 1637/15/1390 1638/309/1390 1381/309/1390
f 1389/13/1390 1646/13/1390 1647/320/1390
f 1655/9/1390 1656/335/1390 1399/335/1390
f 1407/5/1390 1664/5/1390 1665/345/1390
f 1638/309/1390 1639/311/1390 1382/311/1390
f 1390/320/1390 1647/320/1390 1648/322/1390
f 1656/335/1390 1657/337/1390 1400/337/1390
f 1408/345/1390 1665/345/1390 1634/33/1390
f 1639/311/1390 1640/313/1390 1383/313/1390
f 1391/322/1390 1648/322/1390 1649/324/1390
f 1657/337/1390 1658/338/1390 1401/338/1390
f 1640/313/1390 1641/315/1390 1384/315/1390
f 1392/324/1390 1649/324/1390 1650/326/1390
f 1401/338/1390 1658/338/1390 1659/41/1390
f 1641/315/1390 1642/36/1390 1385/36/1390
f 1650/326/1390 1651/35/1390 1394/35/1390
usemtl Coffe
f 834/425/1258 802/426/1259 801/427/1260
f 833/428/1261 803/429/1262 802/426/1259
f 835/430/1263 804/431/1264 803/429/1262
f 836/432/1265 805/433/1266 804/431/1264
f 837/434/1267 806/435/1268 805/433/1266
f 838/436/1269 807/437/1270 806/435/1268
f 839/438/1271 808/439/1272 807/437/1270
f 840/440/1273 809/441/1274 808/439/1272
f 809/441/1274 842/442/1275 810/443/1276
f 810/443/1276 843/444/1277 811/445/1278
f 811/445/1278 844/446/1279 812/447/1280
f 812/447/1280 845/448/1281 813/449/1282
f 813/449/1282 846/450/1283 814/451/1284
f 814/451/1284 847/452/1285 815/453/1286
f 815/453/1286 848/454/1287 816/455/1288
f 816/455/1288 849/456/1289 817/457/1290
f 817/457/1290 850/458/1291 818/459/1292
f 818/459/1292 851/460/1293 819/461/1294
f 819/461/1294 852/462/1295 820/463/1296
f 820/463/1296 853/464/1297 821/465/1298
f 821/465/1298 854/466/1299 822/467/1300
f 822/467/1300 855/468/1301 823/469/1302
f 823/469/1302 856/470/1303 824/471/1304
f 824/471/1304 857/472/1305 825/473/1306
f 857/472/1305 826/474/1307 825/473/1306
f 858/475/1308 827/476/1309 826/474/1307
f 859/477/1310 828/478/1311 827/476/1309
f 860/479/1312 829/480/1313 828/478/1311
f 861/481/1314 830/482/1315 829/480/1313
f 862/483/1316 831/484/1317 830/482/1315
f 863/485/1318 832/486/1319 831/484/1317
f 864/487/1320 801/488/1260 832/486/1319
f 1698/426/1684 1730/425/1685 1697/427/1686
f 1699/429/1687 1729/428/1688 1698/426/1684
f 1700/431/1689 1731/430/1690 1699/429/1687
f 1701/433/1691 1732/432/1692 1700/431/1689
f 1702/435/1693 1733/434/1694 1701/433/1691
f 1703/437/1695 1734/436/1696 1702/435/1693
f 1704/439/1697 1735/438/1698 1703/437/1695
f 1705/441/1699 1736/440/1700 1704/439/1697
f 1705/441/1699 1738/442/1701 1737/490/1702
f 1706/443/1703 1739/444/1704 1738/442/1701
f 1707/445/1705 1740/446/1706 1739/444/1704
f 1708/447/1707 1741/448/1708 1740/446/1706
f 1709/449/1709 1742/450/1710 1741/448/1708
f 1710/451/1711 1743/452/1712 1742/450/1710
f 1711/453/1713 1744/454/1714 1743/452/1712
f 1712/455/1715 1745/456/1716 1744/454/1714
f 1713/457/1717 1746/458/1718 1745/456/1716
f 1714/459/1719 1747/460/1720 1746/458/1718
f 1715/461/1721 1748/462/1722 1747/460/1720
f 1716/463/1723 1749/464/1724 1748/462/1722
f 1717/465/1725 1750/466/1726 1749/464/1724
f 1718/467/1727 1751/468/1728 1750/466/1726
f 1719/469/1729 1752/470/1730 1751/468/1728
f 1720/471/1731 1753/472/1732 1752/470/1730
f 1722/474/1733 1753/472/1732 1721/473/1734
f 1723/476/1735 1754/475/1736 1722/474/1733
f 1724/478/1737 1755/477/1738 1723/476/1735
f 1725/480/1739 1756/479/1740 1724/478/1737
f 1726/482/1741 1757/481/1742 1725/480/1739
f 1727/484/1743 1758/483/1744 1726/482/1741
f 1728/486/1745 1759/485/1746 1727/484/1743
f 1697/488/1686 1760/487/1747 1728/486/1745
f 802/426/1259 1697/427/1686 801/427/1260
f 834/425/1258 1729/428/1688 833/428/1261
f 803/429/1262 1698/426/1684 802/426/1259
f 833/428/1261 1731/430/1690 835/430/1263
f 804/431/1264 1699/429/1687 803/429/1262
f 835/430/1263 1732/432/1692 836/432/1265
f 805/433/1266 1700/431/1689 804/431/1264
f 836/432/1265 1733/434/1694 837/434/1267
f 806/435/1268 1701/433/1691 805/433/1266
f 837/434/1267 1734/436/1696 838/436/1269
f 807/437/1270 1702/435/1693 806/435/1268
f 838/436/1269 1735/438/1698 839/438/1271
f 808/439/1272 1703/437/1695 807/437/1270
f 839/438/1271 1736/440/1700 840/440/1273
f 809/441/1274 1704/439/1697 808/439/1272
f 840/440/1273 1737/490/1702 841/490/1748
f 809/441/1274 1706/443/1703 1705/441/1699
f 842/442/1275 1737/490/1702 1738/442/1701
f 810/443/1276 1707/445/1705 1706/443/1703
f 843/444/1277 1738/442/1701 1739/444/1704
f 811/445/1278 1708/447/1707 1707/445/1705
f 844/446/1279 1739/444/1704 1740/446/1706
f 812/447/1280 1709/449/1709 1708/447/1707
f 845/448/1281 1740/446/1706 1741/448/1708
f 813/449/1282 1710/451/1711 1709/449/1709
f 846/450/1283 1741/448/1708 1742/450/1710
f 814/451/1284 1711/453/1713 1710/451/1711
f 847/452/1285 1742/450/1710 1743/452/1712
f 815/453/1286 1712/455/1715 1711/453/1713
f 848/454/1287 1743/452/1712 1744/454/1714
f 816/455/1288 1713/457/1717 1712/455/1715
f 849/456/1289 1744/454/1714 1745/456/1716
f 817/457/1290 1714/459/1719 1713/457/1717
f 850/458/1291 1745/456/1716 1746/458/1718
f 818/459/1292 1715/461/1721 1714/459/1719
f 851/460/1293 1746/458/1718 1747/460/1720
f 819/461/1294 1716/463/1723 1715/461/1721
f 852/462/1295 1747/460/1720 1748/462/1722
f 820/463/1296 1717/465/1725 1716/463/1723
f 853/464/1297 1748/462/1722 1749/464/1724
f 821/465/1298 1718/467/1727 1717/465/1725
f 854/466/1299 1749/464/1724 1750/466/1726
f 822/467/1300 1719/469/1729 1718/467/1727
f 855/468/1301 1750/466/1726 1751/468/1728
f 823/469/1302 1720/471/1731 1719/469/1729
f 856/470/1303 1751/468/1728 1752/470/1730
f 824/471/1304 1721/473/1734 1720/471/1731
f 857/472/1305 1752/470/1730 1753/472/1732
f 826/474/1307 1721/473/1734 825/473/1306
f 857/472/1305 1754/475/1736 858/475/1308
f 827/476/1309 1722/474/1733 826/474/1307
f 858/475/1308 1755/477/1738 859/477/1310
f 828/478/1311 1723/476/1735 827/476/1309
f 859/477/1310 1756/479/1740 860/479/1312
f 829/480/1313 1724/478/1737 828/478/1311
f 860/479/1312 1757/481/1742 861/481/1314
f 830/482/1315 1725/480/1739 829/480/1313
f 861/481/1314 1758/483/1744 862/483/1316
f 831/484/1317 1726/482/1741 830/482/1315
f 862/483/1316 1759/485/1746 863/485/1318
f 832/486/1319 1727/484/1743 831/484/1317
f 863/485/1318 1760/487/1747 864/487/1320
f 801/488/1260 1728/486/1745 832/486/1319
f 864/487/1320 1730/491/1685 834/491/1258
f 834/425/1258 833/428/1261 802/426/1259
f 833/428/1261 835/430/1263 803/429/1262
f 835/430/1263 836/432/1265 804/431/1264
f 836/432/1265 837/434/1267 805/433/1266
f 837/434/1267 838/436/1269 806/435/1268
f 838/436/1269 839/438/1271 807/437/1270
f 839/438/1271 840/440/1273 808/439/1272
f 840/440/1273 841/490/1748 809/441/1274
f 809/441/1274 841/490/1748 842/442/1275
f 810/443/1276 842/442/1275 843/444/1277
f 811/445/1278 843/444/1277 844/446/1279
f 812/447/1280 844/446/1279 845/448/1281
f 813/449/1282 845/448/1281 846/450/1283
f 814/451/1284 846/450/1283 847/452/1285
f 815/453/1286 847/452/1285 848/454/1287
f 816/455/1288 848/454/1287 849/456/1289
f 817/457/1290 849/456/1289 850/458/1291
f 818/459/1292 850/458/1291 851/460/1293
f 819/461/1294 851/460/1293 852/462/1295
f 820/463/1296 852/462/1295 853/464/1297
f 821/465/1298 853/464/1297 854/466/1299
f 822/467/1300 854/466/1299 855/468/1301
f 823/469/1302 855/468/1301 856/470/1303
f 824/471/1304 856/470/1303 857/472/1305
f 857/472/1305 858/475/1308 826/474/1307
f 858/475/1308 859/477/1310 827/476/1309
f 859/477/1310 860/479/1312 828/478/1311
f 860/479/1312 861/481/1314 829/480/1313
f 861/481/1314 862/483/1316 830/482/1315
f 862/483/1316 863/485/1318 831/484/1317
f 863/485/1318 864/487/1320 832/486/1319
f 864/487/1320 834/491/1258 801/488/1260
f 1698/426/1684 1729/428/1688 1730/425/1685
f 1699/429/1687 1731/430/1690 1729/428/1688
f 1700/431/1689 1732/432/1692 1731/430/1690
f 1701/433/1691 1733/434/1694 1732/432/1692
f 1702/435/1693 1734/436/1696 1733/434/1694
f 1703/437/1695 1735/438/1698 1734/436/1696
f 1704/439/1697 1736/440/1700 1735/438/1698
f 1705/441/1699 1737/490/1702 1736/440/1700
f 1705/441/1699 1706/443/1703 1738/442/1701
f 1706/443/1703 1707/445/1705 1739/444/1704
f 1707/445/1705 1708/447/1707 1740/446/1706
f 1708/447/1707 1709/449/1709 1741/448/1708
f 1709/449/1709 1710/451/1711 1742/450/1710
f 1710/451/1711 1711/453/1713 1743/452/1712
f 1711/453/1713 1712/455/1715 1744/454/1714
f 1712/455/1715 1713/457/1717 1745/456/1716
f 1713/457/1717 1714/459/1719 1746/458/1718
f 1714/459/1719 1715/461/1721 1747/460/1720
f 1715/461/1721 1716/463/1723 1748/462/1722
f 1716/463/1723 1717/465/1725 1749/464/1724
f 1717/465/1725 1718/467/1727 1750/466/1726
f 1718/467/1727 1719/469/1729 1751/468/1728
f 1719/469/1729 1720/471/1731 1752/470/1730
f 1720/471/1731 1721/473/1734 1753/472/1732
f 1722/474/1733 1754/475/1736 1753/472/1732
f 1723/476/1735 1755/477/1738 1754/475/1736
f 1724/478/1737 1756/479/1740 1755/477/1738
f 1725/480/1739 1757/481/1742 1756/479/1740
f 1726/482/1741 1758/483/1744 1757/481/1742
f 1727/484/1743 1759/485/1746 1758/483/1744
f 1728/486/1745 1760/487/1747 1759/485/1746
f 1697/488/1686 1730/491/1685 1760/487/1747
f 802/426/1259 1698/426/1684 1697/427/1686
f 834/425/1258 1730/425/1685 1729/428/1688
f 803/429/1262 1699/429/1687 1698/426/1684
f 833/428/1261 1729/428/1688 1731/430/1690
f 804/431/1264 1700/431/1689 1699/429/1687
f 835/430/1263 1731/430/1690 1732/432/1692
f 805/433/1266 1701/433/1691 1700/431/1689
f 836/432/1265 1732/432/1692 1733/434/1694
f 806/435/1268 1702/435/1693 1701/433/1691
f 837/434/1267 1733/434/1694 1734/436/1696
f 807/437/1270 1703/437/1695 1702/435/1693
f 838/436/1269 1734/436/1696 1735/438/1698
f 808/439/1272 1704/439/1697 1703/437/1695
f 839/438/1271 1735/438/1698 1736/440/1700
f 809/441/1274 1705/441/1699 1704/439/1697
f 840/440/1273 1736/440/1700 1737/490/1702
f 809/441/1274 810/443/1276 1706/443/1703
f 842/442/1275 841/490/1748 1737/490/1702
f 810/443/1276 811/445/1278 1707/445/1705
f 843/444/1277 842/442/1275 1738/442/1701
f 811/445/1278 812/447/1280 1708/447/1707
f 844/446/1279 843/444/1277 1739/444/1704
f 812/447/1280 813/449/1282 1709/449/1709
f 845/448/1281 844/446/1279 1740/446/1706
f 813/449/1282 814/451/1284 1710/451/1711
f 846/450/1283 845/448/1281 1741/448/1708
f 814/451/1284 815/453/1286 1711/453/1713
f 847/452/1285 846/450/1283 1742/450/1710
f 815/453/1286 816/455/1288 1712/455/1715
f 848/454/1287 847/452/1285 1743/452/1712
f 816/455/1288 817/457/1290 1713/457/1717
f 849/456/1289 848/454/1287 1744/454/1714
f 817/457/1290 818/459/1292 1714/459/1719
f 850/458/1291 849/456/1289 1745/456/1716
f 818/459/1292 819/461/1294 1715/461/1721
f 851/460/1293 850/458/1291 1746/458/1718
f 819/461/1294 820/463/1296 1716/463/1723
f 852/462/1295 851/460/1293 1747/460/1720
f 820/463/1296 821/465/1298 1717/465/1725
f 853/464/1297 852/462/1295 1748/462/1722
f 821/465/1298 822/467/1300 1718/467/1727
f 854/466/1299 853/464/1297 1749/464/1724
f 822/467/1300 823/469/1302 1719/469/1729
f 855/468/1301 854/466/1299 1750/466/1726
f 823/469/1302 824/471/1304 1720/471/1731
f 856/470/1303 855/468/1301 1751/468/1728
f 824/471/1304 825/473/1306 1721/473/1734
f 857/472/1305 856/470/1303 1752/470/1730
f 826/474/1307 1722/474/1733 1721/473/1734
f 857/472/1305 1753/472/1732 1754/475/1736
f 827/476/1309 1723/476/1735 1722/474/1733
f 858/475/1308 1754/475/1736 1755/477/1738
f 828/478/1311 1724/478/1737 1723/476/1735
f 859/477/1310 1755/477/1738 1756/479/1740
f 829/480/1313 1725/480/1739 1724/478/1737
f 860/479/1312 1756/479/1740 1757/481/1742
f 830/482/1315 1726/482/1741 1725/480/1739
f 861/481/1314 1757/481/1742 1758/483/1744
f 831/484/1317 1727/484/1743 1726/482/1741
f 862/483/1316 1758/483/1744 1759/485/1746
f 832/486/1319 1728/486/1745 1727/484/1743
f 863/485/1318 1759/485/1746 1760/487/1747
f 801/488/1260 1697/488/1686 1728/486/1745
f 864/487/1320 1760/487/1747 1730/491/1685
usemtl Dirt
f 883/329/1321 875/317/1321 867/305/1321
f 1777/328/1390 1785/336/1390 1762/39/1390
f 865/304/1749 1762/39/1341 866/39/1341
f 865/304/1749 1763/305/1750 1761/304/1749
f 868/306/1751 1763/305/1750 867/305/1750
f 868/306/1751 1765/307/1752 1764/306/1751
f 869/307/1752 1766/308/1753 1765/307/1752
f 870/308/1753 1767/310/1754 1766/308/1753
f 871/310/1754 1768/312/1755 1767/310/1754
f 873/314/1756 1768/312/1755 872/312/1755
f 874/316/1757 1769/314/1756 873/314/1756
f 875/317/1758 1770/316/1757 874/316/1757
f 876/318/1759 1771/317/1758 875/317/1758
f 877/319/1760 1772/318/1759 876/318/1759
f 877/319/1760 1774/321/1761 1773/319/1760
f 879/323/1762 1774/321/1761 878/321/1761
f 880/325/1763 1775/323/1762 879/323/1762
f 880/325/1763 1777/328/1331 1776/325/1763
f 881/328/1331 1778/327/1764 1777/328/1331
f 882/327/1764 1779/329/1765 1778/327/1764
f 883/329/1765 1780/330/1766 1779/329/1765
f 884/330/1766 1781/331/1767 1780/330/1766
f 885/331/1767 1782/332/1768 1781/331/1767
f 886/332/1768 1783/333/1769 1782/332/1768
f 888/334/1770 1783/333/1769 887/333/1769
f 889/336/1771 1784/334/1770 888/334/1770
f 889/336/1771 1786/339/1772 1785/336/1771
f 891/340/1773 1786/339/1772 890/339/1772
f 892/341/1774 1787/340/1773 891/340/1773
f 892/341/1774 1789/342/1775 1788/341/1774
f 894/343/1776 1789/342/1775 893/342/1775
f 895/344/1777 1790/343/1776 894/343/1776
f 895/344/1777 1792/38/1778 1791/344/1777
f 866/39/1341 1792/38/1778 896/38/1778
f 867/305/1321 865/304/1321 866/39/1321
f 866/39/1321 896/38/1321 895/344/1321
f 895/344/1321 894/343/1321 893/342/1321
f 893/342/1321 892/341/1321 891/340/1321
f 891/340/1321 890/339/1321 889/336/1321
f 889/336/1321 888/334/1321 887/333/1321
f 887/333/1321 886/332/1321 885/331/1321
f 885/331/1321 884/330/1321 883/329/1321
f 883/329/1321 882/327/1321 881/328/1321
f 881/328/1321 880/325/1321 879/323/1321
f 879/323/1321 878/321/1321 877/319/1321
f 877/319/1321 876/318/1321 875/317/1321
f 875/317/1321 874/316/1321 873/314/1321
f 873/314/1321 872/312/1321 871/310/1321
f 871/310/1321 870/308/1321 869/307/1321
f 869/307/1321 868/306/1321 867/305/1321
f 867/305/1321 866/39/1321 895/344/1321
f 895/344/1321 893/342/1321 891/340/1321
f 891/340/1321 889/336/1321 887/333/1321
f 887/333/1321 885/331/1321 883/329/1321
f 883/329/1321 881/328/1321 879/323/1321
f 879/323/1321 877/319/1321 875/317/1321
f 875/317/1321 873/314/1321 871/310/1321
f 871/310/1321 869/307/1321 867/305/1321
f 867/305/1321 895/344/1321 891/340/1321
f 891/340/1321 887/333/1321 883/329/1321
f 883/329/1321 879/323/1321 875/317/1321
f 875/317/1321 871/310/1321 867/305/1321
f 867/305/1321 891/340/1321 883/329/1321
f 1762/39/1390 1761/304/1390 1763/305/1390
f 1763/305/1390 1764/306/1390 1765/307/1390
f 1765/307/1390 1766/308/1390 1767/310/1390
f 1767/310/1390 1768/312/1390 1769/314/1390
f 1769/314/1390 1770/316/1390 1771/317/1390
f 1771/317/1390 1772/318/1390 1773/319/1390
f 1773/319/1390 1774/321/1390 1775/323/1390
f 1775/323/1390 1776/325/1390 1777/328/1390
f 1777/328/1390 1778/327/1390 1779/329/1390
f 1779/329/1390 1780/330/1390 1781/331/1390
f 1781/331/1390 1782/332/1390 1783/333/1390
f 1783/333/1390 1784/334/1390 1785/336/1390
f 1785/336/1390 1786/339/1390 1787/340/1390
f 1787/340/1390 1788/341/1390 1789/342/1390
f 1789/342/1390 1790/343/1390 1791/344/1390
f 1791/344/1390 1792/38/1390 1762/39/1390
f 1762/39/1390 1763/305/1390 1765/307/1390
f 1765/307/1390 1767/310/1390 1769/314/1390
f 1769/314/1390 1771/317/1390 1773/319/1390
f 1773/319/1390 1775/323/1390 1777/328/1390
f 1777/328/1390 1779/329/1390 1781/331/1390
f 1781/331/1390 1783/333/1390 1785/336/1390
f 1785/336/1390 1787/340/1390 1789/342/1390
f 1789/342/1390 1791/344/1390 1762/39/1390
f 1762/39/1390 1765/307/1390 1769/314/1390
f 1769/314/1390 1773/319/1390 1777/328/1390
f 1777/328/1390 1781/331/1390 1785/336/1390
f 1785/336/1390 1789/342/1390 1762/39/1390
f 1762/39/1390 1769/314/1390 1777/328/1390
f 865/304/1749 1761/304/1749 1762/39/1341
f 865/304/1749 867/305/1750 1763/305/1750
f 868/306/1751 1764/306/1751 1763/305/1750
f 868/306/1751 869/307/1752 1765/307/1752
f 869/307/1752 870/308/1753 1766/308/1753
f 870/308/1753 871/310/1754 1767/310/1754
f 871/310/1754 872/312/1755 1768/312/1755
f 873/314/1756 1769/314/1756 1768/312/1755
f 874/316/1757 1770/316/1757 1769/314/1756
f 875/317/1758 1771/317/1758 1770/316/1757
f 876/318/1759 1772/318/1759 1771/317/1758
f 877/319/1760 1773/319/1760 1772/318/1759
f 877/319/1760 878/321/1761 1774/321/1761
f 879/323/1762 1775/323/1762 1774/321/1761
f 880/325/1763 1776/325/1763 1775/323/1762
f 880/325/1763 881/328/1331 1777/328/1331
f 881/328/1331 882/327/1764 1778/327/1764
f 882/327/1764 883/329/1765 1779/329/1765
f 883/329/1765 884/330/1766 1780/330/1766
f 884/330/1766 885/331/1767 1781/331/1767
f 885/331/1767 886/332/1768 1782/332/1768
f 886/332/1768 887/333/1769 1783/333/1769
f 888/334/1770 1784/334/1770 1783/333/1769
f 889/336/1771 1785/336/1771 1784/334/1770
f 889/336/1771 890/339/1772 1786/339/1772
f 891/340/1773 1787/340/1773 1786/339/1772
f 892/341/1774 1788/341/1774 1787/340/1773
f 892/341/1774 893/342/1775 1789/342/1775
f 894/343/1776 1790/343/1776 1789/342/1775
f 895/344/1777 1791/344/1777 1790/343/1776
f 895/344/1777 896/38/1778 1792/38/1778
f 866/39/1341 1762/39/1341 1792/38/1778
